Timestamp,Y Position,Event
0.45805883407592773,0.0,
0.5650811195373535,3.7006548416623763e-06,
0.5707955360412598,3.7006548416623763e-06,
0.6210641860961914,-1.066827983967067e-06,
0.6711807250976562,1.2719559241702871e-06,
0.72133469581604,7.091871912917602e-07,
0.771481990814209,2.768841658576382e-06,
0.8216254711151123,6.753036077250529e-06,
0.8717081546783447,3.0051328021585277e-06,
0.9219326972961426,3.722504025180373e-06,
0.9720180034637451,2.4265115634858336e-06,
1.022233247756958,9.497777041858613e-06,
1.072148084640503,3.3281736397938744e-06,
1.1225254535675049,7.3250095954519034e-06,
1.1727550029754639,6.351440628507565e-06,
1.2228717803955078,2.9485313284838277e-06,
1.2731449604034424,1.404715286285052e-05,
1.3231337070465088,6.165853333794935e-06,
1.3732731342315674,6.7338987702336706e-06,
1.4233131408691406,1.3255584647181573e-05,
1.4734899997711182,6.671764891372223e-06,
1.4736828804016113,6.671764891372223e-06,1
1.5236055850982666,1.1160819105085484e-05,
1.5735549926757812,7.999476378889314e-06,
1.6237170696258545,8.931823466923339e-06,
1.673720359802246,5.324179422838693e-06,
1.723792314529419,1.05684971393738e-05,
1.7739133834838867,1.2136000498347288e-05,
1.8240382671356201,9.456156405227012e-06,
1.8742525577545166,1.471612762631025e-05,
1.924448013305664,1.0912831534148904e-05,
1.9748389720916748,1.1995725872793184e-05,
2.024716377258301,1.306719483977481e-05,
2.0748863220214844,1.538650007379405e-05,
2.1252145767211914,1.0620045651735244e-05,
2.175302743911743,1.2402037052439141e-05,
2.2254698276519775,9.150013736400342e-06,
2.275609254837036,1.1006490345397135e-05,
2.325753927230835,1.0420547528811053e-05,
2.375847339630127,1.267832113358014e-05,
2.4260590076446533,7.369868143425329e-06,
2.4762051105499268,1.2901598991088559e-05,
2.476386070251465,1.2901598991088559e-05,1
2.526434898376465,1.3269082632064166e-05,
2.576510429382324,1.2184219552749398e-05,
2.626868963241577,9.037187389773771e-06,
2.6771886348724365,7.744065698825353e-06,
2.7270748615264893,3.898481098635331e-06,
2.7772037982940674,-5.760600853971232e-06,
2.8273510932922363,-1.9453179869316495e-05,
2.87744140625,-4.073027649804939e-05,
2.9275331497192383,-6.1322650954862e-05,
2.977632761001587,-8.221370500020864e-05,
3.0278866291046143,-0.00010877197889767876,
3.078014850616455,-0.00013042657170628247,
3.1283442974090576,-0.0001572920036328751,
3.178427219390869,-0.00017355670399574197,
3.2285921573638916,-0.00019578480711388013,
3.278676748275757,-0.0002202462949019296,
3.328882932662964,-0.00022759097966576491,
3.379006862640381,-0.00024019618942763832,
3.4292008876800537,-0.0002451744377141296,
3.479348659515381,-0.00023678963989487434,
3.4795804023742676,-0.00023678963989487434,1
3.5294992923736572,-0.0002467231150988791,
3.579657554626465,-0.0002405556101125056,
3.629826545715332,-0.0002424902917309013,
3.679877758026123,-0.00024358913555028172,
3.7300853729248047,-0.00024676793592343094,
3.780245065689087,-0.0002599361177062637,
3.8303349018096924,-0.0002765929893457225,
3.880549192428589,-0.00029697397186051466,
3.9307055473327637,-0.0003202015516160228,
3.9808247089385986,-0.00034445385778887616,
4.030962705612183,-0.0003675085835664754,
4.08133602142334,-0.0003968067039233636,
4.130929708480835,-0.00041200032673532894,
4.181569576263428,-0.00043902560405899294,
4.231668472290039,-0.0004584660839362792,
4.28176212310791,-0.00047651851432614634,
4.331766605377197,-0.000494917491986907,
4.382087707519531,-0.0005064917860067436,
4.432186603546143,-0.0005069936425391303,
4.4825310707092285,-0.0005122077235664435,
4.482729196548462,-0.0005122077235664435,1
4.532384395599365,-0.0005116226838367821,
4.582793235778809,-0.0005104017754109791,
4.6329333782196045,-0.0005105658675207958,
4.6827168464660645,-0.0005076038444305625,
4.733126878738403,-0.0005186663472245973,
4.783296346664429,-0.0005252163816999583,
4.833464860916138,-0.0005479875307715237,
4.883592128753662,-0.0005614602189123741,
4.93363356590271,-0.0005850527679781975,
4.983726501464844,-0.0006080605810532824,
5.033924341201782,-0.0006322589863669986,
5.0840606689453125,-0.0006616769439406617,
5.134294271469116,-0.0006841552140424562,
5.184398889541626,-0.0007072360446018638,
5.234612941741943,-0.000727936069836746,
5.284822702407837,-0.0007455340063730748,
5.334461212158203,-0.000760116821568152,
5.384936094284058,-0.0007739248535839904,
5.4350807666778564,-0.000781085091188044,
5.485185861587524,-0.0007778817868251409,
5.48536229133606,-0.0007778817868251409,1
5.535466194152832,-0.000778587067659417,
5.58552885055542,-0.0007751876689705423,
5.635650873184204,-0.0007773634143712904,
5.685797214508057,-0.0007750038515572377,
5.735917806625366,-0.0007842030872732553,
5.786046504974365,-0.0007975917301970142,
5.836238145828247,-0.0008008378085408024,
5.886324644088745,-0.0007860209915698246,
5.9365620613098145,-0.000802009798879677,
5.9867095947265625,-0.0007888879723885467,
6.036904573440552,-0.0007478723345189786,
6.086972236633301,-0.0007682245460996218,
6.137187242507935,-0.0007833756841969242,
6.18742561340332,-0.0007666133824565241,
6.237489938735962,-0.0007531402279630922,
6.28760552406311,-0.0007415908624652384,
6.337660551071167,-0.0007371572883975164,
6.387775182723999,-0.0007290806581365383,
6.438007831573486,-0.0007048050487563212,
6.488238334655762,-0.0006420743048149852,
6.488422393798828,-0.0006420743048149852,1
6.5383384227752686,-0.0006321488361940297,
6.588431358337402,-0.0006318251701600275,
6.638577938079834,-0.0006249214304652334,
6.688766002655029,-0.0006281609985752806,
6.738864183425903,-0.0006294009523148958,
6.788971424102783,-0.0006428357667161294,
6.83908748626709,-0.000662683101467082,
6.889269113540649,-0.0006707406715063674,
6.939428329467773,-0.000700786885321783,
6.9894585609436035,-0.0007220763285513826,
7.0396568775177,-0.0007459334292516523,
7.089756727218628,-0.0007696317844679834,
7.139564752578735,-0.0007994324331715152,
7.190162420272827,-0.00082001662087057,
7.24027943611145,-0.0008413071179292492,
7.290438652038574,-0.0008554986617473059,
7.340570449829102,-0.0008707301790941563,
7.390787363052368,-0.0008806833966331223,
7.441076993942261,-0.0008848319752972483,
7.491188287734985,-0.000886655909310502,
7.491352796554565,-0.000886655909310502,1
7.541280031204224,-0.0008902883723832938,
7.59139609336853,-0.0008848705134444773,
7.641542911529541,-0.0008860444267939083,
7.691782474517822,-0.0008798318296719676,
7.742006301879883,-0.0008597092249294502,
7.79229736328125,-0.0008339593465822859,
7.842461347579956,-0.0007947771337343534,
7.892600774765015,-0.0007705729856585658,
7.942725658416748,-0.0007544678855502945,
7.993095636367798,-0.0007384223825637332,
8.043036460876465,-0.0007309264251614406,
8.093202114105225,-0.0007163446383588179,
8.143380165100098,-0.0006983176504700844,
8.19350004196167,-0.0006694321762260175,
8.243674993515015,-0.000658668649991867,
8.293839931488037,-0.0006485998189754705,
8.343935012817383,-0.0006317934757742727,
8.394137620925903,-0.0006046644900450371,
8.444292783737183,-0.0005400335587366911,
8.494452476501465,-0.0005049661006136102,
8.494645118713379,-0.0005049661006136102,1
8.544447422027588,-0.0005069682638495637,
8.594724178314209,-0.0004973242524226734,
8.644858360290527,-0.0004997272764974969,
8.69503116607666,-0.0005017691459235918,
8.745148658752441,-0.0005307183364348933,
8.795287847518921,-0.0005650604704071777,
8.845388889312744,-0.0006285081629212874,
8.89546537399292,-0.0006422733330000568,
8.945560216903687,-0.0006880062576715973,
8.995672464370728,-0.0007346044513404926,
9.04589033126831,-0.0007845569657436019,
9.096071481704712,-0.0008268926520494241,
9.14616870880127,-0.0008640162880042546,
9.196385145187378,-0.0009043424888355855,
9.246522665023804,-0.0009394664306891787,
9.296708106994629,-0.0010023873649735726,
9.346840381622314,-0.0010183882604193895,
9.397023677825928,-0.0010500383124105034,
9.447175741195679,-0.0010912546419314523,
9.497261762619019,-0.0011222766613013802,
9.497425556182861,-0.0011222766613013802,1
9.547418117523193,-0.0011215778146706906,
9.597450256347656,-0.0011225279438124014,
9.647648811340332,-0.001126280175773528,
9.697808027267456,-0.0011160456684865816,
9.747896909713745,-0.001100648199952009,
9.798048257827759,-0.0010743537373512219,
9.848248720169067,-0.0010315752733481287,
9.898399114608765,-0.0010204940448991506,
9.948569059371948,-0.0010122429769498509,
9.998948812484741,-0.0009963061830542963,
10.049071311950684,-0.0009929661544121476,
10.0991370677948,-0.0009746113559540859,
10.149207353591919,-0.0009664130169699803,
10.199363231658936,-0.0009518775279287045,
10.249558448791504,-0.0009382003488909024,
10.299731731414795,-0.0009112727886852745,
10.34961748123169,-0.000889713893825847,
10.399856090545654,-0.0008665831077919739,
10.450024843215942,-0.0008448382707012536,
10.500175952911377,-0.0008120317958704021,
10.500398874282837,-0.0008120317958704021,1
10.55059266090393,-0.0007863752683414937,
10.600820541381836,-0.0007781230279940016,
10.650925874710083,-0.0007698239557667741,
10.70116400718689,-0.0007679506289257898,
10.751315116882324,-0.0007704275525674681,
10.80119514465332,-0.0007851279911771786,
10.851301193237305,-0.000803884041739325,
10.901390552520752,-0.0008191532442204386,
10.951703548431396,-0.0008404790906272885,
11.001739740371704,-0.0008584022303462918,
11.051990270614624,-0.0008835968014580253,
11.102136135101318,-0.0009053276305868024,
11.152261018753052,-0.0009299020900566529,
11.202470779418945,-0.0009490558757594691,
11.252619981765747,-0.0009675146700557913,
11.302773714065552,-0.0009864551380594222,
11.353028297424316,-0.000995942045964135,
11.403218984603882,-0.0010127128223580834,
11.453321933746338,-0.001016800363518533,
11.503444910049438,-0.0010181766023744654,
11.503665208816528,-0.0010181766023744654,1
11.553603410720825,-0.0010220194142507993,
11.603652000427246,-0.0010156145552820406,
11.653790950775146,-0.001016105384583757,
11.703948736190796,-0.0010169083397583156,
11.754175424575806,-0.0010180380232181208,
11.804085493087769,-0.00101398328191582,
11.854251384735107,-0.0009908642749786034,
11.904384851455688,-0.0010055013804033675,
11.954549074172974,-0.0010219391784969806,
12.004682779312134,-0.0010226351057778804,
12.05496072769165,-0.0010278845196718955,
12.10527229309082,-0.0010163197561307985,
12.155088663101196,-0.0010349339459931745,
12.205013275146484,-0.001046145210648608,
12.255082845687866,-0.0010420906165935495,
12.305278301239014,-0.0010323905365299396,
12.355419635772705,-0.001026056140884038,
12.405501365661621,-0.0010486086793832783,
12.455517768859863,-0.0010381274787251427,
12.50576376914978,-0.001008259981858925,
12.505940198898315,-0.001008259981858925,1
12.555882453918457,-0.0009835580297632152,
12.60607099533081,-0.0009819027735062796,
12.656232833862305,-0.0009740559341855776,
12.706395149230957,-0.000976145656639435,
12.756544589996338,-0.0009860888708250054,
12.806856155395508,-0.0009830247265627257,
12.85728907585144,-0.0010076644679631597,
12.9070725440979,-0.0010221404332897144,
12.957355737686157,-0.0010415063150282372,
13.007465362548828,-0.001065298326905037,
13.0575852394104,-0.0010834580162549373,
13.107737064361572,-0.00110787038455408,
13.15785527229309,-0.0011262117814274386,
13.207833051681519,-0.001150014415516043,
13.258020401000977,-0.001171501923925039,
13.308103322982788,-0.0011898902604423889,
13.358255863189697,-0.0012061571742152805,
13.408268451690674,-0.0012169682820321048,
13.460594892501831,-0.0012207493467241287,
13.508453607559204,-0.0012250310860816016,
13.50866436958313,-0.0012250310860816016,1
13.558735847473145,-0.0012253390863885688,
13.608675003051758,-0.001222953734422924,
13.6588876247406,-0.0012175488497212644,
13.708961486816406,-0.0012183760963722229,
13.759090900421143,-0.0012072064011682815,
13.809187889099121,-0.0011903744312047881,
13.85933256149292,-0.0011490616000857934,
13.909536838531494,-0.001131237087068332,
13.959567308425903,-0.0011412797848869838,
14.009743928909302,-0.0011078254314328961,
14.059781312942505,-0.0010787640197991444,
14.109796047210693,-0.0010726545980331292,
14.160077095031738,-0.001069934671498976,
14.210033416748047,-0.001045969849641823,
14.260302305221558,-0.0010290945133565182,
14.310309886932373,-0.0010094163720320432,
14.360546588897705,-0.000988886763231181,
14.410627841949463,-0.0009718685525249432,
14.460837364196777,-0.000955899411037131,
14.510911226272583,-0.0009228781732371488,
14.511106491088867,-0.0009228781732371488,1
14.561118841171265,-0.0008817481587726772,
14.611218214035034,-0.0008696835153652882,
14.661349534988403,-0.0008671772551493012,
14.711499214172363,-0.0008609204034508572,
14.761528253555298,-0.0008741635036025042,
14.811639308929443,-0.0008729789175541958,
14.86183786392212,-0.0008943761353658597,
14.91191840171814,-0.000904593853943314,
14.962133884429932,-0.0009285562753622856,
15.012153625488281,-0.0009476031464620005,
15.062452554702759,-0.0009691554441928901,
15.112863779067993,-0.0009930362890045452,
15.163079261779785,-0.001012938804411112,
15.213201999664307,-0.0010310982681799308,
15.263253688812256,-0.0010470820885625093,
15.313450574874878,-0.001070378902939012,
15.363659858703613,-0.0010851115052962212,
15.41380500793457,-0.0010938405649714572,
15.463936805725098,-0.001101221745550121,
15.514016151428223,-0.001105028204511485,
15.514185190200806,-0.001105028204511485,1
15.564125061035156,-0.001103109251074208,
15.614328145980835,-0.0011031224541311196,
15.664488792419434,-0.0011003372561526198,
15.714601755142212,-0.0011112367505640014,
15.764780282974243,-0.0011542847462637507,
15.814977407455444,-0.0011197884055128005,
15.86505913734436,-0.0011096592040142073,
15.91517972946167,-0.0011180030154013393,
15.965171337127686,-0.0011330762064196143,
16.0153648853302,-0.001157704959732872,
16.0654137134552,-0.0011560746851398407,
16.115617036819458,-0.0011585554377938623,
16.16571307182312,-0.001162331237032771,
16.215797662734985,-0.001170365881846283,
16.265955209732056,-0.0011748741149418263,
16.316277027130127,-0.001179422694122162,
16.366328954696655,-0.001193455184193934,
16.416511058807373,-0.0012053536703458684,
16.46688747406006,-0.0011856464575903947,
16.516977787017822,-0.0011888233772182344,
16.51717710494995,-0.0011888233772182344,1
16.56713557243347,-0.0011935532229128548,
16.617295265197754,-0.001186163226888956,
16.667426347732544,-0.0011840500054974556,
16.717530250549316,-0.0011833102895190684,
16.76758313179016,-0.0011886641516370838,
16.81792378425598,-0.0011977144516123472,
16.868003606796265,-0.001217438419200606,
16.918275594711304,-0.0012243420432599544,
16.96829104423523,-0.0012486476551322595,
17.01847529411316,-0.0012714630491300338,
17.068525314331055,-0.0012898489256036316,
17.11851739883423,-0.0013129385905110008,
17.16858220100403,-0.0013301781223957476,
17.218738555908203,-0.001348650088270037,
17.268757581710815,-0.001366315303300128,
17.319044589996338,-0.0013881076766374956,
17.36908268928528,-0.0013991270551090285,
17.419236183166504,-0.0014184957560752082,
17.469293355941772,-0.0014225495047103798,
17.519579648971558,-0.00142530799124585,
17.519753217697144,-0.00142530799124585,1
17.56980299949646,-0.0014288013132236072,
17.6198787689209,-0.0014265817977346523,
17.67041516304016,-0.0014241761909227352,
17.720248460769653,-0.0014194944380228475,
17.770312070846558,-0.0014018808321304421,
17.82060694694519,-0.001325136522820139,
17.870588541030884,-0.0013191543112876236,
17.92090654373169,-0.0013111496624381574,
17.970963954925537,-0.0013003568890932182,
18.02119755744934,-0.0012902884593284647,
18.07117509841919,-0.001265447035758191,
18.1212739944458,-0.0012475186644388125,
18.17147445678711,-0.0012368075161883763,
18.221534490585327,-0.0012324670927999215,
18.2719247341156,-0.001209898327566128,
18.322022438049316,-0.0011851043643033854,
18.372010707855225,-0.0011661346304009529,
18.42222261428833,-0.00114696435821586,
18.472416162490845,-0.001115062734265565,
18.52258038520813,-0.001096948539413542,
18.522775173187256,-0.001096948539413542,1
18.57280135154724,-0.0010756691451499628,
18.6229465007782,-0.001065589723929658,
18.67306160926819,-0.0010616968099892432,
18.723176956176758,-0.0010539289631540522,
18.773422718048096,-0.0010554711198657168,
18.82352304458618,-0.0010672990798512166,
18.87351942062378,-0.0010864203207625184,
18.92366600036621,-0.0011008516324337858,
18.9741427898407,-0.0011165773617760055,
19.024047374725342,-0.001132844456023685,
19.074183702468872,-0.0011534419739822749,
19.124144554138184,-0.0011727550583332108,
19.17421317100525,-0.0011957222364170628,
19.224588871002197,-0.0012118707014541763,
19.274166345596313,-0.0012272720707537654,
19.324516534805298,-0.0012460252658641063,
19.374646186828613,-0.0012641110621795099,
19.42492699623108,-0.001273707168530383,
19.47480297088623,-0.001283940783173898,
19.525068998336792,-0.0012868288258809785,
19.52526593208313,-0.0012868288258809785,1
19.575265407562256,-0.0012893814393359765,
19.625199556350708,-0.0012905054601931587,
19.675281524658203,-0.0012874179440025696,
19.725589275360107,-0.001282062957117136,
19.775662422180176,-0.0012775248534798167,
19.825814723968506,-0.0012210553603016067,
19.875829935073853,-0.001206863797583363,
19.926047801971436,-0.0011931781907971034,
19.976080894470215,-0.001177941087972964,
20.026301622390747,-0.001164108622620813,
20.076359510421753,-0.0011407351807757454,
20.126493215560913,-0.0011379265196298366,
20.176445484161377,-0.0011274949922909366,
20.226760149002075,-0.0010961122098216425,
20.276939153671265,-0.0010783913486932806,
20.327059268951416,-0.0010719348871744416,
20.377214193344116,-0.0010630063645592353,
20.427347660064697,-0.0010339843241732316,
20.477438926696777,-0.0009986032544820334,
20.52747654914856,-0.0009782057660319976,
20.527663230895996,-0.0009782057660319976,1
20.57755208015442,-0.0009612518310808671,
20.62767243385315,-0.0009538992549516928,
20.677839756011963,-0.0009541533721170586,
20.727944374084473,-0.0009546597693212144,
20.77813720703125,-0.0009747488987188191,
20.828125476837158,-0.000990496449019343,
20.878162622451782,-0.0010241609175297428,
20.928229331970215,-0.0010906862810734913,
20.978407382965088,-0.001111582526441987,
21.028451442718506,-0.0011469933998976972,
21.07863736152649,-0.0011835404149217743,
21.128834009170532,-0.0012099029455220345,
21.178688287734985,-0.001246206217300122,
21.228949785232544,-0.0013056261131052377,
21.27910304069519,-0.00133878724350453,
21.32926607131958,-0.001373869545607087,
21.37941074371338,-0.0014106084422435966,
21.429625272750854,-0.0014386341116281454,
21.47967290878296,-0.001473074249990547,
21.529844522476196,-0.0015015671584763246,
21.530075073242188,-0.0015015671584763246,1
21.579888820648193,-0.0015165378760133713,
21.6299409866333,-0.001521838660000524,
21.680017471313477,-0.0015246516673418226,
21.730079650878906,-0.0015244413964046744,
21.780115127563477,-0.0015099439733479436,
21.830461978912354,-0.0014463718068853243,
21.880513429641724,-0.0014320075052530329,
21.93045687675476,-0.0014294415453722231,
21.980618715286255,-0.0014166225742635874,
22.031195402145386,-0.001403356233218897,
22.081363677978516,-0.0013962036669414452,
22.13140058517456,-0.0013828800946144026,
22.181590795516968,-0.0013661557055029278,
22.231528520584106,-0.0013445021319249406,
22.281644582748413,-0.0013248073341894512,
22.331770420074463,-0.0013144022057475918,
22.38194227218628,-0.0012939216062455156,
22.432020902633667,-0.0012781885983716018,
22.48216485977173,-0.001255616890048425,
22.532256841659546,-0.0012154639680021784,
22.532450199127197,-0.0012154639680021784,1
22.582477569580078,-0.0011759823415467968,
22.632513999938965,-0.0011660630894872875,
22.682563066482544,-0.0011654330780207084,
22.732521533966064,-0.0011637941405370639,
22.782610654830933,-0.0011723509107922636,
22.83309054374695,-0.001178825326559177,
22.88321566581726,-0.0011952156403692293,
22.933180332183838,-0.0012036520753509194,
22.983373641967773,-0.001224660281099882,
23.033413887023926,-0.0012417693491460352,
23.08353281021118,-0.0012613327586869089,
23.133654594421387,-0.001273748692156823,
23.18378973007202,-0.0012962839477806964,
23.233972787857056,-0.0013098476082893662,
23.284037113189697,-0.001327066597598625,
23.334123134613037,-0.0013443069722459539,
23.384311199188232,-0.0013562653586326051,
23.434531927108765,-0.001368063357266372,
23.48456573486328,-0.0013799534894932824,
23.534648895263672,-0.0013871817982005624,
23.5348162651062,-0.0013871817982005624,1
23.58487296104431,-0.0013863595203260914,
23.634904861450195,-0.0013853943012615832,
23.685027360916138,-0.001387499241596965,
23.73498797416687,-0.0013807128027932547,
23.78516125679016,-0.0013786794022518783,
23.835315942764282,-0.0013724603772817257,
23.88543963432312,-0.0013315617619628628,
23.935583114624023,-0.001293385523830029,
23.9856379032135,-0.001303092786130347,
24.035794496536255,-0.0013084580104360949,
24.086031198501587,-0.0012978762321016468,
24.136130332946777,-0.0012687426769677906,
24.186248064041138,-0.0012424617577390107,
24.23632526397705,-0.0012470730932650775,
24.286499738693237,-0.0012357890145330286,
24.33659791946411,-0.0012154285438647355,
24.38664722442627,-0.001200686966502107,
24.436685800552368,-0.0011867031813936335,
24.48676300048828,-0.0011753982286906856,
24.536874294281006,-0.001149014456079081,
24.53706383705139,-0.001149014456079081,1
24.58696937561035,-0.0011091143659369973,
24.637087106704712,-0.0010891731821979223,
24.687323808670044,-0.0010896045052651016,
24.73743200302124,-0.0010844435432608435,
24.787611484527588,-0.0010976087985822142,
24.837682008743286,-0.0010969335619476772,
24.88753890991211,-0.0011149868960116383,
24.93807101249695,-0.001122342260871656,
24.988187313079834,-0.0011420523364119028,
25.038315296173096,-0.001156983401449388,
25.088483810424805,-0.001172755487976948,
25.138655424118042,-0.0011974331418300455,
25.18878722190857,-0.0012097675319765883,
25.23892617225647,-0.0012277160795666348,
25.289126873016357,-0.0012420495569084034,
25.338839292526245,-0.0012596968972924533,
25.389052867889404,-0.001273148651146569,
25.439367055892944,-0.001285020125621969,
25.489355087280273,-0.0012964084995990693,
25.539427042007446,-0.0013060210311907489,
25.539610147476196,-0.0013060210311907489,1
25.58953356742859,-0.0013062590583387962,
25.6396484375,-0.0013081473952033101,
25.689807891845703,-0.0013028576020485544,
25.739957332611084,-0.0013019971189495716,
25.79014825820923,-0.0012929751824993924,
25.840203046798706,-0.0012791650658034448,
25.890353202819824,-0.0012295857476764538,
25.94048500061035,-0.0012094162583043688,
25.99071741104126,-0.0012001762022551543,
26.040855646133423,-0.0011891619732861264,
26.090853452682495,-0.0011857830120726304,
26.14090323448181,-0.001170524528354297,
26.190980911254883,-0.001145824062458528,
26.24120831489563,-0.0011214641664525765,
26.291308403015137,-0.0011134044416958727,
26.341313362121582,-0.0011084036144233117,
26.39159846305847,-0.0010882434996678236,
26.441640377044678,-0.0010519305735348927,
26.49172067642212,-0.0010334287595079733,
26.542065858840942,-0.0010116329766764326,
26.54226016998291,-0.0010116329766764326,1
26.592339515686035,-0.0009782907414200293,
26.642581701278687,-0.0009603140642705232,
26.69247579574585,-0.0009596987575328508,
26.742629289627075,-0.0009545318060396046,
26.79279661178589,-0.0009520626934110404,
26.84289050102234,-0.0009706078625906084,
26.893084049224854,-0.0009829643360892704,
26.943217277526855,-0.0009919070884843173,
26.993335008621216,-0.001008039896301119,
27.043675899505615,-0.0010278459455306116,
27.093689680099487,-0.00104410530113197,
27.143667221069336,-0.001059211771217261,
27.193989276885986,-0.0010770903812907656,
27.24404811859131,-0.0010940520549095334,
27.294038772583008,-0.0011091408560085225,
27.34431552886963,-0.0011273506738137123,
27.39451241493225,-0.0011360227061743,
27.44467520713806,-0.0011506792266438443,
27.494750499725342,-0.0011599963788915674,
27.54512643814087,-0.0011669093874504544,
27.545297861099243,-0.0011669093874504544,1
27.59499502182007,-0.00116644704304604,
27.64508056640625,-0.0011733014210024012,
27.695053577423096,-0.0011675971586758427,
27.745266914367676,-0.001166423841817421,
27.795385360717773,-0.0011646164866220138,
27.845845937728882,-0.0011205250517324211,
27.895392894744873,-0.0010796210674406115,
27.94597029685974,-0.0010590768919535587,
27.996052742004395,-0.0010605825849882289,
28.046415090560913,-0.0010424099754515193,
28.0964937210083,-0.0010280358821324886,
28.14663863182068,-0.0010058730323969367,
28.19705843925476,-0.0010027009107284601,
28.24667477607727,-0.0009958014410590965,
28.296900510787964,-0.0009774722126602853,
28.347007751464844,-0.0009384962676372427,
28.397246599197388,-0.0009301768924009218,
28.44739317893982,-0.0009164117482480388,
28.497575044631958,-0.0008897035652341428,
28.547714471817017,-0.0008577399650851192,
28.547939777374268,-0.0008577399650851192,1
28.59789514541626,-0.0008280921729649504,
28.648030519485474,-0.0008069389457496801,
28.698243856430054,-0.000800005264874018,
28.748621702194214,-0.0007963339586005702,
28.79872441291809,-0.0008133236940476435,
28.848899602890015,-0.0008224392369146905,
28.89910912513733,-0.0008427182975857817,
28.94917368888855,-0.0008686470708264421,
28.99919366836548,-0.0009275098721562985,
29.049644947052002,-0.0009733266933311391,
29.09975504875183,-0.0009840199336788868,
29.15007734298706,-0.001013602691164947,
29.200220823287964,-0.0010523577225825531,
29.250510215759277,-0.0010779048717263207,
29.300163507461548,-0.001115957603008616,
29.350305795669556,-0.001137335083500432,
29.4003689289093,-0.0011703934708525432,
29.45052456855774,-0.0011911735294942716,
29.50077533721924,-0.0012251684866541046,
29.55089545249939,-0.0012502784276570839,
29.551088333129883,-0.0012502784276570839,1
29.600996494293213,-0.0012662962854125825,
29.651166915893555,-0.0012847834114320389,
29.70134139060974,-0.0012902602704744914,
29.751672983169556,-0.0012878288828926387,
29.801842212677002,-0.0012837616983965572,
29.85188341140747,-0.0012661355378595918,
29.90212655067444,-0.0012222804298350765,
29.952194213867188,-0.001206146697918145,
30.002334356307983,-0.001208586038315737,
30.05242919921875,-0.0011996711151503192,
30.102649927139282,-0.00118414417241694,
30.15278911590576,-0.0011637089050918342,
30.202597618103027,-0.0011607165933528035,
30.25301432609558,-0.0011523386900912508,
30.3032386302948,-0.0011422506081775058,
30.353358268737793,-0.0011303978670650222,
30.403475761413574,-0.001103855857771563,
30.453604221343994,-0.0010835464831499414,
30.50362801551819,-0.0010751751090809086,
30.55364751815796,-0.0010633831256357112,
30.55383038520813,-0.0010633831256357112,1
30.603787660598755,-0.0010369476094096025,
30.653921842575073,-0.0009879489599932956,
30.703941345214844,-0.0009721181021633968,
30.754261255264282,-0.0009688057526506394,
30.804312467575073,-0.0009732804798013306,
30.854464292526245,-0.0009812158637652613,
30.9046049118042,-0.0009947811731991218,
30.954749584197998,-0.0010053108850312242,
31.004913806915283,-0.001020307609596205,
31.055050134658813,-0.0010387277718899163,
31.105101346969604,-0.0010497591438041326,
31.155273914337158,-0.0010686117605977902,
31.2052104473114,-0.0010838885878347165,
31.255314111709595,-0.001099301056486035,
31.30549669265747,-0.0011116611929321563,
31.355655908584595,-0.0011250095330429533,
31.40581464767456,-0.0011372768961377122,
31.45596694946289,-0.0011472535003537176,
31.506197214126587,-0.0011651057638091544,
31.55636167526245,-0.0011719211346612607,
31.55655860900879,-0.0011719211346612607,2
31.60640788078308,-0.0011775910404723255,
31.656453371047974,-0.0011771023945177789,
31.706700563430786,-0.0011767180684666423,
31.756855726242065,-0.0011757732245635394,
31.806944370269775,-0.0011821524040800113,
31.85711097717285,-0.0011735688440594333,
31.90726923942566,-0.0011759124294755952,
31.957350969314575,-0.0011845809612743008,
32.00753355026245,-0.0011739355293667458,
32.05758619308472,-0.001174220116826885,
32.10774374008179,-0.0011745274839174563,
32.157893896102905,-0.001177501672411721,
32.2079291343689,-0.0011799893575816095,
32.25816488265991,-0.0011760441281464112,
32.30825400352478,-0.0011815814546408676,
32.358516454696655,-0.0011767061161249703,
32.40868067741394,-0.0011772836144465088,
32.458900690078735,-0.0011760257932623974,
32.50899910926819,-0.0011801475049311172,
32.55914115905762,-0.0011784601783469545,
32.55938172340393,-0.0011784601783469545,2
32.60926818847656,-0.001177857902407084,
32.659390449523926,-0.0011766932698470123,
32.70951294898987,-0.0011783790725039683,
32.75952696800232,-0.0011759150708663402,
32.8095645904541,-0.001179478597947578,
32.859758377075195,-0.0011659597060418858,
32.90983533859253,-0.0011561758961096402,
32.96003246307373,-0.001139596647946925,
33.01019358634949,-0.001130273254430464,
33.06035256385803,-0.001115917760703078,
33.110525131225586,-0.0011013761172820186,
33.1602840423584,-0.0010863079236954343,
33.210641622543335,-0.001065138328097931,
33.26077079772949,-0.0010531228690523337,
33.31079125404358,-0.0010402341998406867,
33.36118149757385,-0.0010242816759253731,
33.411041021347046,-0.0010071570348809261,
33.46118378639221,-0.0009963819255638662,
33.51133728027344,-0.0009844135159090411,
33.56145095825195,-0.000976717362200924,
33.56162786483765,-0.000976717362200924,2
33.61148262023926,-0.0009703475096867753,
33.66167116165161,-0.0009694807038901632,
33.711735248565674,-0.0009686473625039882,
33.76181674003601,-0.0009664640363444832,
33.81187701225281,-0.0009562254974324197,
33.862109661102295,-0.0009542666074744688,
33.91219449043274,-0.0009317484032835832,
33.962340116500854,-0.0009192493008936126,
34.0123565196991,-0.0009038282584761942,
34.06263256072998,-0.000890223831768247,
34.11275935173035,-0.0008755949730154672,
34.16243314743042,-0.0008626897384625409,
34.21297335624695,-0.0008469095203957749,
34.26304078102112,-0.0008346613213031095,
34.313161849975586,-0.0008158059584882915,
34.36342144012451,-0.0008007214672483554,
34.41327786445618,-0.000787236248128903,
34.46353054046631,-0.0007757660069021982,
34.51369118690491,-0.000767506143619312,
34.56377649307251,-0.0007538355462504975,
34.563960790634155,-0.0007538355462504975,2
34.61384892463684,-0.0007504306541227662,
34.66400623321533,-0.0007503840477621759,
34.714136838912964,-0.0007476097275185278,
34.76419186592102,-0.0007485290842345477,
34.81442737579346,-0.0007431390561833673,
34.864548683166504,-0.0007337823577131947,
34.91470432281494,-0.0007101760625565501,
34.96492409706116,-0.0007015574676920294,
35.015034675598145,-0.00069039716837202,
35.06523084640503,-0.0006729683231451317,
35.11532545089722,-0.0006551436977481062,
35.16552257537842,-0.0006376836420560333,
35.21564507484436,-0.0006246240063844943,
35.26572799682617,-0.000605118651882175,
35.31581401824951,-0.0005921721984831763,
35.36588168144226,-0.0005749871799575201,
35.41598606109619,-0.0005593307459351438,
35.46606087684631,-0.0005486334236817214,
35.51610445976257,-0.0005309061307289253,
35.56612467765808,-0.0005268421168117127,
35.56629037857056,-0.0005268421168117127,2
35.6162793636322,-0.0005183519742102405,
35.666481733322144,-0.0005242159285190201,
35.71654987335205,-0.000525289085778119,
35.76696515083313,-0.0005246932117430048,
35.81685519218445,-0.0005170949927841284,
35.86704468727112,-0.0005153363314469583,
35.9172089099884,-0.0005061034728234548,
35.967556953430176,-0.0005029169985325821,
36.017858266830444,-0.0004957354222585725,
36.06799602508545,-0.0004993570717073681,
36.11808395385742,-0.0005454055204625746,
36.16824293136597,-0.0005714766591616849,
36.21839499473572,-0.0005618454782604088,
36.26850891113281,-0.0005830960205325114,
36.31816530227661,-0.0006318915183494284,
36.368743896484375,-0.0006514148890402471,
36.41877269744873,-0.0006744497925405962,
36.468791484832764,-0.0007102848812346185,
36.51915955543518,-0.0007514265809285964,
36.569177865982056,-0.000769391219686999,
36.56940031051636,-0.000769391219686999,2
36.619553089141846,-0.0007926872961903225,
36.669342041015625,-0.0008558878332320108,
36.71946573257446,-0.0008800031413489923,
36.769567251205444,-0.0008696278949262004,
36.819515228271484,-0.0008755478035911979,
36.86948037147522,-0.0008609889580445396,
36.91960024833679,-0.0008455789936891445,
36.96991539001465,-0.0008309923401534219,
37.02007842063904,-0.0008179946172514191,
37.070212841033936,-0.0007993064936681199,
37.12019085884094,-0.0007843393293376633,
37.170339584350586,-0.0007657177481746325,
37.220866441726685,-0.0007503985681483055,
37.27091431617737,-0.0007293299095580408,
37.32115817070007,-0.0007141346714631958,
37.371055364608765,-0.0007036596310656118,
37.42128109931946,-0.0006894990688393332,
37.471311807632446,-0.0006759997291029551,
37.521350383758545,-0.0006663530119521976,
37.57155084609985,-0.0006566442465779088,
37.571725606918335,-0.0006566442465779088,2
37.62149620056152,-0.000654262366901262,
37.671531200408936,-0.000652792300079516,
37.72171497344971,-0.0006522828424259802,
37.77170133590698,-0.0006593870616783265,
37.82198429107666,-0.0006508764837700187,
37.87194633483887,-0.0006641996929411531,
37.922202825546265,-0.0007014274011176991,
37.972187519073486,-0.0007260935617576375,
38.02247619628906,-0.0007407176306228336,
38.07258415222168,-0.0007432099040004525,
38.12262034416199,-0.000747365263374794,
38.17268419265747,-0.0007551239193340359,
38.22274875640869,-0.0007717140352699048,
38.272913455963135,-0.0007947975328562173,
38.323302268981934,-0.0008042324440427351,
38.37304949760437,-0.0008096308005366981,
38.423131227493286,-0.0008222841158188332,
38.47330617904663,-0.000846963810492235,
38.5234158039093,-0.0008666112836047263,
38.573516607284546,-0.0008855643179930539,
38.5737144947052,-0.0008855643179930539,2
38.62363791465759,-0.0009058646607442017,
38.67369246482849,-0.0009097007444075628,
38.723814964294434,-0.000918025020728061,
38.773948431015015,-0.000919051357370082,
38.82407307624817,-0.0009130733089162263,
38.87426733970642,-0.000904186478219618,
38.924275636672974,-0.000888308362029383,
38.97435140609741,-0.0008756820235116536,
39.024434328079224,-0.0008616980910186867,
39.07462024688721,-0.0008396728468731268,
39.12468647956848,-0.0008261234513064902,
39.17473220825195,-0.0007996963332734391,
39.22480916976929,-0.0007849317431770642,
39.27504825592041,-0.0007691190115513835,
39.325199365615845,-0.0007543271561690629,
39.37492513656616,-0.0007369851732363791,
39.42569017410278,-0.0007235440456169334,
39.47570610046387,-0.0007117117580228011,
39.52578401565552,-0.0006972172856545555,
39.57572817802429,-0.0006955252847969245,
39.575923442840576,-0.0006955252847969245,2
39.62597131729126,-0.000691615143508309,
39.67603611946106,-0.0006914220289854639,
39.72608304023743,-0.0006915220308561371,
39.77633309364319,-0.0006926784759441612,
39.82648515701294,-0.0006958909848509415,
39.87659430503845,-0.0007233129414127432,
39.926748752593994,-0.0008125131769208399,
39.97711539268494,-0.0008156510838359804,
40.02654004096985,-0.0008127717986223804,
40.07715201377869,-0.0008255553360044104,
40.12730550765991,-0.0008307039669333965,
40.17737174034119,-0.0008657471964051561,
40.227128744125366,-0.0008747832120222926,
40.27744388580322,-0.0008824165087317759,
40.32740616798401,-0.000892366269287348,
40.37771964073181,-0.000916277082173414,
40.427998781204224,-0.0009502613129346305,
40.477739334106445,-0.0009658668181201507,
40.527785301208496,-0.0009722203819458181,
40.578204870224,-0.0009941446783455626,
40.57839059829712,-0.0009941446783455626,2
40.62827920913696,-0.0010254686512355254,
40.6783185005188,-0.001036366216232723,
40.72857928276062,-0.0010360147818231635,
40.778701305389404,-0.0010371493685311928,
40.82887363433838,-0.0010319628322308788,
40.878994941711426,-0.0010255244534883023,
40.929152488708496,-0.0009997499955479577,
40.97923231124878,-0.0009950054661523322,
41.02907848358154,-0.000976761200799453,
41.07924675941467,-0.0009604438353239403,
41.1294059753418,-0.0009381202548026657,
41.17965078353882,-0.0009263946911429594,
41.229615926742554,-0.0009028698590828471,
41.279659271240234,-0.0008830120515727069,
41.32981014251709,-0.0008669957481149126,
41.379971504211426,-0.0008513353136113955,
41.43019771575928,-0.0008389125515919221,
41.48031306266785,-0.0008247677291050026,
41.530404806137085,-0.0008155831773415528,
41.58063340187073,-0.0008161736237418254,
41.58084511756897,-0.0008161736237418254,2
41.63070750236511,-0.0008131234800122233,
41.68099570274353,-0.0008098808127203344,
41.730881690979004,-0.000815865026926807,
41.781111001968384,-0.0008159780195582805,
41.83128476142883,-0.0008149698839621661,
41.88128733634949,-0.0008630213794997565,
41.93152689933777,-0.0009333039785894282,
41.98165988922119,-0.0009472029552394096,
42.031763315200806,-0.000952080052731924,
42.081501960754395,-0.0009632707268111829,
42.131893157958984,-0.0009646170365622264,
42.18205142021179,-0.0009824967746956403,
42.23209071159363,-0.0010008749140410778,
42.28246474266052,-0.0010163719743362526,
42.33245897293091,-0.0010195006301067094,
42.382537603378296,-0.0010278459380284183,
42.432602405548096,-0.0010741399319545153,
42.48274111747742,-0.001094221555464403,
42.533118724823,-0.0010990830871720064,
42.58315563201904,-0.0011167859404742492,
42.58335208892822,-0.0011167859404742492,2
42.63329458236694,-0.0011435001184361276,
42.68348813056946,-0.0011776939695117977,
42.7335991859436,-0.0011997036473805206,
42.78372859954834,-0.0011956653320593924,
42.83383584022522,-0.001194833032141171,
42.883992433547974,-0.001179286695047188,
42.934203147888184,-0.0011545058260860191,
42.98441529273987,-0.0011335664482129415,
43.034011363983154,-0.0011021032163068822,
43.08428430557251,-0.0010635673432182469,
43.134620666503906,-0.0010350894959971213,
43.18476319313049,-0.0009929068645582045,
43.235018253326416,-0.0009592595940409454,
43.28470993041992,-0.0009302666417993627,
43.3345263004303,-0.0008965330028075646,
43.384912729263306,-0.0008616785934087295,
43.43537902832031,-0.0008240492315989695,
43.48520302772522,-0.0007928964514001408,
43.53541588783264,-0.000780303081022532,
43.58546686172485,-0.0007673590110287704,
43.58565354347229,-0.0007673590110287704,2
43.635520458221436,-0.0007595686510336042,
43.685542821884155,-0.0007583159945372675,
43.73587155342102,-0.0007607834743130343,
43.785913944244385,-0.0007571913333313529,
43.83599901199341,-0.0007611167750647407,
43.88630294799805,-0.0007735404038408111,
43.93642830848694,-0.0008071396745212428,
43.98650002479553,-0.0008385269552085156,
44.03681492805481,-0.0008396763836023974,
44.08675956726074,-0.0008410406446354018,
44.136850118637085,-0.0008534148945057995,
44.18687963485718,-0.0008706080892010581,
44.23707342147827,-0.0008721245995613469,
44.287386417388916,-0.0008846918308860474,
44.337322473526,-0.0009033205929633997,
44.38764309883118,-0.0009223393617696363,
44.43765163421631,-0.0009392094800729917,
44.487661600112915,-0.0009516913421743489,
44.53770351409912,-0.0009782998900938755,
44.58782172203064,-0.00100447534664809,
44.58803582191467,-0.00100447534664809,2
44.638020277023315,-0.0010147480812974369,
44.68804621696472,-0.0010249379775651019,
44.738120317459106,-0.0010299274877462045,
44.788310289382935,-0.0010299918173980183,
44.83823084831238,-0.0010218670553578252,
44.88832998275757,-0.0010151330741498682,
44.93847393989563,-0.0009915636594576838,
44.98867678642273,-0.0009791573630552192,
45.03875160217285,-0.000960791549340187,
45.089120626449585,-0.0009403541653530134,
45.138922452926636,-0.0009166563009940093,
45.18900442123413,-0.0008980971129755877,
45.239094257354736,-0.0008785444002609583,
45.28925061225891,-0.0008583391479899671,
45.33889174461365,-0.0008467377344120453,
45.38926911354065,-0.0008228284981756512,
45.439558029174805,-0.0008088484819756686,
45.48962664604187,-0.0007953624381516755,
45.53973150253296,-0.0007907894355787953,
45.58996629714966,-0.0007865798295200038,
45.59014058113098,-0.0007865798295200038,2
45.64005374908447,-0.0007907180094184202,
45.68983054161072,-0.000788086063373522,
45.740352153778076,-0.0007933939516344551,
45.79027199745178,-0.0007899944411074444,
45.84035062789917,-0.0007903728701141172,
45.890623807907104,-0.0008264345096093695,
45.94078350067139,-0.0009095859891057045,
45.990877628326416,-0.0009000677568013066,
46.04091954231262,-0.0008987482226454485,
46.09098935127258,-0.0009242797919747081,
46.14096188545227,-0.0009500373806030221,
46.19126868247986,-0.0009529221277798372,
46.24135375022888,-0.0009513207987032618,
46.29154896736145,-0.0009719541987139035,
46.3415093421936,-0.0009951988560939068,
46.39170265197754,-0.0010253922545575556,
46.44196343421936,-0.001028908607862325,
46.492013692855835,-0.0010512271932362205,
46.542216777801514,-0.0010952672106696176,
46.5923376083374,-0.00112619003149729,
46.59253239631653,-0.00112619003149729,2
46.64236354827881,-0.00114321059921281,
46.69264888763428,-0.0011473615850866314,
46.742778062820435,-0.0011456532643849132,
46.79312014579773,-0.0011465091605345062,
46.84281253814697,-0.0010675625846607306,
46.89324331283569,-0.0010544428229700836,
46.94326066970825,-0.0010341689875140725,
46.993375062942505,-0.0010100530922987488,
47.0436577796936,-0.000976956595099318,
47.09329390525818,-0.0009427201939716245,
47.14364552497864,-0.0009045242247436441,
47.193809032440186,-0.0008619466682536769,
47.24388909339905,-0.0008266819466610648,
47.293960094451904,-0.0007864943731688279,
47.34407377243042,-0.0007528034921733123,
47.39423704147339,-0.0007233587975293831,
47.44431662559509,-0.0006996859124307753,
47.49451398849487,-0.0006661558322001021,
47.5446937084198,-0.0006386995954329872,
47.5947470664978,-0.000613120673211176,
47.59492230415344,-0.000613120673211176,2
47.64486598968506,-0.0006037554518289467,
47.69489049911499,-0.0006001565739703757,
47.74506449699402,-0.0006027793648749336,
47.7952082157135,-0.0005983571125391801,
47.845335245132446,-0.0006031433464969843,
47.895416498184204,-0.000652060025487261,
47.94508194923401,-0.000717953985678671,
47.995126724243164,-0.0007128483250823242,
48.04543471336365,-0.0007108747881339195,
48.09575128555298,-0.0007343728119554721,
48.1458375453949,-0.000751461053621616,
48.19599914550781,-0.0007730517138726245,
48.24606108665466,-0.0007816937866822332,
48.29579186439514,-0.0008008865329655751,
48.3461856842041,-0.0008099549376155424,
48.3963565826416,-0.0008321803488064439,
48.44647240638733,-0.0008375373351134086,
48.496575117111206,-0.0008673142184184857,
48.54668736457825,-0.0009065156587605705,
48.596346855163574,-0.0009260008533425873,
48.59639573097229,-0.0009260008533425873,2
48.64665389060974,-0.0009406787752374857,
48.696592569351196,-0.000952599163744211,
48.74664258956909,-0.0009503350366753538,
48.79672360420227,-0.0009547086975493502,
48.84678316116333,-0.0009412900444799865,
48.89685297012329,-0.0009301312524628569,
48.946919202804565,-0.0009153043990412502,
48.99696898460388,-0.0009016799058950281,
49.04706931114197,-0.0008835233292338596,
49.0971839427948,-0.0008627927807133978,
49.14720177650452,-0.0008393770789661553,
49.19725227355957,-0.0008194464318454497,
49.24733257293701,-0.0007974270780504167,
49.29740285873413,-0.0007760664532061867,
49.34747123718262,-0.0007570734530054496,
49.39743161201477,-0.0007390607326616533,
49.44747805595398,-0.0007271369277326439,
49.49755620956421,-0.0007118754970885238,
49.54760813713074,-0.0007071240684736746,
49.597676277160645,-0.0007055801234312903,
49.597724199295044,-0.0007055801234312903,2
49.64774751663208,-0.0007067807784051638,
49.69779706001282,-0.0007051526008215597,
49.74791145324707,-0.0007073257698980984,
49.79805135726929,-0.0007096355187488496,
49.848060131073,-0.0007115717666940358,
49.898648500442505,-0.0007839422903236359,
49.9488091468811,-0.0008309349617525719,
49.998926877975464,-0.000818249096855489,
50.049044132232666,-0.000828299106617178,
50.099278926849365,-0.0008590876298414651,
50.149064779281616,-0.0008617935608793009,
50.199172258377075,-0.0008706856073372182,
50.24921154975891,-0.0008758423562248985,
50.29926586151123,-0.0009015319541384736,
50.34931302070618,-0.0009207175667048512,
50.399529218673706,-0.0009434824866066394,
50.44967436790466,-0.0009644272736816228,
50.49975919723511,-0.000988968368676707,
50.549781799316406,-0.0010083232217264898,
50.599923610687256,-0.001043689553150151,
50.60009288787842,-0.001043689553150151,2
50.65009617805481,-0.0010610201981275796,
50.700263261795044,-0.0010640747336238543,
50.750287771224976,-0.0010702719982131764,
50.800313234329224,-0.0010623736643899928,
50.85052847862244,-0.001040957679702359,
50.90059208869934,-0.0010204592348246194,
50.95071721076965,-0.000967742429997337,
51.00097703933716,-0.0008998259998818786,
51.05116057395935,-0.0008758057313498491,
51.101232051849365,-0.0008388260804107067,
51.15153646469116,-0.000794086178055084,
51.201661109924316,-0.0007509292375864202,
51.25181555747986,-0.0007090423705042037,
51.302088260650635,-0.0006643721715888229,
51.35202193260193,-0.0006059582416445553,
51.40214276313782,-0.0005827609059788075,
51.45220756530762,-0.000550824062350394,
51.50234580039978,-0.0004944973398129521,
51.55244445800781,-0.00047646930621650374,
51.60250663757324,-0.00046228021912457506,
51.60272264480591,-0.00046228021912457506,2
51.65280055999756,-0.0004558897922375127,
51.70253872871399,-0.00045076163568259775,
51.752676248550415,-0.00044756976593356146,
51.80289340019226,-0.0004512363415897641,
51.853161096572876,-0.00047323788418686397,
51.903125047683716,-0.00054149241400471,
51.9532253742218,-0.0005567325204452467,
52.00338435173035,-0.0005660049623669033,
52.053438663482666,-0.0005840923758850675,
52.10356569290161,-0.0006001325347787106,
52.153746366500854,-0.0006127259743975988,
52.20388579368591,-0.0006218832008722391,
52.2538788318634,-0.0006293849779116234,
52.30396342277527,-0.0006399889723194968,
52.35416340827942,-0.0006692348458519626,
52.40430974960327,-0.0006811317269106443,
52.45438051223755,-0.0007062876806327723,
52.504496812820435,-0.0007461658662423487,
52.554744243621826,-0.0007662347351915788,
52.60482311248779,-0.0007964888545820142,
52.60505700111389,-0.0007964888545820142,2
52.65494084358215,-0.0008152685971398038,
52.7051784992218,-0.0008307820908237534,
52.75496196746826,-0.0008366770952840108,
52.80508780479431,-0.0008389597890892386,
52.85521721839905,-0.0008320961328301679,
52.90521478652954,-0.000818342804328992,
52.955267667770386,-0.0008024604963815379,
53.00550699234009,-0.00078857961555856,
53.05549478530884,-0.0007710840072498726,
53.105792760849,-0.000746478605722023,
53.15590524673462,-0.000723077423262275,
53.20599675178528,-0.0007020269089778042,
53.256004333496094,-0.0006779719384157751,
53.30643606185913,-0.0006563922754598273,
53.356345653533936,-0.0006361901071125498,
53.406413078308105,-0.0006175144790457054,
53.45647430419922,-0.0005988359315622499,
53.506587266922,-0.0005936246511553528,
53.55669617652893,-0.0005882157898146889,
53.60675024986267,-0.0005908325806974896,
53.60696220397949,-0.0005908325806974896,2
53.6569983959198,-0.0005867093966975545,
53.70691227912903,-0.0005873534554247661,
53.75706648826599,-0.0005891462302120287,
53.80727219581604,-0.0005767468493777933,
53.857309341430664,-0.000564549485761956,
53.90747570991516,-0.0005815185509254334,
53.95756125450134,-0.0005866409194315997,
54.00770139694214,-0.0005963554542010169,
54.05781888961792,-0.0005973814928610793,
54.107890605926514,-0.0005957246884733813,
54.158118724823,-0.0005813183501903185,
54.20818543434143,-0.0005438016792797679,
54.25834274291992,-0.0005609973828900883,
54.308512687683105,-0.000558616552366456,
54.358834981918335,-0.0005596714885095777,
54.409135580062866,-0.0005584275859907839,
54.458966970443726,-0.0005578016138983316,
54.509159326553345,-0.0005655626192567625,
54.55929780006409,-0.0005733865456149789,
54.60939908027649,-0.0005749897597436826,
54.60957670211792,-0.0005749897597436826,2
54.65957760810852,-0.0005900496229510471,
54.70972537994385,-0.0005994909320454211,
54.7597713470459,-0.0006057378283063353,
54.80998468399048,-0.0006058482874601867,
54.85998582839966,-0.0006013300135873922,
54.910024881362915,-0.0005905484505240866,
54.96021246910095,-0.0005709543184505561,
55.010199308395386,-0.0005556728255492333,
55.06038284301758,-0.0005326067041635796,
55.11055064201355,-0.0005084073565589514,
55.16066265106201,-0.00048725636997448696,
55.21080923080444,-0.000464419123971091,
55.260984659194946,-0.0004389808879805557,
55.311073541641235,-0.0004186254028961667,
55.36128807067871,-0.0003979424924081265,
55.411513566970825,-0.0003831161626568075,
55.46197175979614,-0.000371234476788343,
55.51193284988403,-0.0003600051217906852,
55.561872243881226,-0.00035269604873049143,
55.61205220222473,-0.000358802038079295,
55.61222457885742,-0.000358802038079295,2
55.66227173805237,-0.0003502871154319326,
55.71232008934021,-0.00035714502349894206,
55.76248335838318,-0.0003565952923731547,
55.81264567375183,-0.0003671372557726982,
55.86298394203186,-0.0003962943765573185,
55.91304802894592,-0.0004383365001316558,
55.96317720413208,-0.00044798204189598623,
56.0133056640625,-0.00045617903216477185,
56.06340146064758,-0.0004896347031378145,
56.113555669784546,-0.0005013709829491675,
56.16373682022095,-0.0005246010310587801,
56.21389675140381,-0.0005453317870199315,
56.26396632194519,-0.0005516329424665178,
56.314093589782715,-0.0005770280139630324,
56.364342212677,-0.0006003083062479375,
56.414454221725464,-0.0006188007793526962,
56.464550256729126,-0.0006399670560542359,
56.514710664749146,-0.000672921657079717,
56.564820289611816,-0.0007274749298541855,
56.61490178108215,-0.000761632943583404,
56.615078926086426,-0.000761632943583404,2
56.664984703063965,-0.0007641959358143519,
56.71507906913757,-0.0007703316367176916,
56.76513338088989,-0.0007692043690534917,
56.815163135528564,-0.0007557595477455659,
56.8652446269989,-0.0007283502813649617,
56.915281534194946,-0.0006948659262965007,
56.96562099456787,-0.0006537545774196185,
57.015705585479736,-0.0006045865993196398,
57.0658962726593,-0.0005562248988558727,
57.116005659103394,-0.0005207980871882734,
57.166240215301514,-0.00048042777638195033,
57.216318130493164,-0.00040996531753231813,
57.26639437675476,-0.00036433656234421963,
57.31653451919556,-0.0003324000916848785,
57.366575479507446,-0.0002919100864584162,
57.416786670684814,-0.00023110527422300076,
57.46712827682495,-0.00020116713540752063,
57.51656198501587,-0.00016963571157470325,
57.567168951034546,-0.0001473379527265617,
57.61721682548523,-0.00012659711156561004,
57.61738920211792,-0.00012659711156561004,2
57.667402029037476,-0.00011729221472962792,
57.71774888038635,-0.00011969391882771241,
57.76761341094971,-0.00012045396394580465,
57.817750692367554,-0.00012648675279229582,
57.86782717704773,-0.00014968734246213755,
57.917661905288696,-0.00018946748504639066,
57.96786832809448,-0.00020997817630886983,
58.018282890319824,-0.00021411272558302663,
58.06835412979126,-0.00022351324593498922,
58.11810517311096,-0.00024121754514144778,
58.168458461761475,-0.00026113898121490897,
58.21882772445679,-0.0002631454437197617,
58.26895713806152,-0.00028422585723320015,
58.31905651092529,-0.00030246680723884645,
58.36922264099121,-0.0003150056236082138,
58.41926193237305,-0.00032800152400977445,
58.469412088394165,-0.00034942728541038914,
58.51960897445679,-0.0003850741493906379,
58.569313287734985,-0.0004223060663422762,
58.61975073814392,-0.0004558173620170525,
58.61993670463562,-0.0004558173620170525,2
58.66995167732239,-0.00046255018355095823,
58.72001051902771,-0.0004674652948191693,
58.77016854286194,-0.00046725077802749204,
58.82022714614868,-0.0004669878391136556,
58.87042784690857,-0.00046212892894408053,
58.92054891586304,-0.0004477159926935398,
58.97069597244263,-0.00042641392696243785,
59.020867586135864,-0.00041353948384457995,
59.0709969997406,-0.00039027604236956115,
59.12108826637268,-0.00037070956484350215,
59.17124891281128,-0.00034334706291197503,
59.22151303291321,-0.00031651650601390025,
59.27154278755188,-0.0002930140320546448,
59.32157921791077,-0.00026926426534187864,
59.37168073654175,-0.00024797598082225425,
59.421847343444824,-0.00023456771929566966,
59.47197914123535,-0.00022117193235263177,
59.522135972976685,-0.00021022471320854275,
59.572428941726685,-0.00020739488340311418,
59.622414350509644,-0.00021170384117426277,
59.622594356536865,-0.00021170384117426277,2
59.67240333557129,-0.00020759726374912357,
59.72264909744263,-0.00021129650497238306,
59.77282905578613,-0.00021012107356131737,
59.822898149490356,-0.00020630712768143766,
59.87317228317261,-0.00022702673633491488,
59.923306703567505,-0.0002536825926413161,
59.97341465950012,-0.0002083084911825156,
60.02328705787659,-0.00019879073686583648,
60.07402205467224,-0.0002162505056650943,
60.12369465827942,-0.00021973095532869247,
60.17395806312561,-0.00019963672533468424,
60.22404098510742,-0.00016926897419000664,
60.2742338180542,-0.00018326909893964793,
60.324223279953,-0.00018025615584779664,
60.37434530258179,-0.00014567723596177473,
60.424389362335205,-0.00015640367981520353,
60.47438168525696,-0.0001841894346664985,
60.52444577217102,-0.00017607004505929003,
60.57472491264343,-0.0001843361475954014,
60.624920129776,-0.0002056599634178008,
60.62510108947754,-0.0002056599634178008,2
60.67505860328674,-0.00020797043731630993,
60.725202322006226,-0.00021585694333908778,
60.775288105010986,-0.0002145543781012227,
60.825379610061646,-0.0002170439992186246,
60.87558579444885,-0.0002021440698385668,
60.925623178482056,-0.0001902118236666167,
60.975746870040894,-0.00017175534188725028,
61.02595067024231,-0.00014847986496960286,
61.0760452747345,-0.00012369143452042874,
61.12624216079712,-0.00010335438889064186,
61.17643666267395,-7.937819367123677e-05,
61.226685762405396,-4.803542507796077e-05,
61.276318073272705,-2.6656729098517573e-05,
61.32676982879639,-4.35541915204396e-06,
61.37713384628296,1.6077819115084546e-05,
61.42694592475891,3.102377102494336e-05,
61.477089405059814,4.20558856698422e-05,
61.52723789215088,5.333886615603578e-05,
61.57739186286926,5.565059145205831e-05,
61.62756037712097,5.5456472253911926e-05,
