Timestamp,X_Offset,Y_Offset,Z_Offset
4.118667125701904,0.0,0.0,0.0
4.225556373596191,9.380826364591144e-07,-3.1327925399254886e-06,4.398633249552697e-06
4.231328964233398,9.380826364591144e-07,-3.1327925399254886e-06,4.398633249552697e-06
4.2810399532318115,-4.379610387683641e-07,-9.512130536279417e-06,-5.620167352615724e-07
4.3312904834747314,-1.3220369917799069e-05,9.383915967955958e-06,-1.0254807912002395e-05
4.3817596435546875,-5.079988878065045e-05,-9.289603204648555e-06,0.00010885385175390949
4.431914806365967,-0.00020169354256616145,-2.2762479152615978e-05,0.00027855538783866374
4.481719017028809,-0.00048093975133201017,-6.740936445417955e-05,0.0005085121592849906
4.532134532928467,-0.000883832946928842,-7.335731274647761e-05,0.0008046620526609427
4.582274675369263,-0.001460957066554247,-0.00010005080035815905,0.0013439036973848517
4.632408618927002,-0.0022097164829073535,-9.929860620318254e-05,0.0020681099960420113
4.682531356811523,-0.003089148352288018,-0.00012654856647242863,0.0031840125330848124
4.732606649398804,-0.004155684248487113,-0.00014680698240715495,0.004497461390893104
4.782785654067993,-0.005428736433877757,-0.00016657094073424528,0.006088796907362026
4.833010673522949,-0.0068291911594826615,-0.00016790345232248205,0.008047139773912249
4.882718801498413,-0.008066542655750575,-0.0002070792015232692,0.00975506310478566
4.933260202407837,-0.010153866746168694,-0.00020576996426246996,0.012789942759609707
4.9833762645721436,-0.011602004744646344,-0.00021628244579713352,0.01511490150946615
5.033636093139648,-0.013506454432393067,-0.0002176497262842969,0.01824785977514326
5.083290100097656,-0.015531345275236808,-0.00018038795665602236,0.02190708288051091
5.133723020553589,-0.017534678693535866,-0.00019621688665691361,0.02572884445195145
5.183650493621826,-0.019562482119496183,-0.0001513336556894368,0.03002554339643676
5.23371148109436,-0.02164880572970851,-0.00015021458727206005,0.034466466574458565
5.283766031265259,-0.023724893258839197,-8.521899252469933e-05,0.0391020266292037
5.334021806716919,-0.025935631597756026,-6.942680193550155e-05,0.04338204937148993
5.384240388870239,-0.02812919567803185,-1.478900220037993e-05,0.04755239389323884
5.43404746055603,-0.030398274878681963,6.058791435055444e-05,0.051244021394164396
5.484347581863403,-0.03273426874357266,0.00013390083175157663,0.05460969597823595
5.534215211868286,-0.0349940461838284,0.00021850390191976987,0.057595588961378896
5.584680795669556,-0.03721049329906756,0.0002924820759197394,0.05992671452724141
5.634793996810913,-0.039327959116768896,0.0003883486503166861,0.06232927774507396
5.6849987506866455,-0.04128637173932215,0.0004717929248604785,0.06403605416453545
5.735208988189697,-0.04304906521831464,0.0005407741942397293,0.0655117519658312
5.7852842807769775,-0.04463859521053726,0.0006119473616677668,0.0669787245701654
5.835412979125977,-0.045993006854919805,0.0006399890704927441,0.06790269585872022
5.8851847648620605,-0.04715849193309973,0.0006879731134795675,0.06855442492605635
5.9359259605407715,-0.04807753990548225,0.0006983523341333592,0.069155210497991
5.986220121383667,-0.04876915305207585,0.0007148684793363558,0.06956033259016631
6.036046504974365,-0.04930142857819675,0.0007089193400314497,0.06982712488152176
6.086078882217407,-0.04965570089422011,0.0006920064065838033,0.07000670723985192
6.136277914047241,-0.049859121391100936,0.0006664364259051786,0.07009128901652811
6.1863837242126465,-0.049950284955605606,0.0006346612092959503,0.0700744282776865
6.23658561706543,-0.04997993327513928,0.0005441243101226012,0.07001455946891955
6.286678314208984,-0.049981391140076825,0.0005350875758509122,0.07000645434923608
6.336440563201904,-0.0499819971147194,0.0005274016815659116,0.07001269543634975
6.3869616985321045,-0.04998387929257275,0.00051717599054725,0.07001246343777989
6.437121868133545,-0.049983725377722,0.0005275874220841137,0.07001598746116189
6.48734188079834,-0.04998428337597438,0.000512689475844888,0.07001231869862656
6.537619352340698,-0.04998511536608552,0.0005137982501110111,0.07001398194154251
6.587791442871094,-0.04998513573557328,0.0005214607463338433,0.0700128052001513
6.637775182723999,-0.049986326366242784,0.0005111903844724208,0.07001162091693991
6.687867164611816,-0.04998674107195822,0.0005178620396028427,0.07001152613912465
6.738025665283203,-0.04998547727852454,0.0005150208762425001,0.07001419646196833
6.788170337677002,-0.04998614145905533,0.0005104622995752706,0.07001690403100452
6.838360786437988,-0.04998600948470644,0.0005135790472168417,0.07001449445807395
6.888439416885376,-0.049986654926238105,0.0005120594043544618,0.07001508391957106
6.938507556915283,-0.04998604929719186,0.000516121043188697,0.07001519453680638
6.9888293743133545,-0.04998684829080324,0.0005077172330620883,0.07001652859885821
7.038619041442871,-0.04998619888704292,0.0005084533086583826,0.07001761731043726
7.088808536529541,-0.04998721906413328,0.0005085175828472704,0.07001429379287749
7.138729095458984,-0.04998733542715561,0.0005079840064788066,0.07001557844852391
7.189199686050415,-0.049987232711817264,0.0005115507488669541,0.07001443294160148
7.239365577697754,-0.04998626831054731,0.0005124162656247877,0.07001443969497023
7.289705991744995,-0.049987580267063514,0.0005099235823439185,0.07001305867641777
7.339588642120361,-0.04998735196158122,0.0005094448962032344,0.07001417538528565
7.389726400375366,-0.049987172070005026,0.0005071997028690128,0.0700176920750395
7.439711332321167,-0.04998768709089785,0.0005106445576553986,0.07001606180531195
7.4901416301727295,-0.04998706424289179,0.0005102424925677584,0.07001605390238108
7.540204286575317,-0.04998737245442486,0.0005101609829934045,0.07001307998274153
7.59034538269043,-0.04998663437666939,0.0005064352183421494,0.07001956774553031
7.6404197216033936,-0.04998752301119569,0.0005059862182597852,0.07001671017852729
7.6905601024627686,-0.049987992726342356,0.0005062602284654494,0.07001667328543709
7.740720987319946,-0.049987239672407036,0.0005058836837469188,0.07001580915998329
7.790904998779297,-0.04998759030149791,0.000510758183856444,0.07001696843202343
7.840672254562378,-0.0499883399699822,0.0005070785000231698,0.0700154770653178
7.891134262084961,-0.04998724173458158,0.0005076754304140924,0.0700150906052383
7.941116809844971,-0.049988502796448286,0.0005005137406227378,0.07001561225543029
7.991336345672607,-0.04998693459214687,0.0005094466720544089,0.0700178475263537
8.04172134399414,-0.04998780373955458,0.0005076731653933658,0.07001853473432434
8.091651916503906,-0.04998785805036676,0.0005064184980430458,0.07001876574039878
8.142184257507324,-0.04998760915614475,0.0005086027188684478,0.07001603937719447
8.191920042037964,-0.049987079931663625,0.00050389152420445,0.0700177320257031
8.241991519927979,-0.04998812774974437,0.0005061678681153731,0.07001511261504101
8.29220175743103,-0.04998827718432919,0.0005041132633031159,0.07001939091428572
8.342325925827026,-0.04998675420724308,0.000507314961844349,0.07001642307009903
8.392628908157349,-0.04998890463750982,0.000503856534905367,0.07001370151106195
8.442420721054077,-0.04998774909550929,0.0005077720445612471,0.07001833575804417
8.492904901504517,-0.049988434447165386,0.0005046089326286585,0.07001716644800793
8.543119430541992,-0.049988559356654805,0.0005046400154571362,0.07001525297402894
8.593353271484375,-0.04998731725552541,0.0005070981336163655,0.07001733435601365
8.643312215805054,-0.04998743974720432,0.0005052653844340171,0.07001818032245422
8.693297863006592,-0.04998762356002351,0.0005042413595815753,0.07001821713041922
8.74350094795227,-0.04998809901592205,0.0005042040417621158,0.07001849325403459
8.793569564819336,-0.04998862610008559,0.0005048668006610996,0.0700146944008242
8.84371304512024,-0.049987316905807266,0.0005066362930611912,0.07001767484477062
8.893843650817871,-0.049988248855773465,0.000502648278187523,0.07001952495420755
8.94402003288269,-0.04998834258593288,0.0005072577927678484,0.07001715508248163
8.994386196136475,-0.04998751272313062,0.0005037657354982072,0.07001737248493312
9.044219255447388,-0.04998745049514275,0.0005047123181484148,0.07001863723873553
9.094431161880493,-0.04998767192159281,0.0005083549900874729,0.07001804400695782
9.144433498382568,-0.049987783118103035,0.0005065930721485229,0.07001797571992852
11.018095254898071,-0.04998774235145764,0.0005058387647326745,0.07001088852404302
11.024267435073853,-0.04998774235145764,0.0005058387647326745,0.07001088852404302
11.074482679367065,-0.04998774235145764,0.0005058387647326745,0.07001088852404302
11.124475002288818,-0.04998774235145764,0.0005058387647326745,0.07001088852404302
11.174615144729614,-0.04998774235145764,0.0005058387647326745,0.07001088852404302
11.224826574325562,-0.04998774235145764,0.0005058387647326745,0.07001088852404302
11.274965524673462,-0.04998774235145764,0.0005058387647326745,0.07001088852404302
11.325247049331665,-0.04998774235145764,0.0005058387647326745,0.07001088852404302
11.37547254562378,-0.04998774235145764,0.0005058387647326745,0.07001088852404302
11.42542052268982,-0.04988069547096974,0.0006091191040173555,0.07045345925157465
11.47543740272522,-0.04969235529787508,0.0006470049471208467,0.07051744689376233
11.525643110275269,-0.04934966000537988,0.0006628943889608191,0.07041928655181012
11.57546353340149,-0.04884118031435569,0.0006822527641353326,0.07011478708402824
11.62598443031311,-0.04814405726454729,0.0006598086620613619,0.06968077150719015
11.67611312866211,-0.04724587168763905,0.0006447325419840499,0.06906077524121562
11.726320028305054,-0.046108953550338616,0.0005938153938664786,0.06834218465523834
11.776073932647705,-0.04474229958389275,0.0005423711449437651,0.06739885250067357
11.82639455795288,-0.04315941465863615,0.0004750569292286677,0.06615708216545646
11.876346111297607,-0.0413737914950143,0.00040520224056327103,0.0647610885102684
11.926648616790771,-0.03946791874054656,0.0003086892354616927,0.06275624797670554
11.976519584655762,-0.0373409801299488,0.00022242078475516458,0.060533381297258104
12.026919841766357,-0.03512589000538402,0.00014350457362376223,0.05824183525451787
12.077081680297852,-0.03289264758608523,4.4168698552435326e-05,0.05509871027563257
12.127262592315674,-0.030537222741611525,-2.8578574206988838e-05,0.05186090965986967
12.177075862884521,-0.028320677619607992,-9.693204707938996e-05,0.0480334581316324
12.227567195892334,-0.026131582848630264,-0.00014892157623425106,0.04386311678318883
12.277611255645752,-0.02397623671462845,-0.0001875760730279119,0.039366081634441275
12.32774043083191,-0.02192153835879107,-0.00021582900039471276,0.03477266568955406
12.377777099609375,-0.01987295714461934,-0.0002401725011725725,0.03038179292930704
12.42803168296814,-0.017866766995070837,-0.00025753089818197905,0.02586522737875996
12.478192329406738,-0.015856241554898065,-0.00029550946682038726,0.021939630185211056
12.52829360961914,-0.013926787077472635,-0.0002770314749580699,0.018238234647220464
12.578388452529907,-0.011948515652826841,-0.00030847048981473557,0.015055524162021827
12.628503799438477,-0.010171511226909513,-0.00028476712862049447,0.012089339156452023
12.678527593612671,-0.008413215756961856,-0.0002878350018244852,0.009595523839457276
12.728790760040283,-0.006852485918073858,-0.000247997424020277,0.007404657000122411
12.77898097038269,-0.005482160804910596,-0.0002430270785281491,0.005523853669621992
12.82913064956665,-0.004419831579988931,-0.00020285667281741415,0.004346081510608196
12.879518747329712,-0.003325002839788316,-0.0001922811689802767,0.0030359043985213607
12.929075479507446,-0.0024094506511117553,-0.0001538021663615996,0.0019801911010356443
12.979645013809204,-0.0016562999411959822,-0.00014180536206567784,0.0011409462491084876
13.029691934585571,-0.0010707627664144903,-9.947254977210607e-05,0.0005116393074737768
13.080058813095093,-0.0006121315158018614,-0.00010095841859548982,0.00024983619483062713
13.130071878433228,-0.0002945071590917392,-6.778088558252737e-05,9.79047213367501e-05
13.180211067199707,-0.0001161521201392679,-5.194034154093474e-05,-2.4095205289342836e-06
13.23009729385376,-2.674505010857864e-05,-1.7215960947516984e-05,-1.2995865885878644e-05
13.280603170394897,3.1161328860607185e-06,1.4860106312714061e-05,1.256387197887121e-05
13.330192565917969,6.336313517985026e-06,5.9419513342581776e-05,4.816698483317561e-06
13.380780935287476,5.364789761652666e-06,6.184847503080959e-05,-1.116805071477156e-07
13.430861711502075,6.618120678814066e-06,6.786291394431099e-05,-2.9703342772358088e-06
13.481051206588745,5.996460962776062e-06,7.276389328178534e-05,-6.7079102110956246e-06
13.531054735183716,6.500310667179043e-06,7.573392135037937e-05,-4.536688964745794e-06
13.581330060958862,6.5348958305788685e-06,7.744528063328981e-05,-5.379595777121882e-06
13.631521463394165,6.560875499550534e-06,7.373448931081994e-05,-7.949246180388725e-06
13.681650161743164,8.010814248837761e-06,8.013600311153335e-05,-3.310758584118556e-06
13.731860160827637,6.246859976077879e-06,7.281520312329981e-05,-9.624917013950629e-06
13.781774759292603,6.56119804165467e-06,7.777097135862332e-05,-9.00320044849856e-06
13.83191728591919,7.876746192958528e-06,7.807074077934018e-05,-5.1761771804881285e-06
13.882315874099731,8.082276678589295e-06,7.678634443133991e-05,-4.2496975662942305e-06
13.932384252548218,7.041015749886803e-06,8.002174089621894e-05,-8.898747176022681e-06
13.982558965682983,7.1706948672201065e-06,7.352326270994303e-05,-9.122159753072179e-06
14.032771587371826,8.675135390268096e-06,7.419993244739409e-05,-1.3919129155659515e-06
14.08291220664978,9.150050309103541e-06,8.35647035273418e-05,-2.797077988392349e-06
14.132902145385742,7.866030593217666e-06,7.74118804402757e-05,-9.008729777104652e-06
14.183180570602417,7.45854992545425e-06,7.800082912370887e-05,-1.0532781991923201e-05
14.233540773391724,7.77714114985617e-06,7.975219332739814e-05,-8.927745961839761e-06
14.283936262130737,7.68420312924345e-06,8.252849948353624e-05,-1.0560146364718692e-05
14.333982706069946,7.041130502982718e-06,7.735889588786349e-05,-8.457513641563219e-06
14.38419485092163,7.5711085970597836e-06,8.02658730090916e-05,-8.524694219191886e-06
14.433836460113525,6.746668566037783e-06,7.833410333064894e-05,-9.351951016589588e-06
14.484127283096313,7.454366063863738e-06,7.874392421666765e-05,-7.59074092274159e-06
14.53442096710205,8.264580435901614e-06,7.871034092840623e-05,-5.059036532445438e-06
14.584462404251099,7.624833616270976e-06,7.679956494380247e-05,-7.153538092968814e-06
14.634587287902832,7.80226354513136e-06,8.145851923888059e-05,-4.888651075674044e-06
14.68478775024414,7.182939011696199e-06,7.297922742165175e-05,-7.3095725391381094e-06
14.734681129455566,7.849815079397082e-06,7.86611771918938e-05,-7.892979631718422e-06
14.785047054290771,8.109320277061016e-06,8.448560765755841e-05,-7.788467246111486e-06
14.835165739059448,9.10303423995451e-06,8.109583810303467e-05,1.6182578181367369e-06
14.885332107543945,8.021806037650236e-06,8.131088465307412e-05,-7.346976603983535e-06
14.935555458068848,7.426704641488868e-06,7.717249529871906e-05,-8.164092990231575e-06
14.985517263412476,7.779423311871092e-06,7.788249638328304e-05,-9.240521599868101e-06
15.03568172454834,7.14124444900488e-06,7.877648525658754e-05,-1.1080967899479433e-05
15.085981607437134,7.271235659467301e-06,7.716225559079026e-05,-8.232037625621746e-06
15.13600778579712,7.873491663645815e-06,8.071568128198425e-05,-6.972046697861778e-06
15.186258554458618,7.2155025444553544e-06,8.42010706563201e-05,-1.0140554335763552e-05
15.236344575881958,7.807921047597866e-06,8.293415113529157e-05,-7.291518751950665e-06
15.286501407623291,7.346785827810898e-06,7.882811617615504e-05,-9.851207488198455e-06
15.336526870727539,7.149644675519262e-06,8.139827780162534e-05,-9.31396701808751e-06
15.386667728424072,8.086806072227226e-06,7.795572860851141e-05,-8.628613468675272e-06
15.436885356903076,8.406672257543768e-06,7.896057852437022e-05,-9.258558397617911e-06
15.488922119140625,7.830008218689954e-06,7.972297965086472e-05,-8.10184861843588e-06
15.53718900680542,8.295651334755405e-06,8.539732101288389e-05,-9.800161914264027e-06
15.587364673614502,6.913335315550384e-06,7.906265893733999e-05,-5.179482231137955e-06
15.637480020523071,6.48641323985899e-06,7.810537768729309e-05,-8.951304217491574e-06
15.687699794769287,7.578955998344128e-06,8.257273316239488e-05,-4.891981108062771e-06
15.737827777862549,8.306237946897888e-06,8.151616052956556e-05,-5.957670116546465e-06
15.787964105606079,8.59992445423341e-06,8.56082281851106e-05,-6.445813616473561e-06
15.837918043136597,9.154677573897096e-06,8.195909891504927e-05,-6.840791091811127e-06
15.887768268585205,9.086835657590164e-06,8.27242554079094e-05,-3.0462354778659773e-06
15.938390016555786,7.721260770310323e-06,8.229135794728115e-05,-7.102385230689512e-06
15.98846960067749,7.611638732862858e-06,7.921281369063782e-05,-5.57657045990867e-06
16.038543224334717,9.024320859141177e-06,8.361059423078743e-05,-3.533873045080682e-06
17.897290229797363,7.951877716405598e-06,8.83460762790278e-05,-4.004656873113355e-06
17.903107166290283,7.951877716405598e-06,8.83460762790278e-05,-4.004656873113355e-06
17.953394412994385,7.951877716405598e-06,8.83460762790278e-05,-4.004656873113355e-06
18.003658056259155,7.951877716405598e-06,8.83460762790278e-05,-4.004656873113355e-06
18.05379581451416,7.951877716405598e-06,8.83460762790278e-05,-4.004656873113355e-06
18.104105234146118,7.951877716405598e-06,8.83460762790278e-05,-4.004656873113355e-06
18.154244661331177,7.951877716405598e-06,8.83460762790278e-05,-4.004656873113355e-06
18.204313039779663,7.839802436016008e-06,0.0001478890626668422,1.0540282795318268e-05
18.2544047832489,-6.679983733615114e-05,0.0002608081764354786,-0.00014620189127712013
18.30465531349182,-0.00027030177845988046,0.0003370521097397494,-0.000989820262595198
18.354793548583984,-0.0005888927484477557,0.0003609843555004433,-0.0022243653200098024
18.40507435798645,-0.0008689357080189364,0.0003993653132350339,-0.003446824406723392
18.45516562461853,-0.0010378748112965797,0.0003879605534955338,-0.0040957099652104145
18.505337715148926,-0.0011180744580580049,0.00035229268677887393,-0.0040325825378808855
18.555450201034546,-0.0011022846400033925,0.00036137119429507925,-0.0030427324710027015
18.60558557510376,-0.0010112843049421283,0.0003312159419851801,-0.0013110730092631417
18.656031847000122,-0.0008622942486783414,0.00026140293433701833,0.0011613581664825512
18.705890417099,-0.0005785191497743591,0.0002542843866840394,0.004671586467786759
18.756046772003174,-0.00027036349182507635,0.0002259937394248207,0.008645503847728941
18.806010961532593,9.319010784747395e-05,0.0001796711823239816,0.013434528779732946
18.856096029281616,0.0004716445889257903,9.840983167340445e-05,0.018928748191184952
18.906233072280884,0.0008237860475935888,2.5200362312877145e-05,0.024544631223880287
18.95631694793701,0.0011724522664525727,-3.986229493255222e-06,0.03065092889583415
19.00644063949585,0.0015155568468341318,-5.625867812725227e-05,0.0370607330525522
19.056579113006592,0.0017350770058274234,-0.00010244868438354093,0.04311448873823298
19.10669207572937,0.0019101922267240612,-0.00013915105101695857,0.04915112965111812
19.157003164291382,0.002012556990443337,-0.00019427682919992417,0.05466170901119283
19.20709252357483,0.002072967952462257,-0.000210459844841554,0.059811209165616885
19.257248401641846,0.002078419796491815,-0.00021674863722721815,0.06420028692479707
19.307451963424683,0.001989781754978881,-0.0002462724000036193,0.06779341547354345
19.35743522644043,0.0018742101465965,-0.0002552482927890565,0.07075672596619953
19.407764434814453,0.0017414534356093858,-0.00024232354908372555,0.07300462758242032
19.4577739238739,0.0015505816747400925,-0.0002543614658623017,0.07421540876579019
19.507673263549805,0.0013395453445539385,-0.00025089753529022873,0.07460403387665215
19.55784511566162,0.0010847915335162606,-0.00026366815871567417,0.07417486879867907
19.60814666748047,0.0008039664335079966,-0.00025380357576190726,0.07319679208187091
19.658292770385742,0.0004879107533787286,-0.0002266941272210249,0.07204436568722894
19.708421230316162,0.00022088847107271103,-0.00017192882465173753,0.0709845977291712
19.758497714996338,4.662898223239953e-05,-8.742843311618231e-05,0.070229008656092
19.8086416721344,-1.8869108076469132e-05,-1.7814493828899325e-05,0.06996771310398209
19.85873508453369,-1.955027608924187e-05,-1.3749325707648752e-05,0.06997381687962961
19.908506631851196,-2.246141507433741e-05,-9.13776733528493e-06,0.06996692788926034
19.958967208862305,-2.4476353907454396e-05,-9.541542330862574e-06,0.06996311916385178
20.009180784225464,-2.3343742020398572e-05,-5.964415715639659e-06,0.06997125578922309
20.05925178527832,-2.473045774908922e-05,-2.5682645799496306e-06,0.06996520067616818
20.10948419570923,-2.386033490087147e-05,-2.2775176981432166e-06,0.06996823840271993
20.159647941589355,-2.3961217259671486e-05,-5.821377640075065e-07,0.06996718544066527
20.20964813232422,-2.472174287249107e-05,-4.376858485408142e-06,0.06996697307373329
20.259936094284058,-2.502331682474601e-05,3.6527525682505946e-06,0.06996661980769714
20.310104370117188,-2.549371151949753e-05,-3.879189126448912e-06,0.06996530700802994
20.36017680168152,-2.520620692780806e-05,5.071259543826256e-07,0.06996472549985672
20.410314559936523,-2.580793014805849e-05,-2.9234971009040045e-06,0.06996417393464638
20.460203170776367,-2.470090869066688e-05,6.31381078489146e-07,0.06996297332101536
20.510502576828003,-2.47560643228395e-05,1.5296180058688158e-08,0.06996718507864735
20.560730457305908,-2.4700325753523877e-05,-8.795547523782199e-07,0.06996135679634258
20.61085605621338,-2.48525542739797e-05,2.3590661325928464e-06,0.06996678529264777
20.660983085632324,-2.599414246717835e-05,2.0845995668539175e-07,0.06996622380477252
20.71111822128296,-2.407328115716645e-05,1.5142450608962577e-06,0.06996867125939155
20.761491060256958,-2.4496870799750603e-05,1.7409571038407012e-06,0.06996632877509434
20.81178045272827,-2.5429879327965033e-05,7.383008543832004e-07,0.06996401025802812
20.861910343170166,-2.5932603502143436e-05,1.539772704312048e-06,0.06996186046927183
20.912206411361694,-2.5780117777651768e-05,2.2372648039725718e-06,0.06996780387311391
20.96248507499695,-2.4659486866696056e-05,3.1952503334181648e-06,0.0699661085766351
21.01243019104004,-2.4602435206078077e-05,4.880535249690565e-07,0.06996825817048058
21.062437057495117,-2.5506238712558194e-05,4.584545611849289e-06,0.06996512390332021
21.112671852111816,-2.4288268617222997e-05,6.467450994834811e-06,0.06996581680585517
21.16282033920288,-2.5681589235215796e-05,1.5503629139240749e-06,0.06996600604364805
21.213127374649048,-2.497065822770761e-05,3.8129023925692618e-06,0.0699658730992388
21.26337170600891,-2.6159250278490198e-05,6.16485354515417e-07,0.06996595625084923
21.313737869262695,-2.5975860861504607e-05,2.046920397028029e-06,0.06996335511242141
21.363616704940796,-2.536972915045954e-05,3.7512747112639078e-06,0.069964046051742
21.413722038269043,-2.5894948694316078e-05,2.4306296164400276e-06,0.06996439129668719
21.46387815475464,-2.4854755485637092e-05,6.106798923766199e-06,0.06996227905983021
21.514003038406372,-2.3933849236601468e-05,3.7477633721832992e-06,0.06996574631514685
21.564179182052612,-2.497632760578572e-05,6.749337618572326e-06,0.06996604468982337
21.61441683769226,-2.443392783268994e-05,5.129557811983654e-06,0.06996706722203777
21.66454577445984,-2.5693786086744552e-05,3.635856287140249e-06,0.06996657584320409
21.714634895324707,-2.4818617787358832e-05,5.431054785953737e-06,0.06996541363750786
21.76483464241028,-2.544141422033963e-05,7.956414311324767e-06,0.06996734876410893
21.814992427825928,-2.5058214275786028e-05,7.623000540787905e-06,0.06996762519453792
21.865187168121338,-2.6138325251778838e-05,-2.835730661121527e-07,0.06996460597703053
21.915321588516235,-2.533307335217394e-05,4.199911922325716e-06,0.06996706991043022
21.965484857559204,-2.525525665864059e-05,3.224703830781439e-06,0.06996668866370132
22.01565170288086,-2.6094276435184582e-05,3.809438506696683e-06,0.06996419272695453
22.065788984298706,-2.496194920909023e-05,7.1545999657390835e-06,0.06996665507184563
22.115956783294678,-2.5459783760561905e-05,6.208895698328609e-06,0.0699658474496051
22.166202545166016,-2.6147766350348434e-05,4.891669180578928e-06,0.06996508327965373
22.216312170028687,-2.5340199008017095e-05,2.3349579953702015e-06,0.06996649681673373
22.266377925872803,-2.4760528612333133e-05,8.660715137651098e-06,0.06996376826349571
22.316585063934326,-2.5643120220686377e-05,4.190935177658672e-06,0.06996747695702815
22.366677045822144,-2.4761127933703442e-05,6.535857394809885e-06,0.06996410103070483
22.416948080062866,-2.498275102003067e-05,6.328548053574634e-06,0.06996741200982959
22.467205286026,-2.5518322305684293e-05,6.769997602934508e-06,0.06996556176595525
22.517361164093018,-2.5435108831239894e-05,4.565873622019989e-06,0.06996671546558442
22.56739902496338,-2.539519286293146e-05,7.684687664766265e-06,0.06996440522090464
22.617721796035767,-2.6102656844773087e-05,5.928710919700375e-06,0.06996561218758879
22.667915105819702,-2.5074170297956222e-05,7.779377128799836e-06,0.06996819262495013
22.717870235443115,-2.4757204825087697e-05,3.136018893429293e-06,0.06996274697562038
22.76809573173523,-2.4961615650131996e-05,8.95334848341478e-06,0.06997029683551176
22.81818652153015,-2.5126066960479143e-05,8.553549147471973e-06,0.0699642332449068
22.86847186088562,-2.516433564114795e-05,9.187019919643102e-06,0.06996609473379206
22.918555736541748,-2.6166947870942536e-05,5.791353695827617e-06,0.06996227406837063
23.41947317123413,-2.5498344579655274e-05,5.571075853610941e-06,0.06996608898535572
23.425291538238525,-2.5122623691475887e-05,1.4113455352876558e-06,0.06996811973955797
23.475459337234497,-2.353218160500159e-05,1.0877749813578697e-05,0.06996730068867851
23.525684595108032,-1.0418102360465475e-05,5.277328976904805e-05,0.0699132570164942
23.57587718963623,8.722025318708138e-05,5.814075407500896e-05,0.06922504309107441
23.626115083694458,0.0003843480041466618,8.500415620536772e-05,0.06753139374544348
23.67600393295288,0.000922226893093403,0.00013541722655743826,0.0649954251700195
23.72633957862854,0.0016508791676407286,0.00015193938437277343,0.062371084664759935
23.77643847465515,0.002600078201306033,0.00017926817628091674,0.060230027616903326
23.826412200927734,0.0037737530124769547,0.0001783785607431393,0.058818614114476475
23.876726150512695,0.00519203185618744,0.0001394088484684558,0.05794628180048689
23.92689299583435,0.0068542388672349075,9.301674862795262e-05,0.05744841633216424
23.97696805000305,0.008716254594028583,6.058579978640566e-05,0.05741698731770739
24.027160167694092,0.010829585003098718,-4.73042174979621e-06,0.05823580938956874
24.077251195907593,0.013221544744190905,-5.142212652912981e-05,0.05973907143361784
24.127557516098022,0.015678672500033075,-0.00010035845526044918,0.06130536668009301
24.177720069885254,0.01775100361596682,-0.00015537759194156342,0.06276433494375466
24.227792978286743,0.020512760608197067,-0.00021384470237482966,0.0652400250059414
24.277961492538452,0.023279462476568202,-0.0002817591984401041,0.06780289125095629
24.328072786331177,0.026098763577127926,-0.0003442932536609211,0.07065594189976365
24.37824583053589,0.028881339247932125,-0.00038659050550007845,0.073289819004689
24.42828607559204,0.031528386712953105,-0.00042590814221865614,0.07574422684420296
24.478232383728027,0.034067045731950296,-0.00044201685819832137,0.07818654171352374
24.52843475341797,0.03651711927515133,-0.0005003412426299592,0.08014473094408342
24.578460931777954,0.03874337165936681,-0.0005252568445624495,0.08159056685766253
24.628713846206665,0.04074475185550397,-0.0005349538470625914,0.0824115145844122
24.678855419158936,0.04258487526473698,-0.0005571165733247174,0.08282190575308535
24.729071855545044,0.04419857022739193,-0.0005649373986594264,0.08282697514283299
24.779149293899536,0.04562682275955798,-0.0005722675395854471,0.0821750511682886
24.829236030578613,0.046823613270976394,-0.0005727798273024859,0.0806088876894121
24.879268884658813,0.04781257486501289,-0.0005853332726243332,0.07864937272809358
24.929337978363037,0.04862664245470261,-0.0005707612454799171,0.07641037412236568
24.97957158088684,0.049233213687184474,-0.0005496519266523919,0.0738942744334502
25.029783248901367,0.049585962920840054,-0.00046489204526214967,0.07169425425171777
25.079871654510498,0.04976115295600403,-0.0003599807360659818,0.07043357174856124
25.13006019592285,0.049832373209718894,-0.00023719720182488468,0.07007286767514376
25.18030619621277,0.04985021137309509,-0.00018284213372717073,0.07009577760623187
25.230461835861206,0.04985146391563178,-0.00017035537216619767,0.07005197499975063
25.28069043159485,0.04985468287123529,-0.00015101427978467252,0.07004323808353974
25.330724000930786,0.04985465740017225,-0.00014907894230106744,0.07003091703170394
25.380987405776978,0.04985628750285398,-0.0001438511014858479,0.0700344413955406
25.431108474731445,0.04985718217702928,-0.00013938932409660043,0.07003041797845272
25.48124599456787,0.04985678651594905,-0.00013674477143472974,0.0700268344971296
25.531247854232788,0.04985786915132373,-0.00013301397553081018,0.07002569535492636
25.581557512283325,0.049858015477460715,-0.000136453433126682,0.07002562003656043
25.631744861602783,0.04985735966934257,-0.00013157455252102435,0.07002530050367411
25.681963682174683,0.04985937729869849,-0.00012996225433620223,0.0700256195998954
25.732205867767334,0.0498595335602664,-0.00012725085584286422,0.07002826653821559
25.782315969467163,0.049859429605886185,-0.00012557638762585033,0.07002213986749095
25.832199335098267,0.04985973035984492,-0.00012535619957469712,0.07002382331616619
25.88252544403076,0.04986016069325849,-0.00012578416347240606,0.07002495052966262
25.93272113800049,0.04985980410317248,-0.00013057747203880365,0.07001909407478091
25.982574701309204,0.049860652579412745,-0.00011855040617760049,0.07001952480451035
26.032806634902954,0.04986005935097115,-0.00012643747068111222,0.07002054688245846
26.08315920829773,0.04985983569319952,-0.00012365589013575706,0.07001931764516167
26.133354425430298,0.04986011782987998,-0.00012213172651379112,0.07002073274076365
26.183605909347534,0.049860363912208494,-0.0001208968044975195,0.07001716096823396
26.233644723892212,0.04986075323090666,-0.0001223209181608481,0.07002077831182763
26.283782482147217,0.04986125275833497,-0.0001213792886541748,0.07001771929318312
26.33400535583496,0.04986119416372092,-0.00012119318189339479,0.07001891423179762
26.383835792541504,0.04986187823699095,-0.00011792562731488543,0.07001912313991188
26.434149503707886,0.04985966239361661,-0.00012285093594224805,0.07001255027485065
26.484207153320312,0.04986031014298775,-0.00011847651554357241,0.07001395473861122
26.534423112869263,0.049860160923983154,-0.00012325002308663513,0.07001266315322924
26.58463978767395,0.049861527864986877,-0.00011875126594966534,0.07001682439590329
26.63481593132019,0.049860146797238936,-0.00012383085305582575,0.07001686502034593
26.68508267402649,0.04986115496660337,-0.00011966380280280242,0.07001709722418942
26.735310316085815,0.04986173239217895,-0.00011623518770616237,0.07001919012822244
26.785226821899414,0.049860693026800185,-0.00012287118826846688,0.07001273496246274
26.83548903465271,0.04986093548457149,-0.00012234133939681424,0.07001411109828426
26.88567066192627,0.04986116168194121,-0.00011805099360988336,0.0700165324547653
26.935870885849,0.04986237933361648,-0.00011900755287869158,0.07001945299955425
26.985431909561157,0.049860600641397745,-0.00011731522545094242,0.07001494946546871
27.035842657089233,0.04986114630344374,-0.00012008174446755115,0.07001645257833755
27.086061000823975,0.04986237773127489,-0.00011977252001957317,0.07001864061695229
27.136202812194824,0.04986119064831762,-0.00011717680254000329,0.0700134679704364
27.18629813194275,0.04986108299635228,-0.0001203776208814622,0.07001465637569682
27.23630714416504,0.0498625263737239,-0.00011961391575240898,0.0700143686906034
27.286335229873657,0.04986218055709801,-0.00011390531501495604,0.07001600607870051
27.336687803268433,0.04986204000439709,-0.00012194632626452706,0.07001441406172942
27.386918783187866,0.049861814258164716,-0.00011444396566850923,0.07001574036637814
27.43671464920044,0.04986293120865004,-0.00011837390756432031,0.07001981708958538
27.487101078033447,0.049862514313757544,-0.00011728797130246271,0.0700169619740697
27.536898136138916,0.04986193749021428,-0.00011873627684513832,0.07001635186483585
27.586971282958984,0.04986211236008231,-0.00011745527565769354,0.07001396425233097
27.63713002204895,0.04986195208536304,-0.00011517497824772849,0.0700143975995845
27.687092781066895,0.04986193720562915,-0.0001181951345132215,0.07001827449328613
27.737281560897827,0.049861951505522084,-0.00011927795620816917,0.07001687424905467
27.787137985229492,0.0498626064593376,-0.00011438075378510104,0.07001724877765353
27.837353467941284,0.049862598904504285,-0.00011788254569360113,0.07001362618896784
27.88738512992859,0.049862764987066766,-0.00011860169440994217,0.07001405521725534
27.937652111053467,0.04986251578387357,-0.00011471298991025392,0.0700152375330163
27.98805570602417,0.04986289065700511,-0.00011450570128795912,0.07001594736452832
28.038025856018066,0.049862360851739895,-0.00011981103539292215,0.0700162483044291
28.087928295135498,0.04986335729944924,-0.0001168100100805286,0.07001740869007289
28.137752294540405,0.04986208497273115,-0.00011332562110462352,0.07001073087219811
28.18802499771118,0.04986262775728301,-0.00011643422150228733,0.07000787900894673
28.23807454109192,0.04986358346073372,-0.0001161225124134968,0.07002253925067248
28.288330078125,0.04986223463172168,-0.00011564601710331579,0.07001244987370364
28.338398456573486,0.049862704203100905,-0.00011485944392582159,0.07001313503108275
28.388685941696167,0.049862629808585024,-0.00011298729002644226,0.07001273395485808
28.438518047332764,0.04986208914095325,-0.00011913630417967336,0.07001156714511603
28.939340829849243,0.04986262508347894,-0.00011336193587238586,0.07001323104789814
28.945171117782593,0.049863423054100076,-0.00011424789110281441,0.07001348752464442
28.995311737060547,0.049863203933623756,-0.00012274772411521861,0.07001746776474449
29.045520067214966,0.04985890898291201,-0.00016139038032388087,0.07003701900954695
29.095710515975952,0.04976222088744253,-0.00016603525651212592,0.07075076120789892
29.145643711090088,0.0494559896685719,-0.0002028711040990283,0.07270769773306729
29.19575023651123,0.048943798333767385,-0.0002481759845025522,0.07537875942717503
29.245866298675537,0.048203953894884854,-0.00021882517795428214,0.07797185434227544
29.29599952697754,0.04721892609773615,-0.00022354097905685766,0.07999909534152938
29.346140146255493,0.04604830758938805,-0.00019168330582151893,0.081291124887158
29.396106958389282,0.04468419845305871,-0.00018685530257951666,0.08212251090002548
29.446113109588623,0.04306632884035022,-0.00016006072669431937,0.08248227210507098
29.496381521224976,0.041309076549097656,-0.00013886352827341408,0.08218960922852747
29.546478509902954,0.03930383940158555,-9.889195248172222e-05,0.08112928001578801
29.5965633392334,0.03707659765873739,-6.258408404560822e-05,0.07967091893191969
29.6465060710907,0.03470110060461862,-3.18709357202962e-05,0.0779430424264334
29.696680307388306,0.032191464425791017,5.166351672761249e-06,0.07578589867704844
29.746888399124146,0.029509831446498214,4.5522154350219335e-05,0.07330799328138426
29.796985149383545,0.026751663885606125,0.0001149858546892063,0.0704179142502005
29.846560955047607,0.02452856988186769,0.00015894440764395446,0.06818098229738839
29.896849393844604,0.021696104462290644,0.00023325576259727865,0.06567470436914336
29.947184801101685,0.018960557417672996,0.00028550910970404075,0.06317648190960601
29.99729299545288,0.016321746911895363,0.0003538141814224405,0.06102316949477704
30.047119140625,0.013753916389105392,0.0004263866006223721,0.05911852581342236
30.097551107406616,0.01143875025500185,0.0004756447823557608,0.05789130866619241
30.147640705108643,0.00931651640180542,0.0005381932065430944,0.05733480829404314
30.197702407836914,0.007358583746334579,0.0005846030148762837,0.05698239887684159
30.247806549072266,0.005657356332648966,0.0006155996805858183,0.05711036281118226
30.297723293304443,0.00419927187437541,0.0006215767058223715,0.058091761510156825
30.34800887107849,0.0030008397743467308,0.0006308219911412699,0.05960304678330691
30.397744178771973,0.00201021451570349,0.0006251829341228782,0.06148083733751242
30.44816541671753,0.0012251982183509869,0.0006384481264012642,0.06384340292580726
30.498327016830444,0.0006758494197797171,0.000612699183000151,0.06639630650585748
30.54843044281006,0.00033817015037962417,0.0005354755377685871,0.06842671956964841
30.598470211029053,0.00017272777782251225,0.000418214596758143,0.06951196761537581
30.64852213859558,9.969726414027491e-05,0.0002847375248910683,0.06964326527728892
30.698662281036377,8.470151859973907e-05,0.00026209796018202003,0.06962720461625949
30.74871277809143,8.347754992676926e-05,0.0002392250351716113,0.06967345349182857
30.79889178276062,8.105729808416395e-05,0.0002360747680656694,0.06967068305428747
30.849030017852783,8.109797250921424e-05,0.00023502892540090692,0.0696786131867998
30.899014949798584,8.113330342596203e-05,0.00023022847251948086,0.06968595198974603
30.949290990829468,7.939541220114421e-05,0.00022671825087862418,0.06968457536017897
30.99933624267578,7.953039241759274e-05,0.00022578866740696757,0.06969213603657176
31.049407482147217,7.990476840835647e-05,0.00022674221102611525,0.06969144174291042
31.099510669708252,8.000734622437555e-05,0.0002277237968992818,0.06969763248562821
31.149572372436523,8.091558080436378e-05,0.0002269575147546693,0.06969985983187155
31.199459075927734,8.099478282674877e-05,0.00022195753446466182,0.06970016727992528
31.249619483947754,7.92903145639956e-05,0.00022170039535589214,0.06969800496360823
31.29987931251526,7.905606129121612e-05,0.00022111516279842147,0.06970031156436146
31.35008454322815,7.86762816641362e-05,0.0002231335681276564,0.06969873305433205
31.400097131729126,7.813519292854121e-05,0.00022343430753363203,0.06969761320891832
31.450289011001587,7.884698877214102e-05,0.00022162648412084318,0.06970085574094764
31.500197649002075,7.838628075218512e-05,0.00022394221777462253,0.0696991966604531
31.550302028656006,7.83529119726678e-05,0.00022364475696563801,0.06970135789582677
31.600354433059692,7.843852581801425e-05,0.00021854068271255633,0.06970357955055473
31.650448322296143,7.828214346228268e-05,0.0002218133349838891,0.06970067908979877
31.700241565704346,7.789350534725958e-05,0.0002187262678138152,0.06969941836353022
31.75106120109558,7.878611782541345e-05,0.00021979184919439232,0.06970470731389322
31.801045656204224,7.918194504397125e-05,0.00022098786502269818,0.06970470973080428
31.850989818572998,7.799933463037423e-05,0.00021850813969236105,0.0697046789910088
31.901073217391968,7.766094441219451e-05,0.00022081622990535732,0.06970350773527723
31.951125621795654,7.882374736511988e-05,0.00022110593292720693,0.06970372578609896
32.00117874145508,7.823973857679078e-05,0.000214302758342666,0.06970460711257154
32.051313400268555,7.828987157809664e-05,0.00022003157362894543,0.06970734038706683
32.10144376754761,7.860701415174365e-05,0.0002209457509556173,0.0697081328031966
32.15151643753052,7.784346179284807e-05,0.00021629874227571677,0.06970434262768888
32.201584815979004,7.794648224346279e-05,0.00021687681775912904,0.06970610472869054
32.25175428390503,7.803042685539108e-05,0.00021500959486882298,0.06970515185246767
32.30179166793823,7.805798768989458e-05,0.00021726839079960758,0.06970639017119884
32.35189127922058,7.851122022173307e-05,0.0002191172216075843,0.06970743167395832
32.40218186378479,7.852298042909656e-05,0.0002180141330178631,0.06970689960418325
32.45241141319275,7.767321824336815e-05,0.00021532376118892083,0.0697078429778824
32.50256824493408,7.804818674228553e-05,0.00021521164179290342,0.06970907405636684
32.552712202072144,7.812255997274864e-05,0.00021702245663164643,0.06971100124812246
32.60276126861572,7.773979656289232e-05,0.000217021498459119,0.06970777860186911
32.652628660202026,7.714901549660258e-05,0.00022016660677291744,0.0697092939215404
32.70276618003845,7.726077982017632e-05,0.00021544636541051543,0.06970983552007232
32.75293803215027,7.735342965786707e-05,0.00021411491161521523,0.0697088275998663
32.80303168296814,7.710341928046649e-05,0.0002176512134721975,0.06970561404242248
32.853191614151,7.753039266156225e-05,0.00021850333574535696,0.06970831484840145
32.90334868431091,7.697335662326665e-05,0.0002139778491744987,0.06971004718423601
32.95321726799011,7.706058231438107e-05,0.00021675008580283872,0.06970942688647414
33.003666162490845,7.622520126637777e-05,0.00022040041872879723,0.06970625692839261
33.05395722389221,7.671195716985046e-05,0.00021362147128849152,0.0697107686730607
33.10403895378113,7.589959980813799e-05,0.0002142603016635769,0.06970466732118619
33.154223918914795,7.613162123620842e-05,0.0002166529393400618,0.06970600760849
33.204317569732666,7.650067052888954e-05,0.00021443107054762434,0.06970696105981566
33.25449299812317,7.696406262514e-05,0.00021412798889980378,0.06970792676886384
33.30464148521423,7.682205753811733e-05,0.00021441264011205774,0.06970931459191199
33.35501980781555,7.671073944082174e-05,0.00021355341260982652,0.0697078734615535
33.40512299537659,7.615451289855191e-05,0.0002163695268627558,0.06971074710474745
33.45526599884033,7.750520664095983e-05,0.0002143799341360053,0.06971433112031544
33.505143880844116,7.622258686412753e-05,0.000217507432497821,0.06970706291580864
33.55551886558533,7.714520949519965e-05,0.0002159337111233145,0.06971185222826914
33.60572862625122,7.736539101388384e-05,0.0002189100242713793,0.06971096501216478
33.655985593795776,7.692523426516829e-05,0.00021344955514331077,0.06971239614766234
33.70590949058533,7.680911789176292e-05,0.00021500156593334818,0.06970827179233952
33.75606298446655,7.630909230804672e-05,0.0002139078038922021,0.06970957999135796
33.80577754974365,7.697017775154524e-05,0.00021249115199142854,0.06971265376043839
33.855884075164795,7.590870618778833e-05,0.00021551728895673194,0.06971086560881656
33.90636134147644,7.687820476021123e-05,0.00021252635906847395,0.06971177973370257
33.95643186569214,7.764192275983017e-05,0.0002221209406935154,0.06971258197052133
35.831690311431885,7.249903100448041e-05,0.0002208602177995872,0.06972966433536221
35.83753991127014,7.249903100448041e-05,0.0002208602177995872,0.06972966433536221
35.887916803359985,7.249903100448041e-05,0.0002208602177995872,0.06972966433536221
35.93798875808716,7.249903100448041e-05,0.0002208602177995872,0.06972966433536221
35.9883189201355,7.249903100448041e-05,0.0002208602177995872,0.06972966433536221
36.038373708724976,7.249903100448041e-05,0.0002208602177995872,0.06972966433536221
36.08848214149475,8.560600050977474e-05,0.00019201253219149061,0.06976479970971478
36.138779401779175,9.176904787089324e-05,0.00015082586943228338,0.07000456976524833
36.18909788131714,1.5500705995430408e-06,0.0001586876946078758,0.07086072698749218
36.23917746543884,-0.00030843095062527137,9.41329491464249e-05,0.07275062527441939
36.2891743183136,-0.0008859145599749985,-4.0977453907228845e-05,0.07513518707982286
36.33940768241882,-0.0017253170377907745,-0.00012687902434335707,0.07722105139121244
36.38954830169678,-0.002769240473768697,-0.0001331254126976239,0.07894075443253146
36.439828395843506,-0.004034412030698764,-0.0001133075654449478,0.08029220845213891
36.49019813537598,-0.0055423419863852574,-0.00011249662169224295,0.08085228574799275
36.540053606033325,-0.007272661227966437,-0.00011446171697344909,0.08077869202301496
36.5898871421814,-0.009271854288262493,-9.211944696153884e-05,0.08019009753879486
36.640191078186035,-0.011434352791460656,-4.3171197937230676e-05,0.07935762152307851
36.68986701965332,-0.013792148211782762,5.083006368061804e-06,0.07813676972668226
36.74032402038574,-0.016428976689556785,5.988745665908013e-05,0.07613285415294457
36.7904748916626,-0.019141995992674188,0.00011525813980448052,0.07383466875127698
36.84065294265747,-0.02196304364615642,0.0002046608252452009,0.07155920934913707
36.89075589179993,-0.024932719011805604,0.0003079995826831272,0.06904974642399098
36.941054582595825,-0.02781877699019153,0.0003933841655428816,0.06669588126168252
36.99080753326416,-0.030703492465422477,0.0004957339655741744,0.06433232016676066
37.04126858711243,-0.033514971753666245,0.0005896853505330257,0.062226917177506336
37.09141230583191,-0.036124707525796884,0.0007004724923279498,0.06078023009542066
37.14170980453491,-0.03855120549112445,0.0007664166510281262,0.059640022366039935
37.19202160835266,-0.040799939627238935,0.0008414185650133799,0.05891746933648373
37.24158310890198,-0.04279021234418534,0.0009216961009504976,0.05864268447591492
37.29177927970886,-0.04451188876505485,0.0009811466924629503,0.05889609765562026
37.3420615196228,-0.04601211335617095,0.000996946553922018,0.05981042631758582
37.39214015007019,-0.047190464528671594,0.0009870938137900437,0.061279477141772454
37.442384481430054,-0.04816438144823654,0.0009783055040760852,0.06311381405441147
37.49250793457031,-0.04895015332332464,0.0009540542331356872,0.06524031459773821
37.542627573013306,-0.04945757084535718,0.00090129906188198,0.06737232960114709
37.5925076007843,-0.049744283147210244,0.0007974551080942027,0.06894099295128897
37.64281988143921,-0.04986450911754814,0.0006434066238891617,0.06965246079268006
37.69304943084717,-0.04990525636683185,0.000516644581915568,0.06971392908704999
37.74327516555786,-0.04991147112054306,0.0004898521866462946,0.06972477574833696
37.79340839385986,-0.0499133322748907,0.00048191367989060263,0.06974018455332842
37.8435640335083,-0.049915370787269375,0.0004654975043699855,0.06974529022651704
37.89350748062134,-0.04991697165626052,0.0004626624530443407,0.06974529829964793
37.943785190582275,-0.04991814736040345,0.00046176124554363207,0.06974886532717961
37.994025468826294,-0.049919052276901965,0.0004563749982348375,0.06974783069294788
38.04423213005066,-0.049919919441799854,0.00045707264510254364,0.06974896576605089
38.094435691833496,-0.04991996568620316,0.00045464385669333196,0.06975288403535584
38.14464449882507,-0.0499200721765275,0.0004534952104533474,0.06975401395467185
38.194377422332764,-0.049920719854422924,0.00045083901805488547,0.0697548636248066
38.24476194381714,-0.049920201453364954,0.0004551446996529096,0.06976031123098192
38.29485034942627,-0.049921561607732756,0.00045026754059245,0.06975286945002968
38.34502077102661,-0.0499212889027385,0.0004507357240532833,0.06975109971394955
38.395249128341675,-0.04992106086790138,0.0004514462315848844,0.06975969468625826
38.44539022445679,-0.049921254773990564,0.00044944630488044646,0.0697564026494289
38.4954719543457,-0.0499220773872574,0.0004513822751237434,0.06975608484733936
38.54529643058777,-0.04992214875633272,0.0004474069415130594,0.06975880227207015
38.59566855430603,-0.04992135509075857,0.00044751659289651857,0.0697611447356748
38.64587664604187,-0.0499218499469809,0.0004468271841896604,0.0697622864435849
38.69596552848816,-0.04992245013998409,0.0004450881389878175,0.06975602429768946
38.74614644050598,-0.049923471575920586,0.00044930862457041865,0.06975875316930014
38.796167850494385,-0.04992428979694874,0.00044629509519177046,0.0697572217268424
38.84625482559204,-0.04992216179825826,0.00044359490403766966,0.06976252833976188
38.896281242370605,-0.049922922132405234,0.0004427811914482077,0.06976367352308643
38.94647431373596,-0.049924070304588786,0.0004483041248922043,0.06976031038376829
38.99666976928711,-0.04992317327267115,0.00044267284431727394,0.06976296113127067
39.04686093330383,-0.049923685755332015,0.0004465220384855806,0.06976216361292181
39.097126483917236,-0.04992349273099139,0.00044132639220120784,0.06976030131111355
39.147278785705566,-0.04992403052851735,0.0004431862500864081,0.06975956542303696
39.19773554801941,-0.04992335627863653,0.00044644729685848483,0.06976080927531914
39.24759840965271,-0.049923650290603194,0.0004436691401953907,0.06975913181513332
39.297627210617065,-0.049923501690887995,0.000442429002690356,0.0697640954500579
39.34785771369934,-0.04992412239694599,0.0004443959953186749,0.06976064314479313
39.39802122116089,-0.049924051718982176,0.00044508796184204724,0.06976058476603547
39.4481246471405,-0.04992395201507327,0.0004439493789915594,0.06975908558243687
39.498077392578125,-0.04992553855009774,0.0004435137289208052,0.06975725359248952
39.548434257507324,-0.04992466401210882,0.0004407470360913296,0.06975803026960381
39.59845185279846,-0.04992398450300384,0.0004441378591660411,0.06976107250405489
39.64864444732666,-0.049925327162133715,0.0004385863737615264,0.06976228708861104
39.698856830596924,-0.04992338041224753,0.0004417048232738391,0.06976819627928005
39.749069929122925,-0.04992466656567307,0.0004388111944906986,0.06976283165095892
39.79908800125122,-0.04992356644843199,0.00043912866618266155,0.06976894823358326
39.849318504333496,-0.04992461751736643,0.0004417053787863501,0.06976617274324387
39.89969325065613,-0.049925087683375335,0.0004407113658672357,0.0697670510998944
39.94981813430786,-0.04992376910576879,0.0004414088580831227,0.06976786319939027
39.99966096878052,-0.04992447123041177,0.0004379724986528083,0.06976346729574373
40.05006289482117,-0.04992554739754751,0.00044232873034528997,0.06976361636040579
40.09992599487305,-0.049926252509778335,0.00043788381717532743,0.06976215009034298
40.15020823478699,-0.04992537496930316,0.000437857926923399,0.06976321465217189
40.20035791397095,-0.04992586691003542,0.000438482289570441,0.06976684258415711
40.250608682632446,-0.04992574364307567,0.0004370361271397588,0.06976511267518154
40.30071687698364,-0.049924416890740786,0.00044310836145779187,0.06976795647160794
40.35093402862549,-0.049924761374531834,0.0004388266156425541,0.06976763824868532
40.400734186172485,-0.04992455134551932,0.0004396857473643878,0.069768676883053
40.451115131378174,-0.049925303606242144,0.0004384298179893886,0.06976665107246349
40.50131297111511,-0.04992467034209025,0.0004339589846384384,0.06976903569432219
40.55149030685425,-0.04992499370651593,0.0004428381169366835,0.06976825266069103
40.601645708084106,-0.049925064454559354,0.0004404870383643428,0.06976649583674221
40.651853799819946,-0.04992523078958866,0.00044180712273085565,0.0697711157316453
40.70184016227722,-0.049926625111085254,0.00043499697528513737,0.06976365217871694
40.75218629837036,-0.04992572186692412,0.00043888318289005135,0.06976477923550872
40.80237698554993,-0.04992524750096594,0.00043995870029481243,0.0697672454919327
40.85223054885864,-0.04992496744182329,0.00043553647560996833,0.06976997620672365
