Timestamp,0
0.28,0.0020675644244969
0.31,0.0020675644244969
0.34,0.0020675644244969
0.37,0.0020675644244969
0.4,0.0020675644244969
0.43,0.0020675644244969
0.46,0.0020675644244969
0.49,0.0020675644244969
0.52,0.0020675644244969
0.56,0.00209719690527366
0.59,0.00209719690527366
0.62,0.0020960880645829044
0.65,0.0020960880645829044
0.68,0.0020960880645829044
0.71,0.0020960880645829044
0.74,0.0020960880645829044
0.77,0.0020960880645829044
0.8,0.002096053039484616
0.83,0.002096053039484616
0.87,0.002096053039484616
0.9,0.002096053039484616
0.93,0.0020960739551382423
0.96,0.0020960948707918685
0.99,0.002096108108958576
1.02,0.002096121347125283
1.05,0.0020961178174807088
1.08,0.002096114287836134
1.11,0.002096110758191559
1.14,0.002096546831809604
1.18,0.0020969829054276494
1.21,0.002092567574940303
1.24,0.0020786624760472773
1.27,0.002074247145559931
1.3,0.002020748401122319
1.33,0.00200994759007107
1.36,0.001977095219181086
1.39,0.001965154426486119
1.42,0.0019332074201772454
1.45,0.001920594809564774
1.49,0.00188602995424356
1.52,0.0018857320317360086
1.55,0.0018844881145975577
1.58,0.0018831209613671609
1.61,0.001882114886276564
1.64,0.0018829296672074071
1.67,0.0018823582138949105
1.7,0.0018804576902987338
1.73,0.0018791091275882868
1.77,0.00187797063629432
1.8,0.0018786000692401401
1.83,0.0018790056211962398
1.86,0.0018775069862567912
1.89,0.0018767690918409796
1.92,0.001874932600696948
1.95,0.0018707994065431967
1.98,0.0018691411377296054
2.01,0.0018654577554712345
2.04,0.0018634176764734628
2.07,0.0018610246880502613
2.11,0.0018580502209766402
2.14,0.0018504399697528001
2.17,0.001848056654024749
2.2,0.001839946314419138
2.23,0.0018381474883703325
2.26,0.0018358908955860669
2.29,0.0018345004203692416
2.32,0.001831790294019561
2.35,0.001829814591149034
2.38,0.001827017639309447
2.42,0.00182672206445556
2.45,0.0018088311633004156
2.48,0.001810931172908211
2.51,0.0017797488840486267
2.54,0.0017707311600711623
2.57,0.0017607295283051778
2.6,0.0017505542089820037
2.63,0.001743605768554949
2.66,0.0017338307641347743
2.7,0.0017291704386744801
2.73,0.0017235239454655
2.76,0.0017234694789092578
2.79,0.0017213899512086958
2.82,0.0017057274499052463
2.85,0.0017031793979673567
2.88,0.0017007515004674074
2.91,0.001710049424059538
2.94,0.0017012991406204884
2.97,0.0016930565310961723
3.0,0.001683347558278416
3.04,0.00168353797130932
3.07,0.0016903109186463302
3.1,0.00168712835058548
3.13,0.00167830115760517
3.16,0.001660172035108203
3.19,0.0016472834582999557
3.21,0.0016316644984457364
3.25,0.0016164702894780774
3.28,0.0016008513296238585
3.31,0.001577702588174499
3.35,0.0015551297276196001
3.38,0.001551907052043412
3.41,0.001519366291176364
3.44,0.0015109363271781286
3.47,0.001499764160074513
3.5,0.0014887691203677976
3.53,0.001476840490084658
3.56,0.0014490909386662184
3.59,0.0014258938160423857
3.62,0.0014069491009785526
3.66,0.0013850591553447801
3.69,0.001385446865282652
3.72,0.001372759336773244
3.75,0.0013321748648100502
3.78,0.0013214970838986966
3.81,0.001290304068384383
3.84,0.0012657846112371692
3.87,0.0012425349932276755
3.9,0.0012071648794899216
3.93,0.001183915261480428
3.97,0.00114656642507908
4.0,0.0010987494919447532
4.03,0.0010948157091051666
4.06,0.001062893186479243
4.09,0.001045594982940499
4.12,0.0010302832250611354
4.15,0.0010005596584295965
4.18,0.0009873773682241775
4.21,0.0009661779286355088
4.25,0.00093278978547646
4.28,0.0009250970216715599
4.31,0.0008723096587326931
4.34,0.0008603079990167466
4.37,0.000819253556110457
4.4,0.0007725682863953676
4.43,0.0007557060676261381
4.46,0.0007099061410651486
4.49,0.000682392444947319
4.52,0.0006519311337254795
4.56,0.00060774804553076
4.59,0.00059581042457648
4.62,0.00057877872478978
4.65,0.0005461356598603325
4.68,0.0005280751962608851
4.71,0.0004961816867402208
4.74,0.00046044527233209657
4.77,0.0004275059060496425
4.8,0.0003905725218303883
4.82,0.0003562346759802141
4.87,0.00031510174470365994
4.9,0.00029964974640186
4.93,0.0002802517351457289
4.96,0.00023464893611663775
4.99,0.00020930460130692098
5.02,0.00017277986819374405
5.05,0.00015253402776764722
5.08,0.00012018387421246546
5.11,8.318118379026357e-05
5.14,5.067540683930175e-05
5.18,3.260545460309992e-05
5.21,-1.6093692712699884e-05
5.24,-1.511541420309995e-05
5.27,-3.840785013734749e-05
5.3,-4.063135015485496e-05
5.33,-5.7359818485305815e-05
5.36,-7.990529372621662e-05
5.39,-9.23596723746025e-05
5.42,-9.357166575404836e-05
5.45,-0.00011053653778959416
5.49,-0.00012203549202696
5.52,-0.00015272927404548004
5.55,-0.00015832149188405338
5.58,-0.00016673475605816674
5.59,-0.00018473404229208253
5.61,-0.00019343174781500218
5.64,-0.0001921217067979618
5.67,-0.00020146429541291743
5.7,-0.00020363240479705303
5.73,-0.00021040868467048202
5.76,-0.00022563580283473106
5.8,-0.00023798424017502
5.83,-0.00025932136456430005
5.86,-0.0002831783220184201
5.89,-0.0002918204748035201
5.92,-0.0003052174352091858
5.95,-0.0003150695682692715
5.98,-0.0003272773882739972
6.01,-0.00034228397495652293
6.04,-0.00034926552156416856
6.07,-0.00035887043364700433
6.11,-0.00037367215682474007
6.14,-0.0003779476735554001
6.17,-0.00039839500409550004
6.2,-0.00040557554549426004
6.23,-0.00041580106857814006
6.26,-0.0004322807162867601
6.29,-0.0004467975577815
6.32,-0.0004615826417877601
6.35,-0.00046909147161250674
6.38,-0.00047739446546592336
6.42,-0.0004900183685716401
6.45,-0.0004968587405088481
6.48,-0.0005127836205823761
6.51,-0.0005249339832456841
6.54,-0.000531860141041432
6.57,-0.0005527769856542667
6.6,-0.0005643415774147815
6.63,-0.0005772020781578009
6.66,-0.0005927899221953472
6.69,-0.0006063276946611137
6.73,-0.0006162675640043801
6.76,-0.00062480227092794
6.79,-0.0006389300751807935
6.82,-0.0006462931436529667
6.85,-0.0006556263123456172
6.88,-0.0006699876901958877
6.91,-0.0006799903817079382
6.94,-0.0006974961995846485
6.97,-0.0007043815996662991
7.0,-0.0007155792861529996
7.04,-0.00072510146839302
7.07,-0.00074043270587868
7.1,-0.00074509092776
7.13,-0.0007579367252578774
7.16,-0.000770977774152155
7.19,-0.0007830959509778125
7.22,-0.0008013805909378501
7.25,-0.0008162109705853874
7.28,-0.0008272905531124383
7.31,-0.0008410890199868293
7.35,-0.0008580074917443401
7.38,-0.00087353167470564
7.41,-0.0008756409023595133
7.44,-0.0008821563622913268
7.47,-0.0009025054275743115
7.5,-0.0009122159294321563
7.53,-0.0009280274381369089
7.56,-0.0009447930917011616
7.59,-0.0009568897212960346
7.62,-0.0009677593855174672
7.66,-0.0009895177126486199
7.69,-0.000998562749458076
7.72,-0.001003463004051932
7.75,-0.0010120214241847278
7.78,-0.001023394533226261
7.81,-0.0010305939719910742
7.84,-0.0010403644388141872
7.87,-0.0010592416013915406
7.9,-0.0010658138919135004
7.92,-0.0010777420842473602
7.97,-0.0010990401179709801
8.0,-0.0011030942917799242
8.03,-0.001120897495415008
8.06,-0.0011278856902204296
8.09,-0.0011273490726127111
8.12,-0.0011424931051003924
8.15,-0.001154638959437834
8.18,-0.0011656339974716755
8.21,-0.0011780630651593235
8.24,-0.0011869602097374118
8.28,-0.00119951597584426
8.31,-0.00120481056666976
8.34,-0.0012169631836278579
8.37,-0.001228620994289396
8.4,-0.001238827302571854
8.43,-0.001251040125703932
8.46,-0.0012616972256684498
8.49,-0.001273476338902188
8.52,-0.001282931028942806
8.55,-0.0013001777737484174
8.58,-0.0013112196323165285
8.62,-0.00132868902569452
8.65,-0.00132472273014628
8.68,-0.00133746036499332
8.69,-0.0013474499373500666
8.74,-0.0013680192282699052
8.77,-0.001378559754840604
8.8,-0.0013893033877777493
8.83,-0.0014006311768815847
8.87,-0.00141995997644674
8.9,-0.0014247702881059602
8.93,-0.001436335069815772
8.96,-0.001431431365880384
8.99,-0.0014431252926402085
9.02,-0.001468072915345993
9.05,-0.0014765702065588776
9.08,-0.001485166674190742
9.11,-0.0014924294233958967
9.14,-0.001504169200792091
9.17,-0.0015204148696798157
9.21,-0.00153453872371306
9.24,-0.00155735502494612
9.27,-0.00156631057352919
9.3,-0.0015770880855413998
9.33,-0.0015890100182962934
9.36,-0.0015949638778925666
9.39,-0.00160687722845568
9.42,-0.0016131303587522134
9.45,-0.001635263133430267
9.49,-0.0016445001780687602
9.52,-0.00165508072501576
9.55,-0.0016603864419456199
9.58,-0.0016798357536813124
9.61,-0.0016932130353603347
9.64,-0.0017014395841282743
9.67,-0.0017103953945066034
9.7,-0.0017240985818870725
9.73,-0.001735241560852248
9.76,-0.001751871265939954
9.8,-0.00176701518048132
9.83,-0.0017850375713871398
9.86,-0.001789338886487682
9.89,-0.0018064261337754847
9.92,-0.0018290030310532865
9.95,-0.0018351457545135123
9.98,-0.001847534410157998
10.01,-0.0018531907726821832
10.04,-0.0018617445216862686
10.07,-0.0018742488785441947
10.11,-0.00188964042392274
10.14,-0.00190430603983208
10.17,-0.001920544711933225
10.2,-0.00193725833545111
10.23,-0.0019497118950582148
10.26,-0.0019589009988732467
10.28,-0.0019713653622747186
10.32,-0.0019765634170260697
10.35,-0.0019939566000321484
10.38,-0.0020008872730622462
10.42,-0.00201013699144246
10.45,-0.00201849574019984
10.48,-0.00203895797941157
10.51,-0.00205242633845506
10.54,-0.0020594391762012525
10.57,-0.0020724274778489054
10.6,-0.0020845236962289976
10.63,-0.002095838440097206
10.66,-0.002103076035557595
10.69,-0.00211077009111887
10.72,-0.002124039663404605
10.76,-0.00213557829052618
10.79,-0.002154198029381952
10.82,-0.002172204359126304
10.85,-0.002183763642407139
10.88,-0.0022003408960342133
10.91,-0.0022084750257552674
10.94,-0.002220769606363822
10.97,-0.0022272152010308563
11.0,-0.002243083193047145
11.03,-0.002253856042750792
11.07,-0.00226877960634166
11.1,-0.0022894540117182
11.13,-0.0023115541434559697
11.16,-0.0023256286176902515
11.19,-0.0023376100211063523
11.22,-0.0023458817984388343
11.25,-0.0023725897993539156
11.28,-0.002388610029953257
11.31,-0.0024027789752426886
11.35,-0.0024141558598920203
11.38,-0.00244011481968874
11.41,-0.00245157918717166
11.44,-0.0024649752134105673
11.47,-0.002479339015292695
11.5,-0.002496123239573962
11.53,-0.00251754490632277
11.56,-0.0025400128187661477
11.59,-0.002553178695347085
11.62,-0.0025738447619375023
11.66,-0.00258171364841034
11.69,-0.0026102318436576804
11.72,-0.00261559954816332
11.75,-0.0026171633053276803
11.78,-0.002639722325668926
11.81,-0.0026516303681758716
11.84,-0.0026755164180994975
11.87,-0.0026919382607367226
11.9,-0.002708960147542109
11.93,-0.0027289600344868143
11.97,-0.0027471165878222804
12.0,-0.0027784866659664
12.03,-0.0027957754723879572
12.06,-0.002811589229440811
12.09,-0.002812790977864775
12.12,-0.002823291678318059
12.15,-0.002847914694697023
12.18,-0.002867436458876867
12.21,-0.0028924409745128385
12.24,-0.0029043552783944897
12.28,-0.00291839334660054
12.31,-0.0029461036487792
12.34,-0.0029640822953782
12.37,-0.0029711299386890625
12.4,-0.002978328052971042
12.43,-0.0029954304989170816
12.46,-0.003020882021755741
12.49,-0.0030438974617241206
12.52,-0.003062925725837701
12.55,-0.0030789433315712503
12.59,-0.00309553837313198
12.62,-0.00310476556023796
12.65,-0.0031285304510149394
12.68,-0.00314292390206253
12.71,-0.00314330816308206
12.74,-0.0031596566542906866
12.77,-0.0031748652806639936
12.8,-0.00319227839882609
12.83,-0.0032121024926177596
12.86,-0.00322653223167819
12.9,-0.0032408693704678
12.93,-0.0032697792466084134
12.96,-0.0032814077494829883
12.99,-0.003295919507782002
13.02,-0.0033025566087420645
13.05,-0.0033127539751304073
13.08,-0.0033334802937810106
13.11,-0.0033541838875786973
13.14,-0.0033701970713576252
13.17,-0.0033843698455738023
13.21,-0.0034016392697971396
13.24,-0.00342612555498224
13.27,-0.0034340478424048663
13.3,-0.0034575570743735733
13.33,-0.0034614188558895003
13.36,-0.0034684696917340664
13.39,-0.003492596905682194
13.42,-0.0035086915568610802
13.45,-0.00352339162615226
13.48,-0.00353833842672293
13.52,-0.0035542947033833207
13.55,-0.0035772306684567602
13.58,-0.003606564161642882
13.61,-0.0036204189739877843
13.64,-0.003636519358952547
13.67,-0.003640156461323509
13.7,-0.0036550727495518708
13.73,-0.0036754280404634283
13.76,-0.0036977417379840316
13.79,-0.0037124454010900357
13.83,-0.0037331627164990397
13.86,-0.00375422282559374
13.89,-0.003771112932483338
13.92,-0.0037811599670084955
13.95,-0.003804495802350633
13.98,-0.003817693619888838
14.01,-0.0038257660233184027
14.04,-0.0038433139628715517
14.07,-0.003863458227453688
14.1,-0.0038749848096780045
14.14,-0.003888475716107781
14.17,-0.0038995853254689405
14.2,-0.003923792629172368
14.23,-0.003934422804268955
14.26,-0.003958765323225809
14.29,-0.003971581635803343
14.32,-0.003990466148742518
14.35,-0.004007091775750472
14.38,-0.004020880875024766
14.42,-0.00403814348057308
14.45,-0.004044728503752941
14.48,-0.004052612934791059
14.51,-0.004077577810087465
14.54,-0.00409568641890809
14.57,-0.004112896979425592
14.6,-0.004130495389352794
14.63,-0.004150335717941415
14.66,-0.0041707337105483236
14.69,-0.004186289878813393
14.73,-0.00419815112468888
14.75,-0.0042109338666922805
14.79,-0.00423555527132464
14.82,-0.004249271007610056
14.85,-0.004275025745729752
14.88,-0.004283744684050803
14.91,-0.004302338414435374
14.94,-0.004328156342990285
14.97,-0.004348656111103072
15.0,-0.004368980789053999
15.03,-0.004382025681500897
15.06,-0.004392486881447453
15.1,-0.00440535179794439
15.13,-0.004414514951379343
15.16,-0.004433226655665425
15.19,-0.004447309120461521
15.22,-0.004468370331617917
15.25,-0.004479882411113932
15.28,-0.004497185384631088
15.31,-0.004514632690926144
15.35,-0.00453415002554228
15.38,-0.004541301019065559
15.41,-0.004553996206556761
15.44,-0.004567548567553989
15.47,-0.004578287389274765
15.5,-0.004597267179323681
15.53,-0.004607206334269218
15.56,-0.004626808983299874
15.59,-0.004644322525021401
15.62,-0.004660726442165407
15.65,-0.004674562366228503
15.69,-0.00469163492718124
15.72,-0.00470438655785332
15.75,-0.004713276114091823
15.78,-0.004719133585992045
15.81,-0.004739305064457674
15.84,-0.004754874030561884
15.87,-0.004773850921492873
15.9,-0.0047853979382421075
15.93,-0.004806641334045724
15.97,-0.00482488123258996
16.0,-0.00485046022259324
16.03,-0.0048539958420706795
16.06,-0.004866811087020443
16.09,-0.004883647046401386
16.12,-0.004903895782343968
16.15,-0.0049216589441428895
16.18,-0.004936935590702152
16.21,-0.004954117195497154
16.24,-0.004977277153247796
16.27,-0.004995788171646318
16.31,-0.0050102196585788805
16.34,-0.005026952300307299
16.37,-0.0050345300275357035
16.4,-0.005053096052962309
16.43,-0.00506072816407537
16.46,-0.005075369305967712
16.49,-0.005096367530498393
16.52,-0.005110654829374775
16.55,-0.00513105574114213
16.58,-0.0051489526683245355
16.62,-0.0051629931803604595
16.65,-0.005196417528572859
16.68,-0.005205746761544819
16.71,-0.00521861655755382
16.74,-0.00523304997904246
16.77,-0.005242480030544356
16.8,-0.005258502048877492
16.83,-0.0052723371345804815
16.86,-0.00528866549966161
16.9,-0.00530793014353038
16.93,-0.005317305015356599
16.96,-0.0053346899247139696
16.99,-0.0053575423138257795
17.02,-0.00537161211935179
17.05,-0.005394438856470479
17.08,-0.005411574991991229
17.11,-0.00543110470446136
17.14,-0.005441537742604164
17.17,-0.005455688304890636
17.2,-0.005472383518340128
17.24,-0.00549853930210326
17.27,-0.005504060258937379
17.3,-0.005529648699601765
17.33,-0.00553829332876859
17.36,-0.0055610124755616185
17.39,-0.005576963455640187
17.42,-0.005598389310079255
17.45,-0.005614567945335536
17.47,-0.005631598284466879
17.52,-0.00565558411743954
17.55,-0.005668317221676459
17.58,-0.00567724773869034
17.61,-0.0056845159793988895
17.64,-0.00569394011281376
17.67,-0.0057178210047530405
17.7,-0.00573608895780228
17.73,-0.00575555283051966
17.76,-0.005771954937482473
17.79,-0.005780253882248046
17.83,-0.0058004781005779
17.86,-0.005821974324385
17.89,-0.005832555176846898
17.92,-0.005851644094672056
17.95,-0.005871325850659314
17.98,-0.005875542022600481
18.01,-0.005894126203158147
18.04,-0.005910329379866274
18.07,-0.005926285399904975
18.1,-0.005942544900161537
18.13,-0.005952344228962149
18.17,-0.0059680344966725
18.2,-0.00598816040525424
18.23,-0.00600566865394873
18.26,-0.00602124105031484
18.29,-0.0060292967090798694
18.32,-0.00604908805583778
18.35,-0.00607222669334149
18.38,-0.006091956463928972
18.41,-0.006106576856978995
18.45,-0.006119654948118959
18.48,-0.006141343225867619
18.51,-0.006169025843454764
18.54,-0.006179870287249668
18.57,-0.006192880048033267
18.6,-0.006208803358147606
18.63,-0.006237683753482885
18.66,-0.0062531463992911845
18.69,-0.006273141912192878
18.72,-0.006287893664443512
18.75,-0.0063071329121997255
18.79,-0.0063297549588043804
18.82,-0.0063594005180905
18.85,-0.00638086395503924
18.88,-0.006392683418415521
18.91,-0.006413497004076146
18.94,-0.006426821372829633
18.97,-0.006448572078635554
19.0,-0.006470312167544496
19.03,-0.006485281794381478
19.07,-0.0065085584725737
19.1,-0.00651869409013082
19.13,-0.0065348901348438624
19.16,-0.006568468962914196
19.19,-0.006582779018027252
19.22,-0.0066003789125264264
19.25,-0.006613051976368281
19.28,-0.006631814470771516
19.31,-0.006657462746868331
19.34,-0.006685455795592145
19.38,-0.00670535475908732
19.41,-0.0067227795428359185
19.44,-0.006743243813695154
19.47,-0.006769231310349488
19.5,-0.006794064248355942
19.53,-0.006811884412078513
19.56,-0.006826520012134944
19.59,-0.006852065585334856
19.62,-0.006877030105882666
19.65,-0.006901646378042264
19.68,-0.006916624604483302
19.72,-0.0069371522749009
19.75,-0.006949282554029721
19.78,-0.0069633917944336
19.81,-0.00699165983975798
19.84,-0.0070140877183343265
19.87,-0.007034916945994313
19.9,-0.007051077314004254
19.93,-0.007071795944813797
19.96,-0.007096833856275439
20.0,-0.00711753471371836
20.03,-0.00713900854743046
20.06,-0.007164154071031962
20.09,-0.007177293378556204
20.12,-0.007194991837686927
20.15,-0.00720640461765297
20.18,-0.0072269532546780715
20.21,-0.007248970563251253
20.24,-0.007273848972097682
20.27,-0.0072903189331886805
20.31,-0.007302277590423739
20.34,-0.00731777799784408
20.37,-0.007344427010483066
20.4,-0.007364747166352772
20.43,-0.00738219929341678
20.46,-0.007402338332824878
20.49,-0.007424041367758878
20.52,-0.007440493984063665
20.55,-0.00746320929097387
20.58,-0.007487209694193075
20.61,-0.0075102964865711485
20.63,-0.007528577447034841
20.71,-0.007553693656609653
20.74,-0.007577602908678237
20.77,-0.007601741555883321
20.8,-0.007619751165460445
20.83,-0.007636174067443294
20.86,-0.007659380260654003
20.89,-0.0076843100204499306
20.93,-0.00770432845032514
20.96,-0.007739466370610159
20.99,-0.0077508969952901794
21.02,-0.007778780659963106
21.05,-0.00779669943499639
21.08,-0.007820131760067732
21.11,-0.007834764171856055
21.14,-0.007859534424479635
21.17,-0.00787934820708687
21.2,-0.007905827316743264
21.24,-0.00792706841802078
21.27,-0.007938466841925961
21.3,-0.007953504536364989
21.33,-0.007970685891498738
21.36,-0.007997220870693367
21.39,-0.008020159783991253
21.42,-0.008048273380634517
21.45,-0.008067153411154123
21.48,-0.008085645384278202
21.51,-0.0081039786045408
21.55,-0.008125686473735001
21.58,-0.00815874467769356
21.61,-0.008189844060713566
21.64,-0.008208747841835975
21.67,-0.00822001113984471
21.7,-0.00823139338278539
21.73,-0.008253725015399746
21.76,-0.00827986257455192
21.79,-0.008312055744128874
21.82,-0.008328178537589886
21.86,-0.00834716204405966
21.89,-0.008373200166449
21.92,-0.008402240546898681
21.95,-0.008422860726178618
21.98,-0.008442347001172567
22.01,-0.008464549332141112
22.04,-0.008484239789225453
22.07,-0.008505139911899376
22.1,-0.008532079202598956
22.13,-0.00854651814936926
22.17,-0.00856906510608228
22.2,-0.0085847908939647
22.23,-0.008611379929889858
22.26,-0.00864219801304519
22.29,-0.008650429570508721
22.32,-0.008668752330923344
22.35,-0.008690340166237927
22.38,-0.00871489426583599
22.41,-0.008737649349441419
22.44,-0.008753507509070352
22.48,-0.00877850167501828
22.51,-0.00879388517071036
22.54,-0.008806702763759222
22.57,-0.008828431810069245
22.6,-0.008854256362164895
22.63,-0.008873991067212905
22.66,-0.008891838084229197
22.69,-0.008909495038874449
22.72,-0.008925137404784959
22.75,-0.00895064435461646
22.79,-0.008969916531614022
22.82,-0.008994687336630568
22.85,-0.009014060691472077
22.88,-0.009035306700021915
22.91,-0.009065377747213933
22.94,-0.0090788158477704
22.97,-0.009102436080998002
23.0,-0.009128236838428816
23.03,-0.009146955704118087
23.07,-0.00917428430503198
23.1,-0.00918676174651482
23.13,-0.00921589404835924
23.16,-0.00922955229070108
23.19,-0.009245203056761329
23.22,-0.009270630786409866
23.25,-0.009295955225173347
23.28,-0.009310576906586205
23.31,-0.009332432593495203
23.34,-0.009355115603975131
23.38,-0.009387075389646919
23.41,-0.009412888494194919
23.44,-0.00942565884155738
23.47,-0.00944932693703179
23.5,-0.009460854364346877
23.53,-0.009485436193695426
23.56,-0.009507326165236255
23.59,-0.009533824357578765
23.62,-0.009564726720286314
23.65,-0.009589667887179082
23.68,-0.009609477244150368
23.72,-0.009639364743770399
23.75,-0.0096553723920122
23.78,-0.00967146551608696
23.81,-0.00968693130031684
23.84,-0.00970556857415252
23.87,-0.009733347320718953
23.9,-0.009752845343549647
23.93,-0.009775756936105277
23.96,-0.009802678253910471
23.99,-0.009824010650618404
24.03,-0.009855980235429761
24.06,-0.00988022314598984
24.09,-0.009901583083365076
24.12,-0.00992777020046125
24.15,-0.009946468775827689
24.18,-0.009974331319662603
24.21,-0.00999560840857834
24.24,-0.010020128744515685
24.27,-0.010040590033499087
24.3,-0.010069480972898451
24.33,-0.010089502827658296
24.37,-0.010111989269085079
24.4,-0.010132474420741154
24.43,-0.010155796233385288
24.44,-0.010174095347479544
24.49,-0.010199553447412385
24.52,-0.01022623399878888
24.55,-0.010252625232601472
24.58,-0.010265734593018886
24.62,-0.01028765342362796
24.65,-0.01029108830112226
24.68,-0.010316097727807661
24.71,-0.010343387248707788
24.74,-0.010370022180179454
24.77,-0.010393898564578261
24.8,-0.010408521115236286
24.83,-0.010433761995183175
24.86,-0.010459151490235574
24.89,-0.010482388027664154
24.92,-0.010505705904369288
24.96,-0.0105326194201392
24.99,-0.0105459913125792
25.02,-0.010567752700647472
25.05,-0.010575457254876764
25.08,-0.010599490725625858
25.11,-0.010619255995862548
25.14,-0.010640214323338521
25.17,-0.01066220180806961
25.2,-0.010687194151448184
25.23,-0.010711776617211835
25.25,-0.010727051137939288
25.27,-0.01073759346653846
25.3,-0.01075720290987526
25.33,-0.010788707136040809
25.36,-0.010814265234795395
25.39,-0.010840628937007676
25.42,-0.010859962074676259
25.45,-0.0108734505614771
25.48,-0.01090074777669901
25.51,-0.010936783425292019
25.55,-0.010960542290103606
25.58,-0.0109885291449584
25.61,-0.011004858008465141
25.64,-0.011036764449628823
25.67,-0.011061399034216997
25.7,-0.011080941626750173
25.73,-0.011106824041988966
25.76,-0.011133900144030661
25.79,-0.011157427487417469
25.82,-0.011184980668977582
25.85,-0.011207132804462411
25.89,-0.01123923291949962
25.92,-0.01126632763502482
25.95,-0.011280409409660293
25.98,-0.011312691185315608
26.01,-0.011339463688914475
26.04,-0.011367603517275
26.07,-0.011389111321622864
26.1,-0.011418462036611869
26.13,-0.011442578053507835
26.17,-0.01147559428783038
26.2,-0.011496248497067003
26.23,-0.011529913231314243
26.26,-0.011556223100619519
26.29,-0.011581020112685136
26.32,-0.011615581183240133
26.35,-0.011641508534309033
26.38,-0.011670491660806477
26.41,-0.011706198194431965
26.44,-0.011729716783100521
26.48,-0.01176645606019496
26.51,-0.01178667832122602
26.54,-0.011818175152437039
26.57,-0.011847369047379219
26.6,-0.01186115752712739
26.63,-0.011892437303676114
26.66,-0.011911239484882303
26.69,-0.01194104857178635
26.72,-0.011966547104201159
26.75,-0.011986730609910479
26.77,-0.01201697253248784
26.82,-0.012039315458246361
26.85,-0.01206158080390218
26.88,-0.012095492629433591
26.91,-0.012119660995411804
26.94,-0.012138391491106714
26.97,-0.012166919492614683
27.0,-0.012177262231567051
27.03,-0.012205017005098977
27.06,-0.012237164021688068
27.1,-0.01226412046982964
27.13,-0.0122899643881678
27.16,-0.01230561613253542
27.19,-0.012327473436568235
27.22,-0.012352016190184787
27.25,-0.012383499285974837
27.28,-0.012401988916561048
27.31,-0.012437082416155262
27.34,-0.012453973657299815
27.37,-0.012490552809039088
27.41,-0.01251613310077648
27.44,-0.012543889427283558
27.47,-0.012558030240270756
27.48,-0.01258438620584725
27.53,-0.01262333495368564
27.56,-0.012643776236598795
27.59,-0.012664569591753267
27.62,-0.012699001956079037
27.65,-0.012727045442360354
27.68,-0.012748329286920356
27.72,-0.012765120094630619
27.75,-0.01279991558203208
27.78,-0.012833138726751259
27.81,-0.012846539828722001
27.84,-0.012878419018990308
27.87,-0.012895097652355017
27.9,-0.012921460368097146
27.93,-0.012944826031638195
27.96,-0.012973348035539123
27.99,-0.013003334933986302
28.03,-0.0130317830416838
28.06,-0.013047585808693724
28.09,-0.01307526494287603
28.12,-0.013093693733868312
28.15,-0.013121415924175917
28.18,-0.013151672343583696
28.21,-0.013170049003916138
28.24,-0.013196237729257418
28.27,-0.013231205204337303
28.3,-0.013250299643625821
28.34,-0.0132808024000055
28.37,-0.013294915120474121
28.4,-0.013316935180262918
28.43,-0.013346528070239588
28.46,-0.01336385633952048
28.49,-0.013394861340143182
28.52,-0.013418846943565946
28.55,-0.013442530163823898
28.58,-0.013469116319490031
28.61,-0.013497236880234098
28.65,-0.0135376241964412
28.68,-0.01357593686587058
28.71,-0.01357977074694756
28.74,-0.013605331938239618
28.77,-0.013627558854858984
28.8,-0.01365266460606801
28.83,-0.013678970896442957
28.86,-0.013696207850014514
28.89,-0.013716234872073529
28.92,-0.013739326687471265
28.96,-0.013762430828343419
28.99,-0.013785823456861579
29.02,-0.013804633683181581
29.05,-0.013830365880582821
29.08,-0.01384648841930392
29.11,-0.013863559801840028
29.14,-0.013887952569603592
29.17,-0.01391298558515677
29.2,-0.013922380859455328
29.23,-0.013939773207423864
29.27,-0.01396335692623328
29.3,-0.014000903806974722
29.33,-0.01402527920608832
29.36,-0.014044136160814017
29.39,-0.014067417949076632
29.42,-0.014083378472065023
29.45,-0.01411039047697291
29.48,-0.014133582303923545
29.51,-0.014155518540033964
29.54,-0.01417875852982049
29.57,-0.014198123186401073
29.61,-0.01421224762454822
29.64,-0.014237304148433308
29.67,-0.014263889519905393
29.7,-0.014299117935356353
29.73,-0.014329877652298414
29.76,-0.014345914400007376
29.79,-0.014367010680969839
29.82,-0.014403297826471987
29.85,-0.014431812627050632
29.89,-0.014462075679014603
29.9,-0.014476570797916772
29.95,-0.014496698938072339
29.98,-0.01451797481864198
30.01,-0.014537111201184899
30.04,-0.014565584362292296
30.07,-0.014581747435917333
30.1,-0.014610282243157007
30.13,-0.014638313339013035
30.16,-0.014658452260769098
30.2,-0.01468252557115094
30.23,-0.01470513769614332
30.26,-0.0147306174462424
30.29,-0.014754208873388911
30.32,-0.014766278091295836
30.35,-0.014789138030828644
30.38,-0.01482082079965889
30.41,-0.014836349246437652
30.44,-0.014852074598604914
30.47,-0.014868152734400276
30.51,-0.014901376021761361
30.54,-0.01494155538022258
30.57,-0.01495846829912043
30.6,-0.014987897254416798
30.63,-0.015007761892963028
30.66,-0.01503251617522448
30.68,-0.015063150371951948
30.72,-0.01508356666153029
30.75,-0.015114995866911604
30.79,-0.0151457829544279
30.82,-0.015150654540533558
30.85,-0.01517483480678738
30.88,-0.01519734153895784
30.91,-0.015223392634266909
30.94,-0.015259102474940736
30.97,-0.015273704261328496
31.0,-0.015292780386525318
31.03,-0.015327876661505802
31.06,-0.01534922124768735
31.09,-0.015374028739634074
31.13,-0.015392569214162339
31.16,-0.015421489879171718
31.19,-0.015449201595328296
31.22,-0.015462300199180356
31.25,-0.015487838981422813
31.28,-0.015509085943292639
31.31,-0.015530205341943663
31.34,-0.015549904880319532
31.37,-0.015570221864960506
31.4,-0.015593719274608226
31.44,-0.01562264543575546
31.47,-0.01563901848988482
31.5,-0.015663106615290877
31.53,-0.0156809329014078
31.56,-0.015700227478543723
31.59,-0.015726594195690356
31.62,-0.015745737529746562
31.65,-0.01576664214877558
31.68,-0.01579313719921836
31.72,-0.01581166334111702
31.75,-0.015825729981759597
31.78,-0.015837822492235278
31.81,-0.015882382449404698
31.84,-0.015899531294910025
31.87,-0.01591400117704238
31.9,-0.015941061460792397
31.93,-0.015974425664549374
31.96,-0.016003492984954553
31.99,-0.016022516408039516
32.02,-0.016046418524342056
32.06,-0.0160819585517587
32.09,-0.01610077647957456
32.12,-0.01612762130960177
32.15,-0.016158401136164784
32.18,-0.016175387288621404
32.21,-0.016202282855670668
32.24,-0.016228845000166546
32.27,-0.016255599299813447
32.3,-0.016279604317007583
32.32,-0.0163015981610287
32.37,-0.01633170402720836
32.4,-0.01636072891033894
32.43,-0.016380737224080455
32.46,-0.01640625131721181
32.49,-0.016440011508625042
32.52,-0.016453844089459713
32.55,-0.01647862845918655
32.58,-0.016512879743158133
32.61,-0.01653484968576425
32.65,-0.016559256145388942
32.68,-0.016574216408779978
32.71,-0.016600671630973597
32.74,-0.01662503437695058
32.77,-0.016652390081096778
32.8,-0.016681169442757427
32.83,-0.01670676053363463
32.86,-0.016729828311791452
32.89,-0.01676013551400986
32.92,-0.016792851367131406
32.95,-0.016830196910638483
32.99,-0.016851447137881278
33.02,-0.01685630665428372
33.05,-0.016892471968704602
33.08,-0.016911692550375203
33.11,-0.016944552060699728
33.14,-0.01698321430625649
33.17,-0.01699837419418133
33.2,-0.017028771241182513
33.23,-0.017058164820892906
33.27,-0.01709307981495982
33.3,-0.017126995511705705
33.33,-0.01712959448150425
33.36,-0.017157119656417984
33.39,-0.017183717481048584
33.42,-0.01720150938604483
33.45,-0.017231268983521737
33.48,-0.01724865301450612
33.51,-0.01726025014201542
33.54,-0.01729023327700828
33.58,-0.01730891233195646
33.61,-0.017347508751744817
33.64,-0.017366513955526842
33.67,-0.017380262588996404
33.7,-0.01741054205251457
33.73,-0.01742429195268382
33.76,-0.01744871182882341
33.79,-0.017478898555571436
33.82,-0.017498775707345548
33.85,-0.01751954784257149
33.87,-0.017539563995804315
33.92,-0.017570252839753657
33.95,-0.01760360821418301
33.98,-0.017620232689346885
34.01,-0.01764644680697608
34.04,-0.017684915364654073
34.07,-0.017709184293832506
34.1,-0.01774021545377906
34.13,-0.017758087368635794
34.16,-0.017789735544568964
34.2,-0.0178266298910391
34.23,-0.01783796871963006
34.26,-0.01785930614455672
34.29,-0.017874219149222957
34.32,-0.01788932523150845
34.35,-0.01792544702321534
34.38,-0.01794207991280137
34.41,-0.017975094990717283
34.44,-0.018006125198003552
34.47,-0.01802397499399414
34.5,-0.01805554597738763
34.54,-0.018082771968783117
34.57,-0.0181154924923968
34.6,-0.01814058960055408
34.63,-0.018156027004029858
34.66,-0.01817997323203715
34.69,-0.01820447445469936
34.71,-0.01822449592703568
34.75,-0.01825145415977316
34.78,-0.018277851018897378
34.82,-0.018309744385383082
34.85,-0.01834132589786332
34.88,-0.01835593381557298
34.91,-0.018386161977131322
34.94,-0.01839562600387491
34.97,-0.018421565540208018
35.0,-0.018457318193021228
35.03,-0.018471525651258976
35.06,-0.018501602379826863
35.09,-0.018521311294049426
35.13,-0.018536748154456106
35.16,-0.01858279237520927
35.19,-0.018587297979202114
35.22,-0.01862180181483036
35.25,-0.01864685517909407
35.28,-0.018663537466029
35.31,-0.01870136565068057
35.34,-0.018718047937615494
35.37,-0.018755518297495187
35.4,-0.018789598480690055
35.43,-0.01881437416783768
35.47,-0.01884506131885789
35.48,-0.018853946164960698
35.5,-0.018866955525315258
35.53,-0.01887489573340398
35.56,-0.0189071341411724
35.59,-0.01891949068817398
35.62,-0.01894737759873935
35.65,-0.018978201541431854
35.68,-0.018997673799346425
35.71,-0.01902519575242296
35.75,-0.019051687497568092
35.78,-0.019073737613891174
35.81,-0.01911205804327154
35.84,-0.0191192258197641
35.87,-0.019152163563263082
35.9,-0.019175264621164236
35.93,-0.019190703747516368
35.96,-0.01921292911510315
35.99,-0.019234308429769233
36.02,-0.019250866737656656
36.06,-0.019272494870712243
36.09,-0.019281483804891218
36.12,-0.01930920819082414
36.15,-0.019340934738607835
36.18,-0.01936476385193775
36.21,-0.019393580903551845
36.24,-0.019405522515945677
36.27,-0.019433364813396255
36.3,-0.019460893999108674
36.33,-0.01948938813083386
36.37,-0.01951618616997802
36.4,-0.01953973387995122
36.43,-0.01954946698344562
36.46,-0.01956217915531732
36.49,-0.019580184441691125
36.52,-0.019611426740197013
36.55,-0.019652806749467715
36.58,-0.019669148355859638
36.61,-0.019693121530845646
36.64,-0.019712975915200753
36.67,-0.019745533050753435
36.71,-0.019774904813268237
36.74,-0.019776792781725838
36.77,-0.019797177358023523
36.8,-0.019833608753748205
36.83,-0.01984954611119737
36.86,-0.01986853016599863
36.89,-0.019882667445775153
36.92,-0.019902619573478483
36.95,-0.019932573381419523
36.99,-0.01995432112668694
37.02,-0.01998409853773086
37.05,-0.02001261757701734
37.06,-0.020029636714165255
37.11,-0.020053146489491944
37.14,-0.020069155085645475
37.17,-0.020098224419804904
37.2,-0.020137546235965274
37.23,-0.020156131711102303
37.26,-0.020179414424817833
37.3,-0.02021041471324042
37.33,-0.020226600836800557
37.36,-0.0202360241204677
37.39,-0.0202555520377865
37.42,-0.020277145701939094
37.45,-0.02030914715361899
37.48,-0.020341631888595963
37.51,-0.020368818775547935
37.54,-0.020394656995559708
37.57,-0.020421821976171338
37.61,-0.0204476627911842
37.64,-0.020467676921380983
37.67,-0.020489800262767338
37.7,-0.020512993488819097
37.73,-0.020531536926779333
37.76,-0.020551045417148223
37.79,-0.02056666714994895
37.82,-0.020592979840013702
37.85,-0.02061423219086278
37.89,-0.020638752188637068
37.92,-0.020673163098677318
37.95,-0.02067205174160634
37.98,-0.02070603270588498
38.01,-0.020726139940629613
38.04,-0.020748573169780883
38.07,-0.020769693762997476
38.1,-0.020778883770062723
38.13,-0.020808026691696777
38.16,-0.02082916450497545
38.19,-0.020850112217551106
38.23,-0.020863534622951214
38.26,-0.02088057170081259
38.29,-0.020884777668779324
38.32,-0.02091777749951875
38.35,-0.02093029873174417
38.38,-0.0209581563681921
38.41,-0.020982665115119876
38.44,-0.020998011340946872
38.47,-0.02102364023433629
38.5,-0.021038986460163285
38.54,-0.02106126594963946
38.57,-0.0210843138630682
38.6,-0.02108244020556948
38.61,-0.02109768949025516
38.63,-0.021102945810508773
38.66,-0.021112152656605758
38.69,-0.021124631233221468
38.72,-0.02114103406905637
38.75,-0.021146313309834016
38.78,-0.021168970635740615
38.81,-0.021181355564356408
38.85,-0.02119352838041106
38.88,-0.021223226955888377
38.91,-0.02123670899598388
38.94,-0.02124459859745211
38.97,-0.021255138732711856
39.0,-0.021260600069674285
39.03,-0.02128229754571302
39.06,-0.021293087773029094
39.09,-0.021307508238349027
39.12,-0.02132190601063582
39.16,-0.02133787043805632
39.19,-0.021323949926621677
39.22,-0.02133366066562904
39.25,-0.02134127972287651
39.28,-0.021354846335629434
39.31,-0.021372161035868857
39.34,-0.021379057829114645
39.37,-0.02139144557712365
39.4,-0.021398177823367913
39.44,-0.02140317149480151
39.47,-0.02140744693429838
39.5,-0.02140335979469816
39.53,-0.021413570469785804
39.56,-0.021413278589485128
39.59,-0.021420641534644215
39.62,-0.021428894330508937
39.65,-0.021422550967370876
39.68,-0.02143091435007189
39.71,-0.021437584307593606
39.74,-0.021441491879955612
39.78,-0.021447283471823682
39.81,-0.02144744373336758
39.84,-0.0214517963549559
39.87,-0.021453785314026523
39.9,-0.02145583806472397
39.93,-0.021460177330632834
39.96,-0.02146378780477668
39.99,-0.02146418563802461
40.02,-0.02145673360031864
40.05,-0.02145801902035218
40.09,-0.021465890655716406
40.12,-0.021467142149489922
40.15,-0.021467392795934587
40.18,-0.02146326422513613
40.21,-0.021464910500334892
40.24,-0.02146746569563411
40.27,-0.021469895790209935
40.3,-0.02147098855884862
40.33,-0.021472907726599627
40.37,-0.02147377284110522
40.4,-0.021474414310548758
40.43,-0.02147772183254602
40.46,-0.021477638793841604
40.49,-0.021477821659174296
40.52,-0.021477376914893435
40.55,-0.021477868385335077
40.58,-0.0214786092892644
40.61,-0.021479543030996674
40.65,-0.021480276264707294
40.67,-0.021482488262597365
40.71,-0.02148344197783262
40.74,-0.021485184047196536
40.77,-0.021486290630670757
40.8,-0.02148660724178134
40.83,-0.02148774278093065
40.86,-0.021487729023922587
40.89,-0.021488631069094162
40.92,-0.02148907602505508
40.95,-0.02148915881128985
40.97,-0.021490265597493535
41.02,-0.021491516846597142
41.05,-0.021493112565861023
41.08,-0.021494987503744564
41.11,-0.021495876187036966
41.14,-0.02149553101778178
41.17,-0.02149663525208939
41.2,-0.021498019275009404
41.23,-0.02149769868373947
41.26,-0.021498357187507304
41.29,-0.021500081412540607
41.32,-0.02150061450351448
41.36,-0.021501218990027902
41.39,-0.02150273881268245
41.42,-0.021505035087245238
41.45,-0.02150566491627376
41.48,-0.02150548833028878
41.51,-0.021506614809763326
41.54,-0.021506481622702793
41.57,-0.02150739444692094
41.6,-0.02150842156936572
41.64,-0.021509679030103042
41.67,-0.0215098079580112
41.7,-0.02151036286558796
41.73,-0.021510360133750923
41.76,-0.02151077186189374
41.79,-0.0215105858014683
41.82,-0.021512488482386637
41.85,-0.0215135151600491
41.88,-0.02151311824583548
41.92,-0.02151392007016252
41.95,-0.021514462575666898
41.98,-0.021515246705421476
42.01,-0.021516156472941677
42.04,-0.02151672803047006
42.07,-0.02151786182880726
42.1,-0.021517694123659205
42.13,-0.021518553518332467
42.16,-0.02151928137356921
42.19,-0.021521359232518786
42.22,-0.021522872976525945
42.26,-0.021524573641407318
42.29,-0.02152833007864368
42.32,-0.02152997708579496
42.35,-0.021534360375857486
42.38,-0.02153936900805916
42.41,-0.021542647172434683
42.44,-0.02154701461105062
42.47,-0.021550701699433638
42.5,-0.021554182241231058
42.53,-0.02155861410771708
42.55,-0.02156141527062458
42.6,-0.02156579540747322
42.63,-0.02156789055923511
42.66,-0.021570154249723073
42.69,-0.021575581752302567
42.72,-0.02158860852182464
42.75,-0.021591033432412917
42.78,-0.021588317830033402
42.81,-0.0215840961938081
42.84,-0.021579860538868248
42.88,-0.02157549271463294
42.91,-0.0215795677885154
42.94,-0.021578425644483423
42.97,-0.02159518357422417
43.0,-0.021581458771776658
43.03,-0.021560714782348254
43.06,-0.02155263501649567
43.09,-0.021545458298568528
43.12,-0.021531123196545782
43.16,-0.02152861145788864
43.19,-0.02153339660393232
43.22,-0.02152242394995378
43.25,-0.02149603548403774
43.28,-0.0214820191149948
43.29,-0.02147463944038428
43.31,-0.021468324446548937
43.34,-0.02146315607604612
43.37,-0.02147886928281409
43.4,-0.02146339145021951
43.44,-0.021440576247089005
43.47,-0.021426000844128452
43.5,-0.02141271592052018
43.53,-0.0214080381807215
43.56,-0.021398127211616536
43.59,-0.021377317374744343
43.62,-0.021352485726719085
43.65,-0.0213414302166747
43.68,-0.021324914970344423
43.71,-0.02131657995034426
43.74,-0.02130705451981974
43.78,-0.0212932169450236
43.81,-0.021279080656509658
43.84,-0.021257193940856556
43.87,-0.0212491041274274
43.9,-0.021231693049326778
43.93,-0.02122348250152813
43.96,-0.02120844155964298
43.99,-0.021196487154194928
44.02,-0.021182959560200682
44.05,-0.021166717687194348
44.09,-0.02115716030270816
44.12,-0.02114948272316528
44.15,-0.021121163553201018
44.18,-0.02110136418607339
44.21,-0.021088225669933097
44.24,-0.021083208031133872
44.27,-0.02107090054255015
44.3,-0.021040335155776847
44.33,-0.021025142308739676
44.36,-0.02101863978758423
44.4,-0.0210125821347227
44.43,-0.02100551368274302
44.46,-0.0209774409351969
44.49,-0.020953941028823968
44.52,-0.020947821598840274
44.55,-0.020926173434255905
44.58,-0.020911584746535077
44.61,-0.020896162926554007
44.64,-0.020880545367221077
44.67,-0.02086360997812965
44.71,-0.02084114844492547
44.74,-0.0208332439406556
44.77,-0.020825216592333457
44.8,-0.02079235359336987
44.83,-0.020774416227484074
44.85,-0.02075935509133605
44.89,-0.02074419814795333
44.92,-0.02072423398396297
44.95,-0.020689448863991294
44.99,-0.020665612971038208
45.02,-0.020662896079903417
45.05,-0.020648406528862462
45.08,-0.0206406253430593
45.11,-0.020621337661080517
45.14,-0.02060603811506638
45.17,-0.020591203433488643
45.2,-0.020569043483831127
45.23,-0.020555448810316807
45.26,-0.020529112538415713
45.29,-0.020501494983373867
45.33,-0.020475750142556582
45.36,-0.02045697653236716
45.39,-0.02044363027427874
45.42,-0.020443947185905968
45.45,-0.020425415403798997
45.48,-0.020408001752088532
45.51,-0.02039480706584715
45.54,-0.02037973890076834
45.57,-0.02036635774808066
45.6,-0.02034603656359028
45.64,-0.02031056800954566
45.65,-0.02030185236174501
45.67,-0.02029313671394436
45.7,-0.02026733966159296
45.73,-0.020265681827266957
45.76,-0.02024740606679586
45.79,-0.020232253341890993
45.82,-0.020220681242959067
45.85,-0.02020610168401796
45.88,-0.020185984723584193
45.91,-0.020161717462757127
45.95,-0.02013455292073707
45.98,-0.0201194593809757
46.01,-0.02008862193758198
46.04,-0.02007200018648801
46.07,-0.020058956611590507
46.1,-0.020039520915748867
46.13,-0.02002067770682884
46.16,-0.020009481485301857
46.19,-0.020007011165290273
46.22,-0.019991767121068055
46.26,-0.01996306006653968
46.29,-0.019932855518125858
46.32,-0.019907432551450922
46.35,-0.01988978239510259
46.38,-0.01987761186631337
46.41,-0.01986245443210269
46.44,-0.019842878427146503
46.47,-0.019827715562248424
46.5,-0.01980870772707919
46.54,-0.019801503276516186
46.57,-0.01979858768365092
46.6,-0.01977183364190108
46.63,-0.0197617709625937
46.66,-0.019723916927891157
46.69,-0.019717477255766835
46.72,-0.019705662908531464
46.75,-0.01968757026081237
46.78,-0.019677593827105377
46.81,-0.019657315522531537
46.84,-0.019639903992693438
46.88,-0.019627013951453078
46.91,-0.019610632680682378
46.94,-0.01958383666795968
46.97,-0.019569524006341023
47.0,-0.01954312203749184
47.03,-0.01952940208148448
47.06,-0.019514835794038322
47.09,-0.01949567580164412
47.12,-0.019471870343978792
47.15,-0.019449052959410868
47.19,-0.019434361898485
47.22,-0.01942364648405662
47.25,-0.019401425731512954
47.28,-0.019387970021980932
47.31,-0.01935018668163411
47.34,-0.019328425935182105
47.37,-0.019310658490777628
47.4,-0.019287812339081705
47.43,-0.0192747927719984
47.46,-0.019238410823349695
47.5,-0.01921337548738656
47.53,-0.01920949019658124
47.56,-0.01918439072625832
47.59,-0.019157320976626414
47.62,-0.01913468301123447
47.65,-0.0191159237998862
47.68,-0.019096276845521763
47.71,-0.019071885657891204
47.74,-0.019045756342266223
47.77,-0.019020482265454722
47.81,-0.0189950868596113
47.84,-0.018980548199676196
47.87,-0.018971161459155898
47.9,-0.018952577655741373
47.93,-0.018932821594125893
47.96,-0.018910423467684928
47.99,-0.01888766855822633
48.02,-0.018866394114031775
48.05,-0.018842108312744264
48.08,-0.018821704573159743
48.12,-0.018792204977795858
48.15,-0.01877203044978032
48.18,-0.018763656156609416
48.21,-0.018736606378107458
48.24,-0.018729699400341714
48.27,-0.018696697803162993
48.3,-0.01868138856129645
48.33,-0.018660095834229274
48.36,-0.01864457735747339
48.39,-0.018614908319368566
48.43,-0.018598243516516202
48.46,-0.01856285783730128
48.49,-0.01854697432248742
48.52,-0.01852340519429204
48.55,-0.01849994906628534
48.58,-0.01849294833302896
48.61,-0.018463099242443597
48.64,-0.01844500428368398
48.67,-0.01842421788587003
48.71,-0.0184069027421216
48.74,-0.01838839970323532
48.77,-0.01836526909552132
48.8,-0.018340841020868102
48.83,-0.018321678024388787
48.86,-0.018297875412636406
48.89,-0.018266909399488933
48.92,-0.018253546614946804
48.95,-0.018227460945716662
48.98,-0.018199705729362265
49.02,-0.01818148998284708
49.05,-0.018174727764406918
49.08,-0.018162111656564322
49.11,-0.01814556516979713
49.14,-0.018127771451423726
49.17,-0.018105966673592495
49.2,-0.018077685610305066
49.23,-0.01806415684207546
49.26,-0.018041382727227617
49.29,-0.01800916906200023
49.32,-0.017987720528600044
49.36,-0.017960342783885298
49.39,-0.017945289339978937
49.4,-0.01792458869883807
49.45,-0.01789973346327482
49.48,-0.01788419988546765
49.51,-0.017867303185096807
49.54,-0.017844351252300043
49.57,-0.01782126708065116
49.6,-0.017786293609998782
49.64,-0.017771618817878938
49.67,-0.017724754117564297
49.7,-0.017703934799337
49.73,-0.017680258242179614
49.76,-0.01765529689212223
49.79,-0.01763578193685752
49.82,-0.017607859735061588
49.85,-0.017583736777418275
49.88,-0.017568886619571684
49.91,-0.01754549895911821
49.94,-0.017521569725229634
49.98,-0.017500895945437144
50.01,-0.017459552540551513
50.04,-0.017455271819852878
50.07,-0.017411738989236546
50.1,-0.01739039325481117
50.13,-0.017367131312248686
50.15,-0.0173432579727316
50.19,-0.017321697185126675
50.22,-0.017290548542280026
50.26,-0.01726038119548624
50.29,-0.0172572181077429
50.32,-0.01724343643583536
50.35,-0.017214610025845622
50.38,-0.017199824771759662
50.41,-0.017169004856710322
50.44,-0.01713759963044752
50.47,-0.017116902379094284
50.5,-0.017072134770911178
50.53,-0.01704819903902003
50.57,-0.01702346893333588
50.6,-0.01701579195145282
50.63,-0.01699637985101892
50.66,-0.016963331464428612
50.69,-0.01695144693895318
50.72,-0.01692814499755174
50.75,-0.016896135376007183
50.78,-0.0168775883125762
50.81,-0.016855767390060467
50.84,-0.01683147494405115
50.88,-0.01680393465362176
50.91,-0.01677096403095692
50.94,-0.01676018462876528
50.97,-0.01674160535531699
51.0,-0.0167133141645661
51.03,-0.016710877024027813
51.06,-0.016693190704205312
51.09,-0.016678221854840195
51.12,-0.016658031869184277
51.15,-0.01663162227011452
51.19,-0.016608316851372464
51.22,-0.016581482085599678
51.25,-0.016567903535389138
51.28,-0.016541636343985137
51.31,-0.016519062617111994
51.34,-0.01649934274068434
51.37,-0.016480247816322867
51.4,-0.01646171258045618
51.43,-0.01644568513564191
51.46,-0.016420257689027162
51.5,-0.01639860985972358
51.53,-0.01639426122296854
51.56,-0.01637014569762614
51.59,-0.0163587049598791
51.62,-0.016322330550399347
51.65,-0.016293077180589206
51.68,-0.016266673563200707
51.7,-0.016247506804889504
51.71,-0.01623580560787836
51.74,-0.016220590317470862
51.77,-0.01619929506720494
51.81,-0.016165864544933697
51.84,-0.016144677225336676
51.87,-0.016120082537448076
51.9,-0.01611971751325366
51.93,-0.016091165769293637
51.96,-0.01605890186529204
51.99,-0.016038570359392868
52.02,-0.016009430796182812
52.05,-0.01599166128818104
52.08,-0.015966858845426347
52.11,-0.01594005826211891
52.15,-0.015907777346426198
52.18,-0.01586951023237492
52.21,-0.015855422145569474
52.24,-0.01583556454215545
52.27,-0.015806719914088323
52.3,-0.015778581799279476
52.33,-0.015759583350851404
52.36,-0.015749304099847483
52.39,-0.01573475701155274
52.42,-0.01571568824460643
52.46,-0.0156912632959069
52.49,-0.0156774240024954
52.52,-0.015643230005770583
52.55,-0.01563662252821487
52.58,-0.015609603364902577
52.61,-0.015576816646346098
52.64,-0.015554888052269778
52.67,-0.015529801199414859
52.71,-0.015524382117769405
52.74,-0.015508736554211134
52.77,-0.015458153902731942
52.8,-0.0154458619636955
52.83,-0.01539623631720162
52.86,-0.015383083874169253
52.89,-0.015378163848733788
52.92,-0.015351062578128497
52.95,-0.015335741451973561
52.98,-0.015306666400335242
53.01,-0.01528685233523904
53.05,-0.015274751973266498
53.08,-0.015231894609121338
53.11,-0.0152090734380911
53.14,-0.015186192820078149
53.17,-0.015167239543366717
53.2,-0.015157610292531515
53.23,-0.015133084158968529
53.26,-0.015100671726021364
53.28,-0.015090733740347603
53.33,-0.015072019646531798
53.36,-0.01505397766110014
53.39,-0.015030365105978018
53.42,-0.015001955754866842
53.45,-0.014987676894936668
53.48,-0.014962633083746587
53.51,-0.014935829267134004
53.54,-0.01492333263483224
53.57,-0.014899002197558136
53.6,-0.014879788986754874
53.63,-0.01486492572706384
53.67,-0.01483781635039692
53.7,-0.01483369814225922
53.73,-0.01479143853529984
53.76,-0.014774471990188826
53.79,-0.014761296942468072
53.82,-0.014745231762910769
53.85,-0.014731366969203682
53.88,-0.014714289388966836
53.91,-0.014686042427226884
53.94,-0.014663111082998212
53.98,-0.0146359620327636
54.01,-0.01462211022266598
54.04,-0.01459257858169086
54.07,-0.014554731131764318
54.1,-0.014541476475665931
54.13,-0.014526463343244481
54.16,-0.014501294882341666
54.19,-0.014492972520764855
54.22,-0.014469572928736556
54.25,-0.014450149941608998
54.29,-0.014420583842712961
54.32,-0.014391297833784539
54.35,-0.01437667369379714
54.38,-0.01434047095023914
54.41,-0.014313261797330511
54.44,-0.014291637320321801
54.47,-0.014267118475555831
54.5,-0.01424483867570712
54.53,-0.01421955511530901
54.57,-0.01419645001482291
54.6,-0.014186382077530698
54.63,-0.014193761223408879
54.66,-0.0141674525066868
54.69,-0.014137420153347768
54.72,-0.014114789973119237
54.75,-0.014097012987222579
54.78,-0.014066645820173019
54.81,-0.014032037350638576
54.84,-0.01400781557239042
54.88,-0.013976513619455969
54.91,-0.013967841983786599
54.94,-0.013937736130113319
54.97,-0.0139192992856955
55.0,-0.01390721354298045
55.03,-0.013884035610669827
55.06,-0.013863127730704056
55.09,-0.013848736544973326
55.12,-0.013823711979115295
55.15,-0.013801201810859292
55.18,-0.013778887368404236
55.22,-0.01374740226226226
55.25,-0.01373721803840038
55.28,-0.013713614104589341
55.31,-0.013693393235312306
55.34,-0.01366242637368951
55.37,-0.013639419925436014
55.4,-0.013630246360559903
55.43,-0.013617393904078989
55.46,-0.013593837399454425
55.5,-0.013564563252944339
55.53,-0.013518558840547739
55.56,-0.0135121347011774
55.59,-0.013480625878145658
55.62,-0.01346043914463815
55.65,-0.013439222717477403
55.68,-0.013407122819368974
55.71,-0.013387921382433188
55.74,-0.013360352703365577
55.77,-0.013343653856275608
55.81,-0.013329444179466198
55.84,-0.01331203420921214
55.87,-0.01329797045635312
55.9,-0.01328154620884556
55.93,-0.013257082335423586
55.96,-0.01323732594435619
55.99,-0.013200979251189054
56.02,-0.01317958845331976
56.05,-0.013158209007159508
56.08,-0.013134535540911036
56.11,-0.013108273294775064
56.15,-0.013076514893630594
56.18,-0.01305195374700332
56.21,-0.01305654108587886
56.24,-0.013031839484497803
56.27,-0.013007439505843507
56.29,-0.012982872629852727
56.33,-0.012945857615602952
56.36,-0.012925175267477457
56.39,-0.012891332897949779
56.43,-0.01285963754608476
56.46,-0.01284709295922574
56.49,-0.012806806252197139
56.52,-0.01277991399954316
56.55,-0.012760732944185341
56.58,-0.01273507726562044
56.61,-0.012718838006295904
56.64,-0.012691665166997667
56.67,-0.012657607201313353
56.7,-0.012642377736438046
56.74,-0.012617962384930511
56.77,-0.0125893559764137
56.8,-0.012559795965422598
56.83,-0.012529771748184659
56.86,-0.012520379610374877
56.89,-0.012495781953185259
56.92,-0.012453922580293762
56.95,-0.012434938081666328
56.98,-0.012409661026561634
57.01,-0.012396492895260175
57.05,-0.01237590810394216
57.08,-0.012350701991073678
57.11,-0.012339657911344759
57.14,-0.01230756227921164
57.17,-0.012281854370233469
57.2,-0.012264278555631798
57.23,-0.012238843832172736
57.26,-0.012217774735901438
57.29,-0.012189173469080997
57.32,-0.01215353807847488
57.36,-0.01213824609603786
57.39,-0.012101463646117661
57.42,-0.01208339353514618
57.45,-0.01206425893172268
57.48,-0.012051803920532431
57.51,-0.012043916616813342
57.54,-0.012018979342163384
57.57,-0.011990071340039429
57.6,-0.0119565147220182
57.63,-0.011933609726179153
57.66,-0.011912927718091767
57.7,-0.0118874020070557
57.73,-0.01185914476838332
57.76,-0.011837965079158594
57.79,-0.011807530113334925
57.82,-0.011793499878056519
57.85,-0.011787592587389137
57.88,-0.011767424144904877
57.91,-0.011756990534286658
57.94,-0.011739423186262329
57.98,-0.01171636824274944
58.01,-0.01170031302030386
58.04,-0.0116717387323242
58.07,-0.011653220420279558
58.1,-0.011618129851834975
58.13,-0.011600029076919694
58.16,-0.011589065715124804
58.19,-0.011571555935640432
58.22,-0.011547961631077155
58.25,-0.011519330014369538
58.29,-0.011504845369191741
58.32,-0.01149900162495952
58.35,-0.011484418548369742
58.38,-0.011467943033194022
58.41,-0.011443052210503952
58.44,-0.011419657747414458
58.47,-0.01139981682423773
58.5,-0.01138250496890884
58.53,-0.011353687287297371
58.56,-0.011322927006615042
58.59,-0.011291807928702168
58.63,-0.01126683807466702
58.66,-0.011253471371233241
58.69,-0.011232403340028368
58.72,-0.011218370091261455
58.75,-0.011191631156372544
58.78,-0.011171675489635149
58.81,-0.011152385795654097
58.84,-0.011124738742395592
58.87,-0.011105568493974084
58.91,-0.011076459112909772
58.94,-0.011031149262451861
58.97,-0.01102036502016376
59.0,-0.011003038214572141
59.03,-0.01097871544770673
59.06,-0.010953286647605077
59.09,-0.010931326353581454
59.12,-0.01092327934034581
59.15,-0.010921627990762788
59.18,-0.010895357228333664
59.22,-0.01087927243755244
59.25,-0.010833044339947839
59.28,-0.0108217852259434
59.31,-0.0108071262262418
59.34,-0.010773024378433884
59.37,-0.010761130349449971
59.4,-0.01072883160349656
59.43,-0.010706841043011912
59.46,-0.010689268521445212
59.49,-0.010669706592167176
59.53,-0.01065517847124938
59.56,-0.0106484254788819
59.59,-0.010623943617412441
59.62,-0.010608602003084947
59.65,-0.010578443732226075
59.68,-0.010561517063954282
59.71,-0.010527049973153239
59.74,-0.010498856079385993
59.77,-0.010476505274840347
59.8,-0.010445599715762815
59.84,-0.01041648961494612
59.87,-0.01041151467079352
59.9,-0.01037601818407406
59.93,-0.01036954689165084
59.96,-0.010361265015687484
59.99,-0.010336407918077656
60.02,-0.010321532709867225
60.05,-0.010288108408579017
60.08,-0.010277385443974057
60.12,-0.010254721790972919
60.15,-0.010213593578635938
60.18,-0.010204056943434677
60.21,-0.01016737997792096
60.24,-0.01014831690437548
60.27,-0.01014127146278756
60.3,-0.010127181031447243
60.33,-0.010113001572172129
60.36,-0.010096143001814249
60.39,-0.010082619109534806
60.42,-0.010066170519212724
60.46,-0.01004433584889214
60.49,-0.01001291267107866
60.52,-0.010001991562314818
60.55,-0.009960182086369595
60.58,-0.00994770705891557
60.61,-0.009929425768411767
60.64,-0.009907503299256371
60.67,-0.009894897613529418
60.7,-0.009861506317101084
60.73,-0.009848510310252741
60.76,-0.009833438908457767
60.8,-0.009816545591523016
60.81,-0.009799188001448878
60.86,-0.009772792934247682
60.89,-0.009753884496997791
60.92,-0.009733115769574951
60.95,-0.009697606146860568
60.98,-0.009684455702904247
61.01,-0.009655692590398385
61.04,-0.009628712420976262
61.08,-0.00960240381330027
61.11,-0.009564089155521259
61.14,-0.009553778444631619
61.17,-0.009544000634316561
61.2,-0.009521949020200446
61.23,-0.00950415974562012
61.26,-0.00947817399004871
61.29,-0.009447526486194303
61.32,-0.009435787870591775
61.35,-0.009406080884818438
61.39,-0.009385098324531839
61.42,-0.00935596625889416
61.45,-0.0093137779121221
61.48,-0.00930249006457938
61.51,-0.00928183880174152
61.54,-0.009265529742396672
61.57,-0.009253613375931129
61.59,-0.009237412676202006
61.63,-0.009225410940419943
61.67,-0.00920651186880123
61.7,-0.009171987923284941
61.73,-0.009152517039651701
61.76,-0.009115173669984461
61.79,-0.009095013725109739
61.82,-0.009072593819376976
61.85,-0.009040079121766232
61.88,-0.009010706597466786
61.91,-0.00898596892828252
61.94,-0.008961389401885993
61.97,-0.008942019409346125
62.01,-0.008925763815370078
62.04,-0.008917527561699761
62.07,-0.008912905961038341
62.1,-0.0088773755516173
62.13,-0.008856596258163079
62.16,-0.008825923487639208
62.19,-0.008799163643773176
62.22,-0.008780131209264264
62.25,-0.008748848156025092
62.29,-0.008729593680079526
62.32,-0.008696775445470843
62.35,-0.008667022441621961
62.38,-0.008660050646734242
62.41,-0.008644767721627231
62.44,-0.00863896379198001
62.47,-0.008614869541874664
62.5,-0.008586230296201458
62.53,-0.008564722341067811
62.56,-0.008524620853177418
62.6,-0.00849496139163776
62.63,-0.0084930551248571
62.66,-0.0084563745244987
62.69,-0.008443366644881439
62.72,-0.00841683150931869
62.75,-0.0083918125945689
62.78,-0.00838450177986093
62.81,-0.008373794897885572
62.84,-0.008357088112661214
62.87,-0.008345846980304935
62.9,-0.008322792713457249
62.94,-0.008303987774180122
62.97,-0.008263132518412061
63.0,-0.008228919270853782
63.03,-0.008214709773085225
63.06,-0.00817005627757381
63.09,-0.008156165810515793
63.12,-0.008132895160981842
63.15,-0.00811565039347353
63.18,-0.008101049070132363
63.21,-0.008065327071501014
63.23,-0.008046192865035487
63.28,-0.00802386429591104
63.31,-0.00798334770617916
63.34,-0.0079658676293054
63.37,-0.00792751906276042
63.4,-0.00789329432142562
63.43,-0.00787391537311688
63.46,-0.007842023587699578
63.49,-0.0078213641111442
63.53,-0.00779253126233186
63.56,-0.00775792449514196
63.59,-0.00776043954401614
63.62,-0.00774143169265554
63.65,-0.007717572207561141
63.68,-0.007700597693205478
63.71,-0.007651593065386335
63.74,-0.007633697101628539
63.77,-0.007608404729462365
63.8,-0.007587630248343411
63.83,-0.007560704560739916
63.87,-0.007521957271743279
63.9,-0.007488582439729491
63.93,-0.00747846588205756
63.96,-0.007454617190992986
63.99,-0.007442141530242842
64.02,-0.0074163397252652585
64.05,-0.007403572075394632
64.08,-0.0073876593677614484
64.11,-0.007358873872334035
64.15,-0.0073267825622023
64.18,-0.007311189385609321
64.21,-0.0072645400099963
64.24,-0.00725475368879578
64.27,-0.007228007271238063
64.3,-0.007207658308904065
64.33,-0.0071875726216026874
64.36,-0.00716075567154083
64.39,-0.007148220888318214
64.42,-0.007129838593398237
64.46,-0.0071131447515743
64.49,-0.007097030789102341
64.52,-0.00705748932906808
64.55,-0.00704164363335856
64.58,-0.007014729531415501
64.61,-0.006993920333765449
64.64,-0.006971660938628996
64.67,-0.006942338449200241
64.7,-0.006917545951221228
64.73,-0.006895390355024994
64.77,-0.00688144517024662
64.8,-0.0068672542013757
64.83,-0.0068585108515341
64.86,-0.006840435602455541
64.89,-0.006826103524727209
64.92,-0.006807018104714016
64.95,-0.006797637887480505
64.98,-0.00677284906214295
65.01,-0.006741045162522333
65.04,-0.006717649874127296
65.08,-0.006689195292258039
65.11,-0.0066735580431339205
65.14,-0.00666330006008384
65.17,-0.0066280097455543
65.2,-0.0066156225718844
65.23,-0.006594215316429619
65.26,-0.00659172684251035
65.29,-0.00658034562164578
65.32,-0.006550502033347309
65.35,-0.00653316381838598
65.38,-0.0065041258471772
65.42,-0.00648351655392998
65.45,-0.00647596527946358
65.46,-0.006434045392521459
65.51,-0.006395884924447019
65.54,-0.00638386703020073
65.57,-0.006364361172233548
65.6,-0.006354407527847365
65.63,-0.006332329270526557
65.66,-0.006324195122127689
65.7,-0.006307546390220189
65.73,-0.00628043993966936
65.76,-0.00625172765209904
65.79,-0.006239004312436703
65.82,-0.0061954728249698655
65.85,-0.006182595240039748
65.88,-0.006154476425264991
65.91,-0.006130146950331348
65.94,-0.006116019834590146
65.97,-0.0060830920722000125
66.01,-0.00605912243767312
66.04,-0.006060146055561421
66.07,-0.00605542664061502
66.1,-0.006055493824828921
66.13,-0.0060221428057165155
66.16,-0.00599044020175115
66.19,-0.005974866228918855
66.22,-0.0059503892265945005
66.24,-0.005939462601706054
66.25,-0.00592853597681761
66.28,-0.005893419883258445
66.32,-0.0058679543396447905
66.35,-0.005857186466522161
66.38,-0.00584145604881155
66.41,-0.00582682796062928
66.44,-0.005813489540985028
66.47,-0.005789666115186817
66.5,-0.005772215228355805
66.53,-0.005751261150180934
66.56,-0.005726823355732803
66.59,-0.005705918334087892
66.63,-0.005675666728631569
66.66,-0.00564173625312476
66.69,-0.005634845321323199
66.72,-0.005601221178170961
66.75,-0.0055947820540571454
66.78,-0.0055678444154478495
66.81,-0.005546345270331555
66.84,-0.00553099966757682
66.87,-0.005520431419686765
66.9,-0.005509195040082737
66.93,-0.0054793403090105195
66.97,-0.005450736706797119
67.0,-0.0054418851018937595
67.03,-0.00541551233912224
67.06,-0.005392363361353335
67.09,-0.005379982031967342
67.12,-0.00535122284235081
67.15,-0.005338356655342408
67.18,-0.005318288467206225
67.21,-0.005300846291468502
67.25,-0.00528921966043839
67.28,-0.0052953269271780404
67.31,-0.00526946731890984
67.34,-0.005248443577319455
67.37,-0.0052209062761604304
67.4,-0.005199554714654156
67.43,-0.005179124006902939
67.46,-0.005157273324625505
67.49,-0.00514071884830053
67.52,-0.005121290356812006
67.56,-0.00509001410519348
67.59,-0.005072544405702641
67.62,-0.0050558903033062
67.65,-0.0050457322614231
67.68,-0.0050347906969731935
67.71,-0.005012503505260608
67.74,-0.004995220457910456
67.77,-0.0049731083725100605
67.8,-0.004941262574226288
67.83,-0.004913092870732673
67.87,-0.00488746033177624
67.9,-0.00488058733733912
67.93,-0.00485072746165392
67.96,-0.004830290009483353
67.99,-0.004810438616907025
68.02,-0.004792677716148858
68.05,-0.004782545150591658
68.08,-0.004763910634437138
68.11,-0.004745366485802065
68.14,-0.004722348406017073
68.18,-0.00469890054091715
68.21,-0.004679893493842601
68.24,-0.004652659321980219
68.27,-0.004627125929650655
68.3,-0.0046133930260770905
68.33,-0.004575659769892505
68.36,-0.004555732168528704
68.39,-0.004555150911490243
68.42,-0.004546372030778882
68.44,-0.004530682119603196
68.46,-0.004514992208427509
68.49,-0.004504037091485465
68.52,-0.0044758586515372
68.55,-0.004468897983244539
68.58,-0.004437639273596835
68.61,-0.004419531266870749
68.64,-0.004397304169855698
68.67,-0.004363709928390828
68.7,-0.00434684187599166
68.73,-0.00431788724049761
68.77,-0.0042958168241953405
68.8,-0.00429424628599182
68.83,-0.00427135934276508
68.86,-0.004269256425138461
68.89,-0.0042626502949372
68.92,-0.004232656340387528
68.95,-0.004216979771127375
68.98,-0.00417867448510263
69.01,-0.004164608153431723
69.04,-0.004142027354179017
69.07,-0.0041137033958824456
69.1,-0.004093644925364232
69.14,-0.00406679473817846
69.17,-0.0040482476250748994
69.2,-0.00404673294270262
69.21,-0.00403917740341575
69.23,-0.004027447202350971
69.26,-0.004014898227061464
69.29,-0.003992735976919159
69.32,-0.003966981576841334
69.35,-0.003952058493679309
69.38,-0.003921465773224824
69.42,-0.00389482114431471
69.45,-0.0038827999663398802
69.48,-0.0038470172466581
69.51,-0.0038428399553300254
69.54,-0.00382601172417589
69.57,-0.0038097131593010382
69.6,-0.0037986312274573266
69.63,-0.0037763853071576354
69.66,-0.003766009039735137
69.69,-0.0037461981957338784
69.73,-0.0037259641450147598
69.76,-0.00371170393568138
69.79,-0.0036848826183362203
69.82,-0.0036659230669330196
69.85,-0.003649560380185163
69.88,-0.0036229246738879763
69.91,-0.003612044575133548
69.94,-0.0035936924692138218
69.96,-0.0035819059533388244
70.0,-0.0035660057004526674
70.04,-0.0035515601448082397
70.07,-0.00352681047447916
70.1,-0.00351253224599296
70.13,-0.003471039932172632
70.16,-0.0034537761352995645
70.19,-0.0034360870265095775
70.22,-0.00340883945254105
70.25,-0.003391706133615762
70.28,-0.003369680851659235
70.31,-0.003359164406440427
70.35,-0.00334255235494058
70.38,-0.0033113810500321806
70.41,-0.0033113810500321806
70.44,-0.0032659877073609005
70.47,-0.0032529506920901327
70.5,-0.003238360240064244
70.53,-0.0031984784103333158
70.56,-0.003187862648395048
70.6,-0.0031605501764070234
70.63,-0.003147034006599007
70.66,-0.00314485862261318
70.69,-0.0031206333864885003
70.72,-0.00311512037979466
70.75,-0.0030892896617461885
70.78,-0.0030662125400234574
70.8,-0.003045495827942228
70.84,-0.003012300488838338
70.87,-0.0029920239168943386
70.9,-0.0029749305328344794
70.94,-0.00295494297487017
70.97,-0.0029365462151970203
71.0,-0.0029243699617468805
71.03,-0.00291416900435372
71.06,-0.002899739269099831
71.09,-0.0028723863740336827
71.12,-0.0028517113511107904
71.15,-0.0028368201960075577
71.18,-0.0028129202774522855
71.21,-0.0027902318747580626
71.25,-0.00277188388089937
71.28,-0.0027478320794000603
71.31,-0.002753096625619
71.34,-0.0027186277922580803
71.37,-0.0027124264619105202
71.4,-0.002700174409695429
71.43,-0.0026842768504512873
71.46,-0.002672661747092066
71.49,-0.0026394412406387244
71.52,-0.0026272031780815966
71.55,-0.002611456866430068
71.59,-0.00258853481987664
71.62,-0.0025780343654498404
71.65,-0.00255987238217328
71.68,-0.00254686249729005
71.71,-0.0025369655779085
71.74,-0.0025263426711067934
71.77,-0.0025075363130519866
71.8,-0.0024971705825513396
71.83,-0.0024809542237067134
71.86,-0.0024675838611102566
71.9,-0.00245569953156494
71.93,-0.00243082531399818
71.96,-0.00242285384001242
71.99,-0.0024062606257877375
72.02,-0.002403952052643335
72.05,-0.0023951914613810957
72.08,-0.002380319231554237
72.11,-0.0023708179482197773
72.14,-0.0023523125071478784
72.17,-0.002341243815391269
72.21,-0.00233168307396934
72.24,-0.00230814296076312
72.27,-0.00229484535562318
72.3,-0.0022786595199076657
72.33,-0.0022703598164061714
72.36,-0.002265912915537441
72.39,-0.0022527857172829307
72.42,-0.0022351801906980006
72.45,-0.00222392461903669
72.49,-0.0022062401462355193
72.52,-0.0021980615791516995
72.55,-0.00217811838745232
72.58,-0.00215010689719764
72.61,-0.0021404187019535884
72.64,-0.0021258497774172573
72.67,-0.0021223848596998896
72.7,-0.0021164503096643026
72.73,-0.002106472370425515
72.76,-0.0020888602653138175
72.8,-0.0020710209495921196
72.83,-0.0020545540213083202
72.86,-0.00204598647832354
72.89,-0.00201495146216154
72.92,-0.00200826705258324
72.95,-0.001994335143450693
72.98,-0.0019862984532158265
73.01,-0.001981068492933385
73.04,-0.0019649790067531635
73.07,-0.0019563512374317217
73.11,-0.00193810946383086
73.14,-0.0019161984980889603
73.17,-0.0019159206018846402
73.2,-0.0018945225663895798
73.23,-0.0018764197834815488
73.26,-0.001866334126616297
73.29,-0.0018549918554502255
73.32,-0.001848977868733974
73.35,-0.0018341032730530029
73.38,-0.0018264288253037812
73.42,-0.0018125319252913301
73.45,-0.0017858969922418199
73.48,-0.0017799720189262398
73.51,-0.0017656631121570998
73.54,-0.0017469332509910973
73.57,-0.0017403618881018143
73.6,-0.0017305421246618595
73.63,-0.0017187294249749845
73.66,-0.0017127440562802697
73.69,-0.0017060019435016748
73.73,-0.0016856036255251503
73.76,-0.0016632054650572998
73.79,-0.00164151063479996
73.82,-0.00163298778055788
73.85,-0.00161086501783387
73.86,-0.00160218491897886
73.91,-0.0015903859740312401
73.94,-0.00157459083981273
73.97,-0.001566414512122
74.0,-0.00154947357443364
74.04,-0.00153686695266444
74.07,-0.00152524079491498
74.1,-0.0015139710495094799
74.13,-0.0015043064927184
74.16,-0.0014859026636183741
74.19,-0.0014691208985898687
74.22,-0.0014586598018677828
74.25,-0.0014415421944502572
74.28,-0.0014286707606177315
74.31,-0.0014176647307057259
74.35,-0.00141314968337746
74.38,-0.0013973331739075
74.41,-0.00138489658163208
74.44,-0.0013684956303441002
74.47,-0.0013640377348448647
74.5,-0.001340047340297289
74.53,-0.00132597371888087
74.56,-0.001315865273892871
74.59,-0.0013071146234774722
74.62,-0.0013012609023211935
74.65,-0.0012904674115664047
74.69,-0.0012786074555134357
74.72,-0.0012708826160573602
74.75,-0.0012550567597421
74.78,-0.0012427776310813571
74.81,-0.0012243008983182945
74.84,-0.0012042790406496516
74.87,-0.0011918195914539086
74.9,-0.0011723435476473456
74.93,-0.001162296028893193
74.97,-0.00114998229876123
75.0,-0.0011345146291151
75.03,-0.00113082621370786
75.06,-0.00112377386253652
75.09,-0.001102386430090917
75.12,-0.0010961749444189143
75.15,-0.0010643649000668155
75.18,-0.0010496135132379164
75.21,-0.0010317575740607578
75.24,-0.001010877149125879
75.28,-0.00099686205012018
75.31,-0.0009677598935244001
75.34,-0.0009513678520868599
75.37,-0.00094629883496492
75.4,-0.0009381148939494533
75.43,-0.0009249169266926666
75.46,-0.0008938437036119899
75.49,-0.0008685956953976132
75.52,-0.0008467779117500967
75.56,-0.0008228147634407803
75.59,-0.00078332651100242
75.62,-0.00076566217054514
75.65,-0.0007069073158520601
75.68,-0.0006986547492543201
75.71,-0.0006658606499746429
75.74,-0.0006613710745331658
75.77,-0.0006513446447898127
75.8,-0.0006175640358435394
75.83,-0.0005898166336819662
75.86,-0.0005513941362500334
75.9,-0.00051417098989724
75.93,-0.0004976343357604201
75.96,-0.00048670349138678
75.99,-0.00046110574445800003
76.02,-0.00043618482315123245
76.05,-0.00038577558272842496
76.08,-0.0003682509986060174
76.11,-0.0003351119100624899
76.14,-0.0002983383975190025
76.17,-0.0002788935160886284
76.2,-0.00024102591795130418
76.24,-0.00020923415844717992
76.27,-0.00018493755267821998
76.3,-0.0001481315822875374
76.33,-0.0001269479496726349
76.36,-0.0001275936509015125
76.39,-9.548936728748602e-05
76.42,-7.64120977339795e-05
76.45,-3.8854551715533005e-05
76.48,-2.3164397018946514e-05
76.52,1.235298925985999e-05
76.55,5.350424533462012e-05
76.58,8.074413894222006e-05
76.61,0.00010922185141362748
76.64,0.00012433175200005499
76.67,0.00014029330636730917
76.7,0.00016288231635466327
76.73,0.00019113771699355746
76.76,0.0002284005047962383
76.79,0.0002565303557304591
76.83,0.0002765366004396666
76.86,0.0002988686344994333
76.89,0.00032421604134591996
76.92,0.00034031702484038
76.95,0.00036872369853131244
76.98,0.00039688707467064506
77.01,0.0004275242026962176
77.04,0.00046453301736623003
77.07,0.00048730777805874246
77.1,0.0005143494414283016
77.13,0.0005464679003039709
77.17,0.00058404330310714
77.2,0.00060978186456666
77.23,0.0006331813435601
77.26,0.0006659347815290201
77.29,0.00069054587743762
77.32,0.00072893109545822
77.35,0.0007661269029086866
77.38,0.0008001627575676132
77.42,0.0008351161725359098
77.45,0.0008938839970911999
77.48,0.00091235338454452
77.51,0.0009466984570513998
77.54,0.0009715449418739201
77.57,0.0009747536406814486
77.6,0.0010092359744807704
77.63,0.0010389892438744325
77.66,0.0010698975406427742
77.69,0.001093872619062903
77.72,0.0011335251849084915
77.76,0.00117378610709522
77.79,0.0011870864630347598
77.82,0.0012252402495157
77.85,0.00125836958360634
77.86,0.001274617122572067
77.88,0.0012908646615377945
77.91,0.0013245432806263517
77.94,0.0013483470066775337
77.97,0.0013833153227544959
78.0,0.001405840510480498
78.04,0.0014367993938589599
78.07,0.00147052126333702
78.1,0.00151494240246448
78.13,0.00152155953524014
78.16,0.00153916426448068
78.19,0.001543118829966343
78.22,0.0015567843645205057
78.25,0.0015934824773783805
78.28,0.0016174666940322155
78.31,0.00166363941343321
78.34,0.0016794410691670252
78.38,0.0017079820632942898
78.41,0.0017610557487563801
78.44,0.0017782667469097302
78.47,0.00181844482634346
78.5,0.0018445670934303174
78.53,0.0018588664120781436
78.56,0.00189022622732675
78.59,0.0019059726522678757
78.62,0.0019319008471895365
78.65,0.0019332251022340559
78.67,0.0019395338712227279
78.69,0.0019458426402113999
78.72,0.001963318875974015
78.75,0.001976661620446059
78.78,0.0019885570086809945
78.81,0.0020088874194581765
78.84,0.00201830313425718
78.87,0.002027996813672511
78.9,0.0020398427661553996
78.93,0.0020489031258596898
78.96,0.002078225304896376
79.0,0.0021018953175875516
79.03,0.0021127676593232806
79.06,0.0021281889388768765
79.09,0.0021298590784902273
79.12,0.0021423816604073634
79.15,0.0021496939917556145
79.18,0.002145462441854631
79.21,0.002137104785728359
79.24,0.002133399887633306
79.27,0.002132659576178922
79.31,0.0021357321952346396
79.34,0.0021421153847942173
79.37,0.002153067053944628
79.4,0.0021627169324899254
79.43,0.0021868040711840414
79.46,0.0021995265495432835
79.49,0.002198101929821239
79.52,0.002197206694028273
79.55,0.002204684327052988
79.59,0.00221315099149975
79.62,0.002218333181141995
79.65,0.0022144479677918146
79.68,0.002229449288978635
79.71,0.0022339022031155195
79.74,0.0022272900026790864
79.77,0.002216505948841033
79.8,0.002199177329681963
79.83,0.00219811398983085
79.86,0.0022003460810915564
79.9,0.002210091340764463
79.93,0.0022023545539771915
79.96,0.0022131605114832516
79.99,0.0022131605114832516
80.02,0.0022131605114832516
80.05,0.0022131605114832516
80.08,0.0022131605114832516
80.11,0.0022131605114832516
80.14,0.0022131605114832516
80.17,0.0022131605114832516
80.21,0.0022131605114832516
80.24,0.0022131605114832516
80.25,0.0022131605114832516
80.27,0.0022131605114832516
80.3,0.0022131605114832516
80.33,0.0022131605114832516
80.36,0.0022131605114832516
80.39,0.0022131605114832516
80.42,0.0022131605114832516
80.45,0.0022131605114832516
80.49,0.0022131605114832516
80.52,0.0022131605114832516
80.55,0.0022131605114832516
80.58,0.0022131605114832516
80.61,0.0022131605114832516
80.64,0.0022131605114832516
80.67,0.0022131605114832516
80.7,0.0022131605114832516
80.73,0.0022131605114832516
80.76,0.0022131605114832516
80.79,0.0022131605114832516
80.83,0.0022131605114832516
80.86,0.0022131605114832516
80.89,0.0022131605114832516
80.92,0.0022131605114832516
80.95,0.0022131605114832516
80.98,0.0022131605114832516
81.01,0.0022131605114832516
81.04,0.0022131605114832516
81.07,0.0022131605114832516
81.1,0.0022131605114832516
81.14,0.0022131605114832516
81.17,0.0022131605114832516
81.2,0.0022131605114832516
81.23,0.0022131605114832516
81.26,0.0022131605114832516
81.29,0.0022131605114832516
81.32,0.0022131605114832516
81.35,0.0022131605114832516
81.38,0.0022131605114832516
81.41,0.0022131605114832516
81.45,0.0022131605114832516
81.48,0.0022131605114832516
81.51,0.0022131605114832516
81.54,0.0022131605114832516
81.57,0.0022131605114832516
81.6,0.0022131605114832516
81.63,0.0022131605114832516
81.66,0.0022131605114832516
81.69,0.0022131605114832516
81.72,0.0022131605114832516
81.75,0.0022131605114832516
81.79,0.0022131605114832516
81.82,0.0022131605114832516
81.85,0.0022131605114832516
81.88,0.0022131605114832516
81.91,0.0022131605114832516
81.94,0.0022131605114832516
81.97,0.0022131605114832516
82.0,0.0022131605114832516
82.03,0.0022131605114832516
82.07,0.0022131605114832516
82.1,0.0022131605114832516
82.13,0.0022131605114832516
82.16,0.0022131605114832516
82.19,0.0022131605114832516
82.22,0.0022131605114832516
82.25,0.0022131605114832516
82.28,0.0022131605114832516
82.31,0.0022131605114832516
82.34,0.0022131605114832516
82.38,0.0022131605114832516
82.41,0.0022131605114832516
82.44,0.0022131605114832516
82.47,0.0022131605114832516
82.5,0.0022131605114832516
82.53,0.0022131605114832516
82.56,0.0022131605114832516
82.58,0.0022131605114832516
82.59,0.0022131605114832516
82.62,0.0022131605114832516
82.65,0.0022131605114832516
82.69,0.0022131605114832516
82.72,0.0022131605114832516
82.75,0.0022131605114832516
82.78,0.0022131605114832516
82.81,0.0022131605114832516
82.84,0.0022131605114832516
82.87,0.0022131605114832516
82.9,0.0022131605114832516
82.93,0.0022131605114832516
82.96,0.0022131605114832516
83.0,0.0022131605114832516
83.03,0.0022131605114832516
83.06,0.0022131605114832516
83.09,0.0022131605114832516
83.12,0.0022131605114832516
83.15,0.0022131605114832516
83.18,0.0022131605114832516
83.21,0.0022131605114832516
83.24,0.0022131605114832516
83.27,0.0022131605114832516
83.31,0.0022131605114832516
83.34,0.0022131605114832516
83.37,0.0022131605114832516
83.4,0.0022131605114832516
83.43,0.0022131605114832516
83.46,0.0022131605114832516
83.49,0.0022131605114832516
83.52,0.0022131605114832516
83.55,0.0022131605114832516
83.58,0.0022131605114832516
83.62,0.0022131605114832516
83.65,0.0022131605114832516
83.68,0.0022131605114832516
83.71,0.0022131605114832516
83.74,0.0022131605114832516
83.77,0.0022131605114832516
83.8,0.0022131605114832516
83.83,0.0022131605114832516
83.86,0.0022131605114832516
83.89,0.0022131605114832516
83.93,0.0022131605114832516
83.96,0.0022131605114832516
83.99,0.0022131605114832516
84.02,0.0022131605114832516
84.05,0.0022131605114832516
84.08,0.0022131605114832516
84.11,0.0022131605114832516
84.14,0.0022131605114832516
84.17,0.0022131605114832516
84.21,0.0022131605114832516
84.24,0.0022131605114832516
84.27,0.0022131605114832516
84.3,0.0022131605114832516
84.33,0.0022131605114832516
84.36,0.0022131605114832516
84.39,0.0022131605114832516
84.42,0.0022131605114832516
84.45,0.0022131605114832516
84.48,0.0022131605114832516
84.51,0.0022131605114832516
84.55,0.0022131605114832516
84.58,0.0022131605114832516
84.61,0.0022131605114832516
84.64,0.0022131605114832516
84.67,0.0022131605114832516
84.7,0.0022131605114832516
84.73,0.0022131605114832516
84.76,0.0022131605114832516
84.79,0.0022131605114832516
84.82,0.0022131605114832516
84.86,0.0022131605114832516
84.89,0.0022131605114832516
84.92,0.0022131605114832516
84.95,0.0022131605114832516
84.98,0.0022131605114832516
85.01,0.0022131605114832516
85.04,0.0022131605114832516
85.07,0.0022131605114832516
85.1,0.0022131605114832516
85.13,0.0022131605114832516
85.17,0.0022131605114832516
85.2,0.0022131605114832516
85.23,0.0022131605114832516
85.26,0.0022131605114832516
85.29,0.0022131605114832516
85.32,0.0022131605114832516
85.35,0.0022131605114832516
85.38,0.0022131605114832516
85.41,0.0022131605114832516
85.45,0.0022131605114832516
85.48,0.0022131605114832516
85.51,0.0022131605114832516
85.54,0.0022131605114832516
85.57,0.0022131605114832516
85.58,0.0022131605114832516
85.63,0.0022131605114832516
85.66,0.0022131605114832516
85.69,0.0022131605114832516
85.72,0.0022131605114832516
85.76,0.0022131605114832516
85.79,0.0022131605114832516
85.82,0.0022131605114832516
85.85,0.0022131605114832516
85.88,0.0022131605114832516
85.91,0.0022131605114832516
85.94,0.0022131605114832516
85.97,0.0022131605114832516
86.0,0.0022131605114832516
86.03,0.0022131605114832516
86.06,0.0022131605114832516
86.1,0.0022131605114832516
86.13,0.0022131605114832516
86.16,0.0022131605114832516
86.19,0.0022131605114832516
86.22,0.0022131605114832516
86.25,0.0022131605114832516
86.28,0.0022131605114832516
86.31,0.0022131605114832516
86.34,0.0022131605114832516
86.37,0.0022131605114832516
86.41,0.0022131605114832516
86.44,0.0022131605114832516
86.47,0.0022131605114832516
86.5,0.0022131605114832516
86.53,0.0022131605114832516
86.56,0.0022131605114832516
86.59,0.0022131605114832516
86.62,0.0022131605114832516
86.65,0.0022131605114832516
