,Timestamp
0,0.28
1,0.31
2,0.34
3,0.37
4,0.4
5,0.43
6,0.46
7,0.49
8,0.52
9,0.56
10,0.59
11,0.62
12,0.65
13,0.68
14,0.71
15,0.74
16,0.77
17,0.8
18,0.83
19,0.87
20,0.9
21,0.93
22,0.96
23,0.99
24,1.02
25,1.05
26,1.08
27,1.11
28,1.14
29,1.18
30,1.21
31,1.24
32,1.27
33,1.3
34,1.33
35,1.36
36,1.39
37,1.42
38,1.45
39,1.49
40,1.52
41,1.55
42,1.58
43,1.61
44,1.64
45,1.67
46,1.7
47,1.73
48,1.77
49,1.8
50,1.83
51,1.86
52,1.89
53,1.92
54,1.95
55,1.98
56,2.01
57,2.04
58,2.07
59,2.11
60,2.14
61,2.17
62,2.2
63,2.23
64,2.26
65,2.29
66,2.32
67,2.35
68,2.38
69,2.42
70,2.45
71,2.48
72,2.51
73,2.54
74,2.57
75,2.6
76,2.63
77,2.66
78,2.7
79,2.73
80,2.76
81,2.79
82,2.82
83,2.85
84,2.88
85,2.91
86,2.94
87,2.97
88,3.0
89,3.04
90,3.07
91,3.1
92,3.13
93,3.16
94,3.19
95,3.21
96,3.25
97,3.28
98,3.31
99,3.35
100,3.38
101,3.41
102,3.44
103,3.47
104,3.5
105,3.53
106,3.56
107,3.59
108,3.62
109,3.66
110,3.69
111,3.72
112,3.75
113,3.78
114,3.81
115,3.84
116,3.87
117,3.9
118,3.93
119,3.97
120,4.0
121,4.03
122,4.06
123,4.09
124,4.12
125,4.15
126,4.18
127,4.21
128,4.25
129,4.28
130,4.31
131,4.34
132,4.37
133,4.4
134,4.43
135,4.46
136,4.49
137,4.52
138,4.56
139,4.59
140,4.62
141,4.65
142,4.68
143,4.71
144,4.74
145,4.77
146,4.8
147,4.82
148,4.87
149,4.9
150,4.93
151,4.96
152,4.99
153,5.02
154,5.05
155,5.08
156,5.11
157,5.14
158,5.18
159,5.21
160,5.24
161,5.27
162,5.3
163,5.33
164,5.36
165,5.39
166,5.42
167,5.45
168,5.49
169,5.52
170,5.55
171,5.58
172,5.59
173,5.61
174,5.64
175,5.67
176,5.7
177,5.73
178,5.76
179,5.8
180,5.83
181,5.86
182,5.89
183,5.92
184,5.95
185,5.98
186,6.01
187,6.04
188,6.07
189,6.11
190,6.14
191,6.17
192,6.2
193,6.23
194,6.26
195,6.29
196,6.32
197,6.35
198,6.38
199,6.42
200,6.45
201,6.48
202,6.51
203,6.54
204,6.57
205,6.6
206,6.63
207,6.66
208,6.69
209,6.73
210,6.76
211,6.79
212,6.82
213,6.85
214,6.88
215,6.91
216,6.94
217,6.97
218,7.0
219,7.04
220,7.07
221,7.1
222,7.13
223,7.16
224,7.19
225,7.22
226,7.25
227,7.28
228,7.31
229,7.35
230,7.38
231,7.41
232,7.44
233,7.47
234,7.5
235,7.53
236,7.56
237,7.59
238,7.62
239,7.66
240,7.69
241,7.72
242,7.75
243,7.78
244,7.81
245,7.84
246,7.87
247,7.9
248,7.92
249,7.97
250,8.0
251,8.03
252,8.06
253,8.09
254,8.12
255,8.15
256,8.18
257,8.21
258,8.24
259,8.28
260,8.31
261,8.34
262,8.37
263,8.4
264,8.43
265,8.46
266,8.49
267,8.52
268,8.55
269,8.58
270,8.62
271,8.65
272,8.68
273,8.69
274,8.74
275,8.77
276,8.8
277,8.83
278,8.87
279,8.9
280,8.93
281,8.96
282,8.99
283,9.02
284,9.05
285,9.08
286,9.11
287,9.14
288,9.17
289,9.21
290,9.24
291,9.27
292,9.3
293,9.33
294,9.36
295,9.39
296,9.42
297,9.45
298,9.49
299,9.52
300,9.55
301,9.58
302,9.61
303,9.64
304,9.67
305,9.7
306,9.73
307,9.76
308,9.8
309,9.83
310,9.86
311,9.89
312,9.92
313,9.95
314,9.98
315,10.01
316,10.04
317,10.07
318,10.11
319,10.14
320,10.17
321,10.2
322,10.23
323,10.26
324,10.28
325,10.32
326,10.35
327,10.38
328,10.42
329,10.45
330,10.48
331,10.51
332,10.54
333,10.57
334,10.6
335,10.63
336,10.66
337,10.69
338,10.72
339,10.76
340,10.79
341,10.82
342,10.85
343,10.88
344,10.91
345,10.94
346,10.97
347,11.0
348,11.03
349,11.07
350,11.1
351,11.13
352,11.16
353,11.19
354,11.22
355,11.25
356,11.28
357,11.31
358,11.35
359,11.38
360,11.41
361,11.44
362,11.47
363,11.5
364,11.53
365,11.56
366,11.59
367,11.62
368,11.66
369,11.69
370,11.72
371,11.75
372,11.78
373,11.81
374,11.84
375,11.87
376,11.9
377,11.93
378,11.97
379,12.0
380,12.03
381,12.06
382,12.09
383,12.12
384,12.15
385,12.18
386,12.21
387,12.24
388,12.28
389,12.31
390,12.34
391,12.37
392,12.4
393,12.43
394,12.46
395,12.49
396,12.52
397,12.55
398,12.59
399,12.62
400,12.65
401,12.68
402,12.71
403,12.74
404,12.77
405,12.8
406,12.83
407,12.86
408,12.9
409,12.93
410,12.96
411,12.99
412,13.02
413,13.05
414,13.08
415,13.11
416,13.14
417,13.17
418,13.21
419,13.24
420,13.27
421,13.3
422,13.33
423,13.36
424,13.39
425,13.42
426,13.45
427,13.48
428,13.52
429,13.55
430,13.58
431,13.61
432,13.64
433,13.67
434,13.7
435,13.73
436,13.76
437,13.79
438,13.83
439,13.86
440,13.89
441,13.92
442,13.95
443,13.98
444,14.01
445,14.04
446,14.07
447,14.1
448,14.14
449,14.17
450,14.2
451,14.23
452,14.26
453,14.29
454,14.32
455,14.35
456,14.38
457,14.42
458,14.45
459,14.48
460,14.51
461,14.54
462,14.57
463,14.6
464,14.63
465,14.66
466,14.69
467,14.73
468,14.75
469,14.79
470,14.82
471,14.85
472,14.88
473,14.91
474,14.94
475,14.97
476,15.0
477,15.03
478,15.06
479,15.1
480,15.13
481,15.16
482,15.19
483,15.22
484,15.25
485,15.28
486,15.31
487,15.35
488,15.38
489,15.41
490,15.44
491,15.47
492,15.5
493,15.53
494,15.56
495,15.59
496,15.62
497,15.65
498,15.69
499,15.72
500,15.75
501,15.78
502,15.81
503,15.84
504,15.87
505,15.9
506,15.93
507,15.97
508,16.0
509,16.03
510,16.06
511,16.09
512,16.12
513,16.15
514,16.18
515,16.21
516,16.24
517,16.27
518,16.31
519,16.34
520,16.37
521,16.4
522,16.43
523,16.46
524,16.49
525,16.52
526,16.55
527,16.58
528,16.62
529,16.65
530,16.68
531,16.71
532,16.74
533,16.77
534,16.8
535,16.83
536,16.86
537,16.9
538,16.93
539,16.96
540,16.99
541,17.02
542,17.05
543,17.08
544,17.11
545,17.14
546,17.17
547,17.2
548,17.24
549,17.27
550,17.3
551,17.33
552,17.36
553,17.39
554,17.42
555,17.45
556,17.47
557,17.52
558,17.55
559,17.58
560,17.61
561,17.64
562,17.67
563,17.7
564,17.73
565,17.76
566,17.79
567,17.83
568,17.86
569,17.89
570,17.92
571,17.95
572,17.98
573,18.01
574,18.04
575,18.07
576,18.1
577,18.13
578,18.17
579,18.2
580,18.23
581,18.26
582,18.29
583,18.32
584,18.35
585,18.38
586,18.41
587,18.45
588,18.48
589,18.51
590,18.54
591,18.57
592,18.6
593,18.63
594,18.66
595,18.69
596,18.72
597,18.75
598,18.79
599,18.82
600,18.85
601,18.88
602,18.91
603,18.94
604,18.97
605,19.0
606,19.03
607,19.07
608,19.1
609,19.13
610,19.16
611,19.19
612,19.22
613,19.25
614,19.28
615,19.31
616,19.34
617,19.38
618,19.41
619,19.44
620,19.47
621,19.5
622,19.53
623,19.56
624,19.59
625,19.62
626,19.65
627,19.68
628,19.72
629,19.75
630,19.78
631,19.81
632,19.84
633,19.87
634,19.9
635,19.93
636,19.96
637,20.0
638,20.03
639,20.06
640,20.09
641,20.12
642,20.15
643,20.18
644,20.21
645,20.24
646,20.27
647,20.31
648,20.34
649,20.37
650,20.4
651,20.43
652,20.46
653,20.49
654,20.52
655,20.55
656,20.58
657,20.61
658,20.63
659,20.71
660,20.74
661,20.77
662,20.8
663,20.83
664,20.86
665,20.89
666,20.93
667,20.96
668,20.99
669,21.02
670,21.05
671,21.08
672,21.11
673,21.14
674,21.17
675,21.2
676,21.24
677,21.27
678,21.3
679,21.33
680,21.36
681,21.39
682,21.42
683,21.45
684,21.48
685,21.51
686,21.55
687,21.58
688,21.61
689,21.64
690,21.67
691,21.7
692,21.73
693,21.76
694,21.79
695,21.82
696,21.86
697,21.89
698,21.92
699,21.95
700,21.98
701,22.01
702,22.04
703,22.07
704,22.1
705,22.13
706,22.17
707,22.2
708,22.23
709,22.26
710,22.29
711,22.32
712,22.35
713,22.38
714,22.41
715,22.44
716,22.48
717,22.51
718,22.54
719,22.57
720,22.6
721,22.63
722,22.66
723,22.69
724,22.72
725,22.75
726,22.79
727,22.82
728,22.85
729,22.88
730,22.91
731,22.94
732,22.97
733,23.0
734,23.03
735,23.07
736,23.1
737,23.13
738,23.16
739,23.19
740,23.22
741,23.25
742,23.28
743,23.31
744,23.34
745,23.38
746,23.41
747,23.44
748,23.47
749,23.5
750,23.53
751,23.56
752,23.59
753,23.62
754,23.65
755,23.68
756,23.72
757,23.75
758,23.78
759,23.81
760,23.84
761,23.87
762,23.9
763,23.93
764,23.96
765,23.99
766,24.03
767,24.06
768,24.09
769,24.12
770,24.15
771,24.18
772,24.21
773,24.24
774,24.27
775,24.3
776,24.33
777,24.37
778,24.4
779,24.43
780,24.44
781,24.49
782,24.52
783,24.55
784,24.58
785,24.62
786,24.65
787,24.68
788,24.71
789,24.74
790,24.77
791,24.8
792,24.83
793,24.86
794,24.89
795,24.92
796,24.96
797,24.99
798,25.02
799,25.05
800,25.08
801,25.11
802,25.14
803,25.17
804,25.2
805,25.23
806,25.25
807,25.27
808,25.3
809,25.33
810,25.36
811,25.39
812,25.42
813,25.45
814,25.48
815,25.51
816,25.55
817,25.58
818,25.61
819,25.64
820,25.67
821,25.7
822,25.73
823,25.76
824,25.79
825,25.82
826,25.85
827,25.89
828,25.92
829,25.95
830,25.98
831,26.01
832,26.04
833,26.07
834,26.1
835,26.13
836,26.17
837,26.2
838,26.23
839,26.26
840,26.29
841,26.32
842,26.35
843,26.38
844,26.41
845,26.44
846,26.48
847,26.51
848,26.54
849,26.57
850,26.6
851,26.63
852,26.66
853,26.69
854,26.72
855,26.75
856,26.77
857,26.82
858,26.85
859,26.88
860,26.91
861,26.94
862,26.97
863,27.0
864,27.03
865,27.06
866,27.1
867,27.13
868,27.16
869,27.19
870,27.22
871,27.25
872,27.28
873,27.31
874,27.34
875,27.37
876,27.41
877,27.44
878,27.47
879,27.48
880,27.53
881,27.56
882,27.59
883,27.62
884,27.65
885,27.68
886,27.72
887,27.75
888,27.78
889,27.81
890,27.84
891,27.87
892,27.9
893,27.93
894,27.96
895,27.99
896,28.03
897,28.06
898,28.09
899,28.12
900,28.15
901,28.18
902,28.21
903,28.24
904,28.27
905,28.3
906,28.34
907,28.37
908,28.4
909,28.43
910,28.46
911,28.49
912,28.52
913,28.55
914,28.58
915,28.61
916,28.65
917,28.68
918,28.71
919,28.74
920,28.77
921,28.8
922,28.83
923,28.86
924,28.89
925,28.92
926,28.96
927,28.99
928,29.02
929,29.05
930,29.08
931,29.11
932,29.14
933,29.17
934,29.2
935,29.23
936,29.27
937,29.3
938,29.33
939,29.36
940,29.39
941,29.42
942,29.45
943,29.48
944,29.51
945,29.54
946,29.57
947,29.61
948,29.64
949,29.67
950,29.7
951,29.73
952,29.76
953,29.79
954,29.82
955,29.85
956,29.89
957,29.9
958,29.95
959,29.98
960,30.01
961,30.04
962,30.07
963,30.1
964,30.13
965,30.16
966,30.2
967,30.23
968,30.26
969,30.29
970,30.32
971,30.35
972,30.38
973,30.41
974,30.44
975,30.47
976,30.51
977,30.54
978,30.57
979,30.6
980,30.63
981,30.66
982,30.68
983,30.72
984,30.75
985,30.79
986,30.82
987,30.85
988,30.88
989,30.91
990,30.94
991,30.97
992,31.0
993,31.03
994,31.06
995,31.09
996,31.13
997,31.16
998,31.19
999,31.22
1000,31.25
1001,31.28
1002,31.31
1003,31.34
1004,31.37
1005,31.4
1006,31.44
1007,31.47
1008,31.5
1009,31.53
1010,31.56
1011,31.59
1012,31.62
1013,31.65
1014,31.68
1015,31.72
1016,31.75
1017,31.78
1018,31.81
1019,31.84
1020,31.87
1021,31.9
1022,31.93
1023,31.96
1024,31.99
1025,32.02
1026,32.06
1027,32.09
1028,32.12
1029,32.15
1030,32.18
1031,32.21
1032,32.24
1033,32.27
1034,32.3
1035,32.32
1036,32.37
1037,32.4
1038,32.43
1039,32.46
1040,32.49
1041,32.52
1042,32.55
1043,32.58
1044,32.61
1045,32.65
1046,32.68
1047,32.71
1048,32.74
1049,32.77
1050,32.8
1051,32.83
1052,32.86
1053,32.89
1054,32.92
1055,32.95
1056,32.99
1057,33.02
1058,33.05
1059,33.08
1060,33.11
1061,33.14
1062,33.17
1063,33.2
1064,33.23
1065,33.27
1066,33.3
1067,33.33
1068,33.36
1069,33.39
1070,33.42
1071,33.45
1072,33.48
1073,33.51
1074,33.54
1075,33.58
1076,33.61
1077,33.64
1078,33.67
1079,33.7
1080,33.73
1081,33.76
1082,33.79
1083,33.82
1084,33.85
1085,33.87
1086,33.92
1087,33.95
1088,33.98
1089,34.01
1090,34.04
1091,34.07
1092,34.1
1093,34.13
1094,34.16
1095,34.2
1096,34.23
1097,34.26
1098,34.29
1099,34.32
1100,34.35
1101,34.38
1102,34.41
1103,34.44
1104,34.47
1105,34.5
1106,34.54
1107,34.57
1108,34.6
1109,34.63
1110,34.66
1111,34.69
1112,34.71
1113,34.75
1114,34.78
1115,34.82
1116,34.85
1117,34.88
1118,34.91
1119,34.94
1120,34.97
1121,35.0
1122,35.03
1123,35.06
1124,35.09
1125,35.13
1126,35.16
1127,35.19
1128,35.22
1129,35.25
1130,35.28
1131,35.31
1132,35.34
1133,35.37
1134,35.4
1135,35.43
1136,35.47
1137,35.48
1138,35.5
1139,35.53
1140,35.56
1141,35.59
1142,35.62
1143,35.65
1144,35.68
1145,35.71
1146,35.75
1147,35.78
1148,35.81
1149,35.84
1150,35.87
1151,35.9
1152,35.93
1153,35.96
1154,35.99
1155,36.02
1156,36.06
1157,36.09
1158,36.12
1159,36.15
1160,36.18
1161,36.21
1162,36.24
1163,36.27
1164,36.3
1165,36.33
1166,36.37
1167,36.4
1168,36.43
1169,36.46
1170,36.49
1171,36.52
1172,36.55
1173,36.58
1174,36.61
1175,36.64
1176,36.67
1177,36.71
1178,36.74
1179,36.77
1180,36.8
1181,36.83
1182,36.86
1183,36.89
1184,36.92
1185,36.95
1186,36.99
1187,37.02
1188,37.05
1189,37.06
1190,37.11
1191,37.14
1192,37.17
1193,37.2
1194,37.23
1195,37.26
1196,37.3
1197,37.33
1198,37.36
1199,37.39
1200,37.42
1201,37.45
1202,37.48
1203,37.51
1204,37.54
1205,37.57
1206,37.61
1207,37.64
1208,37.67
1209,37.7
1210,37.73
1211,37.76
1212,37.79
1213,37.82
1214,37.85
1215,37.89
1216,37.92
1217,37.95
1218,37.98
1219,38.01
1220,38.04
1221,38.07
1222,38.1
1223,38.13
1224,38.16
1225,38.19
1226,38.23
1227,38.26
1228,38.29
1229,38.32
1230,38.35
1231,38.38
1232,38.41
1233,38.44
1234,38.47
1235,38.5
1236,38.54
1237,38.57
1238,38.6
1239,38.61
1240,38.63
1241,38.66
1242,38.69
1243,38.72
1244,38.75
1245,38.78
1246,38.81
1247,38.85
1248,38.88
1249,38.91
1250,38.94
1251,38.97
1252,39.0
1253,39.03
1254,39.06
1255,39.09
1256,39.12
1257,39.16
1258,39.19
1259,39.22
1260,39.25
1261,39.28
1262,39.31
1263,39.34
1264,39.37
1265,39.4
1266,39.44
1267,39.47
1268,39.5
1269,39.53
1270,39.56
1271,39.59
1272,39.62
1273,39.65
1274,39.68
1275,39.71
1276,39.74
1277,39.78
1278,39.81
1279,39.84
1280,39.87
1281,39.9
1282,39.93
1283,39.96
1284,39.99
1285,40.02
1286,40.05
1287,40.09
1288,40.12
1289,40.15
1290,40.18
1291,40.21
1292,40.24
1293,40.27
1294,40.3
1295,40.33
1296,40.37
1297,40.4
1298,40.43
1299,40.46
1300,40.49
1301,40.52
1302,40.55
1303,40.58
1304,40.61
1305,40.65
1306,40.67
1307,40.71
1308,40.74
1309,40.77
1310,40.8
1311,40.83
1312,40.86
1313,40.89
1314,40.92
1315,40.95
1316,40.97
1317,41.02
1318,41.05
1319,41.08
1320,41.11
1321,41.14
1322,41.17
1323,41.2
1324,41.23
1325,41.26
1326,41.29
1327,41.32
1328,41.36
1329,41.39
1330,41.42
1331,41.45
1332,41.48
1333,41.51
1334,41.54
1335,41.57
1336,41.6
1337,41.64
1338,41.67
1339,41.7
1340,41.73
1341,41.76
1342,41.79
1343,41.82
1344,41.85
1345,41.88
1346,41.92
1347,41.95
1348,41.98
1349,42.01
1350,42.04
1351,42.07
1352,42.1
1353,42.13
1354,42.16
1355,42.19
1356,42.22
1357,42.26
1358,42.29
1359,42.32
1360,42.35
1361,42.38
1362,42.41
1363,42.44
1364,42.47
1365,42.5
1366,42.53
1367,42.55
1368,42.6
1369,42.63
1370,42.66
1371,42.69
1372,42.72
1373,42.75
1374,42.78
1375,42.81
1376,42.84
1377,42.88
1378,42.91
1379,42.94
1380,42.97
1381,43.0
1382,43.03
1383,43.06
1384,43.09
1385,43.12
1386,43.16
1387,43.19
1388,43.22
1389,43.25
1390,43.28
1391,43.29
1392,43.31
1393,43.34
1394,43.37
1395,43.4
1396,43.44
1397,43.47
1398,43.5
1399,43.53
1400,43.56
1401,43.59
1402,43.62
1403,43.65
1404,43.68
1405,43.71
1406,43.74
1407,43.78
1408,43.81
1409,43.84
1410,43.87
1411,43.9
1412,43.93
1413,43.96
1414,43.99
1415,44.02
1416,44.05
1417,44.09
1418,44.12
1419,44.15
1420,44.18
1421,44.21
1422,44.24
1423,44.27
1424,44.3
1425,44.33
1426,44.36
1427,44.4
1428,44.43
1429,44.46
1430,44.49
1431,44.52
1432,44.55
1433,44.58
1434,44.61
1435,44.64
1436,44.67
1437,44.71
1438,44.74
1439,44.77
1440,44.8
1441,44.83
1442,44.85
1443,44.89
1444,44.92
1445,44.95
1446,44.99
1447,45.02
1448,45.05
1449,45.08
1450,45.11
1451,45.14
1452,45.17
1453,45.2
1454,45.23
1455,45.26
1456,45.29
1457,45.33
1458,45.36
1459,45.39
1460,45.42
1461,45.45
1462,45.48
1463,45.51
1464,45.54
1465,45.57
1466,45.6
1467,45.64
1468,45.65
1469,45.67
1470,45.7
1471,45.73
1472,45.76
1473,45.79
1474,45.82
1475,45.85
1476,45.88
1477,45.91
1478,45.95
1479,45.98
1480,46.01
1481,46.04
1482,46.07
1483,46.1
1484,46.13
1485,46.16
1486,46.19
1487,46.22
1488,46.26
1489,46.29
1490,46.32
1491,46.35
1492,46.38
1493,46.41
1494,46.44
1495,46.47
1496,46.5
1497,46.54
1498,46.57
1499,46.6
1500,46.63
1501,46.66
1502,46.69
1503,46.72
1504,46.75
1505,46.78
1506,46.81
1507,46.84
1508,46.88
1509,46.91
1510,46.94
1511,46.97
1512,47.0
1513,47.03
1514,47.06
1515,47.09
1516,47.12
1517,47.15
1518,47.19
1519,47.22
1520,47.25
1521,47.28
1522,47.31
1523,47.34
1524,47.37
1525,47.4
1526,47.43
1527,47.46
1528,47.5
1529,47.53
1530,47.56
1531,47.59
1532,47.62
1533,47.65
1534,47.68
1535,47.71
1536,47.74
1537,47.77
1538,47.81
1539,47.84
1540,47.87
1541,47.9
1542,47.93
1543,47.96
1544,47.99
1545,48.02
1546,48.05
1547,48.08
1548,48.12
1549,48.15
1550,48.18
1551,48.21
1552,48.24
1553,48.27
1554,48.3
1555,48.33
1556,48.36
1557,48.39
1558,48.43
1559,48.46
1560,48.49
1561,48.52
1562,48.55
1563,48.58
1564,48.61
1565,48.64
1566,48.67
1567,48.71
1568,48.74
1569,48.77
1570,48.8
1571,48.83
1572,48.86
1573,48.89
1574,48.92
1575,48.95
1576,48.98
1577,49.02
1578,49.05
1579,49.08
1580,49.11
1581,49.14
1582,49.17
1583,49.2
1584,49.23
1585,49.26
1586,49.29
1587,49.32
1588,49.36
1589,49.39
1590,49.4
1591,49.45
1592,49.48
1593,49.51
1594,49.54
1595,49.57
1596,49.6
1597,49.64
1598,49.67
1599,49.7
1600,49.73
1601,49.76
1602,49.79
1603,49.82
1604,49.85
1605,49.88
1606,49.91
1607,49.94
1608,49.98
1609,50.01
1610,50.04
1611,50.07
1612,50.1
1613,50.13
1614,50.15
1615,50.19
1616,50.22
1617,50.26
1618,50.29
1619,50.32
1620,50.35
1621,50.38
1622,50.41
1623,50.44
1624,50.47
1625,50.5
1626,50.53
1627,50.57
1628,50.6
1629,50.63
1630,50.66
1631,50.69
1632,50.72
1633,50.75
1634,50.78
1635,50.81
1636,50.84
1637,50.88
1638,50.91
1639,50.94
1640,50.97
1641,51.0
1642,51.03
1643,51.06
1644,51.09
1645,51.12
1646,51.15
1647,51.19
1648,51.22
1649,51.25
1650,51.28
1651,51.31
1652,51.34
1653,51.37
1654,51.4
1655,51.43
1656,51.46
1657,51.5
1658,51.53
1659,51.56
1660,51.59
1661,51.62
1662,51.65
1663,51.68
1664,51.7
1665,51.71
1666,51.74
1667,51.77
1668,51.81
1669,51.84
1670,51.87
1671,51.9
1672,51.93
1673,51.96
1674,51.99
1675,52.02
1676,52.05
1677,52.08
1678,52.11
1679,52.15
1680,52.18
1681,52.21
1682,52.24
1683,52.27
1684,52.3
1685,52.33
1686,52.36
1687,52.39
1688,52.42
1689,52.46
1690,52.49
1691,52.52
1692,52.55
1693,52.58
1694,52.61
1695,52.64
1696,52.67
1697,52.71
1698,52.74
1699,52.77
1700,52.8
1701,52.83
1702,52.86
1703,52.89
1704,52.92
1705,52.95
1706,52.98
1707,53.01
1708,53.05
1709,53.08
1710,53.11
1711,53.14
1712,53.17
1713,53.2
1714,53.23
1715,53.26
1716,53.28
1717,53.33
1718,53.36
1719,53.39
1720,53.42
1721,53.45
1722,53.48
1723,53.51
1724,53.54
1725,53.57
1726,53.6
1727,53.63
1728,53.67
1729,53.7
1730,53.73
1731,53.76
1732,53.79
1733,53.82
1734,53.85
1735,53.88
1736,53.91
1737,53.94
1738,53.98
1739,54.01
1740,54.04
1741,54.07
1742,54.1
1743,54.13
1744,54.16
1745,54.19
1746,54.22
1747,54.25
1748,54.29
1749,54.32
1750,54.35
1751,54.38
1752,54.41
1753,54.44
1754,54.47
1755,54.5
1756,54.53
1757,54.57
1758,54.6
1759,54.63
1760,54.66
1761,54.69
1762,54.72
1763,54.75
1764,54.78
1765,54.81
1766,54.84
1767,54.88
1768,54.91
1769,54.94
1770,54.97
1771,55.0
1772,55.03
1773,55.06
1774,55.09
1775,55.12
1776,55.15
1777,55.18
1778,55.22
1779,55.25
1780,55.28
1781,55.31
1782,55.34
1783,55.37
1784,55.4
1785,55.43
1786,55.46
1787,55.5
1788,55.53
1789,55.56
1790,55.59
1791,55.62
1792,55.65
1793,55.68
1794,55.71
1795,55.74
1796,55.77
1797,55.81
1798,55.84
1799,55.87
1800,55.9
1801,55.93
1802,55.96
1803,55.99
1804,56.02
1805,56.05
1806,56.08
1807,56.11
1808,56.15
1809,56.18
1810,56.21
1811,56.24
1812,56.27
1813,56.29
1814,56.33
1815,56.36
1816,56.39
1817,56.43
1818,56.46
1819,56.49
1820,56.52
1821,56.55
1822,56.58
1823,56.61
1824,56.64
1825,56.67
1826,56.7
1827,56.74
1828,56.77
1829,56.8
1830,56.83
1831,56.86
1832,56.89
1833,56.92
1834,56.95
1835,56.98
1836,57.01
1837,57.05
1838,57.08
1839,57.11
1840,57.14
1841,57.17
1842,57.2
1843,57.23
1844,57.26
1845,57.29
1846,57.32
1847,57.36
1848,57.39
1849,57.42
1850,57.45
1851,57.48
1852,57.51
1853,57.54
1854,57.57
1855,57.6
1856,57.63
1857,57.66
1858,57.7
1859,57.73
1860,57.76
1861,57.79
1862,57.82
1863,57.85
1864,57.88
1865,57.91
1866,57.94
1867,57.98
1868,58.01
1869,58.04
1870,58.07
1871,58.1
1872,58.13
1873,58.16
1874,58.19
1875,58.22
1876,58.25
1877,58.29
1878,58.32
1879,58.35
1880,58.38
1881,58.41
1882,58.44
1883,58.47
1884,58.5
1885,58.53
1886,58.56
1887,58.59
1888,58.63
1889,58.66
1890,58.69
1891,58.72
1892,58.75
1893,58.78
1894,58.81
1895,58.84
1896,58.87
1897,58.91
1898,58.94
1899,58.97
1900,59.0
1901,59.03
1902,59.06
1903,59.09
1904,59.12
1905,59.15
1906,59.18
1907,59.22
1908,59.25
1909,59.28
1910,59.31
1911,59.34
1912,59.37
1913,59.4
1914,59.43
1915,59.46
1916,59.49
1917,59.53
1918,59.56
1919,59.59
1920,59.62
1921,59.65
1922,59.68
1923,59.71
1924,59.74
1925,59.77
1926,59.8
1927,59.84
1928,59.87
1929,59.9
1930,59.93
1931,59.96
1932,59.99
1933,60.02
1934,60.05
1935,60.08
1936,60.12
1937,60.15
1938,60.18
1939,60.21
1940,60.24
1941,60.27
1942,60.3
1943,60.33
1944,60.36
1945,60.39
1946,60.42
1947,60.46
1948,60.49
1949,60.52
1950,60.55
1951,60.58
1952,60.61
1953,60.64
1954,60.67
1955,60.7
1956,60.73
1957,60.76
1958,60.8
1959,60.81
1960,60.86
1961,60.89
1962,60.92
1963,60.95
1964,60.98
1965,61.01
1966,61.04
1967,61.08
1968,61.11
1969,61.14
1970,61.17
1971,61.2
1972,61.23
1973,61.26
1974,61.29
1975,61.32
1976,61.35
1977,61.39
1978,61.42
1979,61.45
1980,61.48
1981,61.51
1982,61.54
1983,61.57
1984,61.59
1985,61.63
1986,61.67
1987,61.7
1988,61.73
1989,61.76
1990,61.79
1991,61.82
1992,61.85
1993,61.88
1994,61.91
1995,61.94
1996,61.97
1997,62.01
1998,62.04
1999,62.07
2000,62.1
2001,62.13
2002,62.16
2003,62.19
2004,62.22
2005,62.25
2006,62.29
2007,62.32
2008,62.35
2009,62.38
2010,62.41
2011,62.44
2012,62.47
2013,62.5
2014,62.53
2015,62.56
2016,62.6
2017,62.63
2018,62.66
2019,62.69
2020,62.72
2021,62.75
2022,62.78
2023,62.81
2024,62.84
2025,62.87
2026,62.9
2027,62.94
2028,62.97
2029,63.0
2030,63.03
2031,63.06
2032,63.09
2033,63.12
2034,63.15
2035,63.18
2036,63.21
2037,63.23
2038,63.28
2039,63.31
2040,63.34
2041,63.37
2042,63.4
2043,63.43
2044,63.46
2045,63.49
2046,63.53
2047,63.56
2048,63.59
2049,63.62
2050,63.65
2051,63.68
2052,63.71
2053,63.74
2054,63.77
2055,63.8
2056,63.83
2057,63.87
2058,63.9
2059,63.93
2060,63.96
2061,63.99
2062,64.02
2063,64.05
2064,64.08
2065,64.11
2066,64.15
2067,64.18
2068,64.21
2069,64.24
2070,64.27
2071,64.3
2072,64.33
2073,64.36
2074,64.39
2075,64.42
2076,64.46
2077,64.49
2078,64.52
2079,64.55
2080,64.58
2081,64.61
2082,64.64
2083,64.67
2084,64.7
2085,64.73
2086,64.77
2087,64.8
2088,64.83
2089,64.86
2090,64.89
2091,64.92
2092,64.95
2093,64.98
2094,65.01
2095,65.04
2096,65.08
2097,65.11
2098,65.14
2099,65.17
2100,65.2
2101,65.23
2102,65.26
2103,65.29
2104,65.32
2105,65.35
2106,65.38
2107,65.42
2108,65.45
2109,65.46
2110,65.51
2111,65.54
2112,65.57
2113,65.6
2114,65.63
2115,65.66
2116,65.7
2117,65.73
2118,65.76
2119,65.79
2120,65.82
2121,65.85
2122,65.88
2123,65.91
2124,65.94
2125,65.97
2126,66.01
2127,66.04
2128,66.07
2129,66.1
2130,66.13
2131,66.16
2132,66.19
2133,66.22
2134,66.24
2135,66.25
2136,66.28
2137,66.32
2138,66.35
2139,66.38
2140,66.41
2141,66.44
2142,66.47
2143,66.5
2144,66.53
2145,66.56
2146,66.59
2147,66.63
2148,66.66
2149,66.69
2150,66.72
2151,66.75
2152,66.78
2153,66.81
2154,66.84
2155,66.87
2156,66.9
2157,66.93
2158,66.97
2159,67.0
2160,67.03
2161,67.06
2162,67.09
2163,67.12
2164,67.15
2165,67.18
2166,67.21
2167,67.25
2168,67.28
2169,67.31
2170,67.34
2171,67.37
2172,67.4
2173,67.43
2174,67.46
2175,67.49
2176,67.52
2177,67.56
2178,67.59
2179,67.62
2180,67.65
2181,67.68
2182,67.71
2183,67.74
2184,67.77
2185,67.8
2186,67.83
2187,67.87
2188,67.9
2189,67.93
2190,67.96
2191,67.99
2192,68.02
2193,68.05
2194,68.08
2195,68.11
2196,68.14
2197,68.18
2198,68.21
2199,68.24
2200,68.27
2201,68.3
2202,68.33
2203,68.36
2204,68.39
2205,68.42
2206,68.44
2207,68.46
2208,68.49
2209,68.52
2210,68.55
2211,68.58
2212,68.61
2213,68.64
2214,68.67
2215,68.7
2216,68.73
2217,68.77
2218,68.8
2219,68.83
2220,68.86
2221,68.89
2222,68.92
2223,68.95
2224,68.98
2225,69.01
2226,69.04
2227,69.07
2228,69.1
2229,69.14
2230,69.17
2231,69.2
2232,69.21
2233,69.23
2234,69.26
2235,69.29
2236,69.32
2237,69.35
2238,69.38
2239,69.42
2240,69.45
2241,69.48
2242,69.51
2243,69.54
2244,69.57
2245,69.6
2246,69.63
2247,69.66
2248,69.69
2249,69.73
2250,69.76
2251,69.79
2252,69.82
2253,69.85
2254,69.88
2255,69.91
2256,69.94
2257,69.96
2258,70.0
2259,70.04
2260,70.07
2261,70.1
2262,70.13
2263,70.16
2264,70.19
2265,70.22
2266,70.25
2267,70.28
2268,70.31
2269,70.35
2270,70.38
2271,70.41
2272,70.44
2273,70.47
2274,70.5
2275,70.53
2276,70.56
2277,70.6
2278,70.63
2279,70.66
2280,70.69
2281,70.72
2282,70.75
2283,70.78
2284,70.8
2285,70.84
2286,70.87
2287,70.9
2288,70.94
2289,70.97
2290,71.0
2291,71.03
2292,71.06
2293,71.09
2294,71.12
2295,71.15
2296,71.18
2297,71.21
2298,71.25
2299,71.28
2300,71.31
2301,71.34
2302,71.37
2303,71.4
2304,71.43
2305,71.46
2306,71.49
2307,71.52
2308,71.55
2309,71.59
2310,71.62
2311,71.65
2312,71.68
2313,71.71
2314,71.74
2315,71.77
2316,71.8
2317,71.83
2318,71.86
2319,71.9
2320,71.93
2321,71.96
2322,71.99
2323,72.02
2324,72.05
2325,72.08
2326,72.11
2327,72.14
2328,72.17
2329,72.21
2330,72.24
2331,72.27
2332,72.3
2333,72.33
2334,72.36
2335,72.39
2336,72.42
2337,72.45
2338,72.49
2339,72.52
2340,72.55
2341,72.58
2342,72.61
2343,72.64
2344,72.67
2345,72.7
2346,72.73
2347,72.76
2348,72.8
2349,72.83
2350,72.86
2351,72.89
2352,72.92
2353,72.95
2354,72.98
2355,73.01
2356,73.04
2357,73.07
2358,73.11
2359,73.14
2360,73.17
2361,73.2
2362,73.23
2363,73.26
2364,73.29
2365,73.32
2366,73.35
2367,73.38
2368,73.42
2369,73.45
2370,73.48
2371,73.51
2372,73.54
2373,73.57
2374,73.6
2375,73.63
2376,73.66
2377,73.69
2378,73.73
2379,73.76
2380,73.79
2381,73.82
2382,73.85
2383,73.86
2384,73.91
2385,73.94
2386,73.97
2387,74.0
2388,74.04
2389,74.07
2390,74.1
2391,74.13
2392,74.16
2393,74.19
2394,74.22
2395,74.25
2396,74.28
2397,74.31
2398,74.35
2399,74.38
2400,74.41
2401,74.44
2402,74.47
2403,74.5
2404,74.53
2405,74.56
2406,74.59
2407,74.62
2408,74.65
2409,74.69
2410,74.72
2411,74.75
2412,74.78
2413,74.81
2414,74.84
2415,74.87
2416,74.9
2417,74.93
2418,74.97
2419,75.0
2420,75.03
2421,75.06
2422,75.09
2423,75.12
2424,75.15
2425,75.18
2426,75.21
2427,75.24
2428,75.28
2429,75.31
2430,75.34
2431,75.37
2432,75.4
2433,75.43
2434,75.46
2435,75.49
2436,75.52
2437,75.56
2438,75.59
2439,75.62
2440,75.65
2441,75.68
2442,75.71
2443,75.74
2444,75.77
2445,75.8
2446,75.83
2447,75.86
2448,75.9
2449,75.93
2450,75.96
2451,75.99
2452,76.02
2453,76.05
2454,76.08
2455,76.11
2456,76.14
2457,76.17
2458,76.2
2459,76.24
2460,76.27
2461,76.3
2462,76.33
2463,76.36
2464,76.39
2465,76.42
2466,76.45
2467,76.48
2468,76.52
2469,76.55
2470,76.58
2471,76.61
2472,76.64
2473,76.67
2474,76.7
2475,76.73
2476,76.76
2477,76.79
2478,76.83
2479,76.86
2480,76.89
2481,76.92
2482,76.95
2483,76.98
2484,77.01
2485,77.04
2486,77.07
2487,77.1
2488,77.13
2489,77.17
2490,77.2
2491,77.23
2492,77.26
2493,77.29
2494,77.32
2495,77.35
2496,77.38
2497,77.42
2498,77.45
2499,77.48
2500,77.51
2501,77.54
2502,77.57
2503,77.6
2504,77.63
2505,77.66
2506,77.69
2507,77.72
2508,77.76
2509,77.79
2510,77.82
2511,77.85
2512,77.86
2513,77.88
2514,77.91
2515,77.94
2516,77.97
2517,78.0
2518,78.04
2519,78.07
2520,78.1
2521,78.13
2522,78.16
2523,78.19
2524,78.22
2525,78.25
2526,78.28
2527,78.31
2528,78.34
2529,78.38
2530,78.41
2531,78.44
2532,78.47
2533,78.5
2534,78.53
2535,78.56
2536,78.59
2537,78.62
2538,78.65
2539,78.67
2540,78.69
2541,78.72
2542,78.75
2543,78.78
2544,78.81
2545,78.84
2546,78.87
2547,78.9
2548,78.93
2549,78.96
2550,79.0
2551,79.03
2552,79.06
2553,79.09
2554,79.12
2555,79.15
2556,79.18
2557,79.21
2558,79.24
2559,79.27
2560,79.31
2561,79.34
2562,79.37
2563,79.4
2564,79.43
2565,79.46
2566,79.49
2567,79.52
2568,79.55
2569,79.59
2570,79.62
2571,79.65
2572,79.68
2573,79.71
2574,79.74
2575,79.77
2576,79.8
2577,79.83
2578,79.86
2579,79.9
2580,79.93
2581,79.96
2582,79.99
2583,80.02
2584,80.05
2585,80.08
2586,80.11
2587,80.14
2588,80.17
2589,80.21
2590,80.24
2591,80.25
2592,80.27
2593,80.3
2594,80.33
2595,80.36
2596,80.39
2597,80.42
2598,80.45
2599,80.49
2600,80.52
2601,80.55
2602,80.58
2603,80.61
2604,80.64
2605,80.67
2606,80.7
2607,80.73
2608,80.76
2609,80.79
2610,80.83
2611,80.86
2612,80.89
2613,80.92
2614,80.95
2615,80.98
2616,81.01
2617,81.04
2618,81.07
2619,81.1
2620,81.14
2621,81.17
2622,81.2
2623,81.23
2624,81.26
2625,81.29
2626,81.32
2627,81.35
2628,81.38
2629,81.41
2630,81.45
2631,81.48
2632,81.51
2633,81.54
2634,81.57
2635,81.6
2636,81.63
2637,81.66
2638,81.69
2639,81.72
2640,81.75
2641,81.79
2642,81.82
2643,81.85
2644,81.88
2645,81.91
2646,81.94
2647,81.97
2648,82.0
2649,82.03
2650,82.07
2651,82.1
2652,82.13
2653,82.16
2654,82.19
2655,82.22
2656,82.25
2657,82.28
2658,82.31
2659,82.34
2660,82.38
2661,82.41
2662,82.44
2663,82.47
2664,82.5
2665,82.53
2666,82.56
2667,82.58
2668,82.59
2669,82.62
2670,82.65
2671,82.69
2672,82.72
2673,82.75
2674,82.78
2675,82.81
2676,82.84
2677,82.87
2678,82.9
2679,82.93
2680,82.96
2681,83.0
2682,83.03
2683,83.06
2684,83.09
2685,83.12
2686,83.15
2687,83.18
2688,83.21
2689,83.24
2690,83.27
2691,83.31
2692,83.34
2693,83.37
2694,83.4
2695,83.43
2696,83.46
2697,83.49
2698,83.52
2699,83.55
2700,83.58
2701,83.62
2702,83.65
2703,83.68
2704,83.71
2705,83.74
2706,83.77
2707,83.8
2708,83.83
2709,83.86
2710,83.89
2711,83.93
2712,83.96
2713,83.99
2714,84.02
2715,84.05
2716,84.08
2717,84.11
2718,84.14
2719,84.17
2720,84.21
2721,84.24
2722,84.27
2723,84.3
2724,84.33
2725,84.36
2726,84.39
2727,84.42
2728,84.45
2729,84.48
2730,84.51
2731,84.55
2732,84.58
2733,84.61
2734,84.64
2735,84.67
2736,84.7
2737,84.73
2738,84.76
2739,84.79
2740,84.82
2741,84.86
2742,84.89
2743,84.92
2744,84.95
2745,84.98
2746,85.01
2747,85.04
2748,85.07
2749,85.1
2750,85.13
2751,85.17
2752,85.2
2753,85.23
2754,85.26
2755,85.29
2756,85.32
2757,85.35
2758,85.38
2759,85.41
2760,85.45
2761,85.48
2762,85.51
2763,85.54
2764,85.57
2765,85.58
2766,85.63
2767,85.66
2768,85.69
2769,85.72
2770,85.76
2771,85.79
2772,85.82
2773,85.85
2774,85.88
2775,85.91
2776,85.94
2777,85.97
2778,86.0
2779,86.03
2780,86.06
2781,86.1
2782,86.13
2783,86.16
2784,86.19
2785,86.22
2786,86.25
2787,86.28
2788,86.31
2789,86.34
2790,86.37
2791,86.41
2792,86.44
2793,86.47
2794,86.5
2795,86.53
2796,86.56
2797,86.59
2798,86.62
2799,86.65
