Timestamp,Torque Magnitude
0.2112720012664795,0.0022704634465488243
0.24007344245910645,0.0012187495551347534
0.271223783493042,0.0015791089981654991
0.30207157135009766,0.0009871613850309412
0.33312296867370605,0.00192261091096554
0.3641042709350586,0.0023836912746490885
0.39493393898010254,0.0016170732686614092
0.425797700881958,0.001598316949289937
0.4568338394165039,0.0010744256279398522
0.4878818988800049,0.0033380969114350954
0.518850564956665,0.0028184354149509636
0.5497927665710449,0.0014399569013295184
0.5807795524597168,0.0009670696445301498
0.6118061542510986,0.0018355202304215464
0.6427359580993652,0.0013838062576703597
0.6735901832580566,0.0022679424298258873
0.7035987377166748,0.00038372781030970247
0.7359187602996826,0.004808574101408497
0.7658052444458008,0.0021615437066253166
0.7980358600616455,0.0015658700481225069
0.8276700973510742,0.002448590656825061
0.8582241535186768,0.004429803013342535
0.8901686668395996,0.0015779619004674757
0.9214339256286621,0.000875565886307884
0.9539518356323242,0.0033245302778518574
0.9841790199279785,0.0002930562626489137
1.0157880783081055,0.0012008752625512155
1.0451686382293701,0.0014896126780941878
1.0776607990264893,0.0018396175211864538
1.108705759048462,0.0009642406310214417
1.1395933628082275,0.002175953377967428
1.1705951690673828,0.0024637347392305713
1.2015364170074463,0.001988120010338164
1.2324180603027344,0.0013245525487558844
1.2626807689666748,0.0025098478995060135
1.2933974266052246,0.0023671004305183623
1.3250958919525146,0.025396084739460503
1.3560655117034912,0.010439405170149137
1.3877639770507812,0.004068564646195972
1.4178647994995117,0.0032843026401778125
1.4487965106964111,0.0036492961717124422
1.4804348945617676,0.005589956406649129
1.51070237159729,0.0033837141110820966
1.5417735576629639,0.0028125827429090074
1.5726370811462402,0.0003948983209548574
1.6035926342010498,0.0029732449439880174
1.6349408626556396,0.00253004097182653
1.6672110557556152,0.0011572066522622312
1.6979193687438965,0.0035607268804798906
1.7272698879241943,0.002855393034205509
1.7594060897827148,0.002103413276785422
1.7901813983917236,0.002926018103386654
1.8213322162628174,0.0013231644105762303
1.8523356914520264,0.001185578084545627
1.8820757865905762,0.001269202365278753
1.9147312641143799,0.0022891697933455756
1.9452319145202637,0.0013214702803284806
1.9751949310302734,0.0007172342751587476
2.0059151649475098,0.0004397492767058061
2.0381250381469727,0.0017120122964557412
2.0684714317321777,0.0013328122465341063
2.099774122238159,0.000873863215657148
2.130798578262329,0.0011316331008068964
2.1616158485412598,0.0017935264154169113
2.1922435760498047,0.0024101421071721515
2.2239415645599365,0.0014172389283387216
2.25451397895813,0.0029046447095418507
2.284661293029785,0.002391605312326914
2.316901922225952,0.0017271433471668996
2.347660541534424,0.00042924812754170026
2.3792243003845215,0.002802659138399011
2.410038709640503,0.0028646920032723224
2.440781593322754,0.0016866036722553678
2.4725258350372314,0.002456106801387166
2.5040502548217773,0.0020698775028578174
2.535015821456909,0.03355643078092603
2.565589427947998,0.050860275565016745
2.596998929977417,0.007475258169489397
2.6281070709228516,0.014432571172550566
2.6584649085998535,0.005834994318064728
2.689321279525757,0.004344234784452415
2.720489978790283,0.003572511973022478
2.7513036727905273,0.0020464962185808354
2.7826995849609375,0.001905463909144697
2.8131277561187744,0.001869599168412485
2.843834400177002,0.12416977695256065
2.875375747680664,0.011183320597135643
2.906087875366211,0.022219200153209512
2.937053680419922,0.008565107111477245
2.967994451522827,0.004618111567655165
2.998847723007202,0.0056726318258315984
3.0293049812316895,0.0014515220905215384
3.0605032444000244,0.018220596909438655
3.0917809009552,0.015905664812608994
3.122643232345581,0.010231963639211654
3.1538760662078857,0.004431017254236113
3.1848793029785156,0.003477426918374846
3.215791702270508,0.0007394757490386557
3.247281551361084,0.026296313759924222
3.277906894683838,0.025646875428045758
3.309739589691162,0.015062337402192079
3.3407235145568848,0.0008962591061827325
3.3716585636138916,0.0008320140493126302
3.4017138481140137,0.005963258570223992
3.4327151775360107,0.01388124172239095
3.4645378589630127,0.03200606795719934
3.494703769683838,0.015065745530771413
3.525068759918213,0.019053742553812657
3.556917905807495,0.010947499425574946
3.587980031967163,0.04109352902915188
3.6193695068359375,0.020058440835166266
3.6502745151519775,0.002640278122801962
3.6811840534210205,0.0052800693764513615
3.7121946811676025,0.006849473255753316
3.743011713027954,0.005574261503426294
3.773404598236084,0.020627141105721298
3.804128408432007,0.010948026913314068
3.8361546993255615,0.012307851440237246
3.867055892944336,0.003231305003511279
3.8979742527008057,0.004798126210974522
3.928884744644165,0.05169209747108859
3.9600021839141846,0.006841458240394219
3.990792989730835,0.009521242345935602
4.0218281745910645,0.007420783853715931
4.052926540374756,0.005214970248710447
4.068750619888306,0.0033198987632362055
4.115725040435791,0.007458474311581941
4.146633148193359,0.019429805717437486
4.1776649951934814,0.007986401401011792
4.208714723587036,0.0025920125273498065
4.239323139190674,0.0036208350154582425
4.270549058914185,0.005495628260489764
4.301486253738403,0.03922960951944348
4.332353115081787,0.012351761308228534
4.363149881362915,0.0012663924306712485
4.393698453903198,0.0026390364736824847
4.4249937534332275,0.0024184329075080716
4.456369161605835,0.006051360953390385
4.487380027770996,0.047141299910596554
4.518289566040039,0.012833334034332056
4.549297094345093,0.00790549690363798
4.580317258834839,0.002031676651123597
4.6112425327301025,0.007593226454220216
4.64222264289856,0.07532454908903624
4.673228025436401,0.04326015003987084
4.7041661739349365,0.019371870403612074
4.735102891921997,0.004105849868116258
4.766128301620483,0.00782680058517332
4.796989440917969,0.005333221262059131
4.82789421081543,0.033604693775585975
4.858863830566406,0.011225490700564583
4.889934301376343,0.004353888083976572
4.9208807945251465,0.0036513580307847584
4.952350378036499,0.007229211804052563
4.982918739318848,0.056091988074273395
5.0148537158966064,0.019715539415481553
5.045850038528442,0.00406711497548839
5.076810359954834,0.006933700661951412
5.107785701751709,0.000926602653895337
5.137362003326416,0.05359951717406018
5.168378591537476,0.00985739715429441
5.20046591758728,0.00590391413030203
5.230801820755005,0.0038745819635326246
5.262475967407227,0.0024027348906293764
5.293623208999634,0.0021180186383053107
5.324232578277588,0.028501391460122052
5.355853319168091,0.004783150398656521
5.386914014816284,0.029185440207245207
5.417935132980347,0.0174195797104723
5.44824743270874,0.008183887645954933
5.479337692260742,0.011959078584800598
5.510788440704346,0.02103076727992577
5.5417516231536865,0.02036441299938852
5.572789192199707,0.00998632027815243
5.603457450866699,0.0029782574679454218
5.634175062179565,0.002267734440724907
5.665024995803833,0.013673488976433877
5.69582462310791,0.02412926533703035
5.726805686950684,0.018355656502778928
5.756713628768921,0.005096761303627746
5.788559913635254,0.0036888735256646985
5.819512844085693,0.006026140537211517
5.852282524108887,0.022671301727411348
5.883386135101318,0.038470213968118665
5.913767099380493,0.010519557470034841
5.943411111831665,0.005845295887970454
5.975729703903198,0.034679764913019
6.006720542907715,0.03420200018437381
6.037703037261963,0.03535171744289692
6.068682909011841,0.04488017327099482
6.099647760391235,0.05055436905967412
6.13060450553894,0.06400578504641256
6.161260366439819,0.06465632091376831
6.192531585693359,0.07060160889312694
6.2233240604400635,0.0935335175455063
6.2543699741363525,0.0965284443001975
6.285391807556152,0.06742768025866673
6.316344738006592,0.06969142646886337
6.347374200820923,0.1036236555214822
6.3784191608428955,0.1001933113746798
6.4097795486450195,0.0973301515426366
6.440382957458496,0.09274872626491149
6.471376657485962,0.10387325852166532
6.502185344696045,0.12632539519621402
6.533254384994507,0.1278023742488027
6.565068244934082,0.13242984584939435
6.595648288726807,0.11920836774959642
6.6277735233306885,0.14893530778519193
6.657933235168457,0.1638869823662567
6.688914060592651,0.16908603298528718
6.71988320350647,0.17530250973014047
6.7509238719940186,0.15756469297769216
6.7817957401275635,0.19062569132365617
6.812811851501465,0.20872959328057003
6.843753099441528,0.19985333789088644
6.874682903289795,0.20091331469868376
6.905812740325928,0.14527966241753199
6.936813592910767,0.21017614628812176
6.967722177505493,0.2112029491326112
6.998259544372559,0.21980213060754533
7.028950929641724,0.2272397842850072
7.060153484344482,0.19675716713461947
7.09141731262207,0.25135106153953723
7.122398614883423,0.256162845277416
7.15334939956665,0.2507853616058434
7.184388875961304,0.22617432812707228
7.215380907058716,0.2541936081597756
7.246062278747559,0.2726766025510323
7.277491331100464,0.2738972361879752
7.30823540687561,0.2859168195650675
7.33920693397522,0.2947558742592918
7.370190620422363,0.28756157492461326
7.401081800460815,0.30650228880388164
7.417055368423462,0.3244175179030678
7.46379828453064,0.3273198984157773
7.494657516479492,0.2997683592831144
7.525893926620483,0.3077742815476268
7.556992530822754,0.3218386353638341
7.587966203689575,0.33849951064825406
7.6188507080078125,0.35251857776470247
7.649693012237549,0.33753426073487497
7.680784225463867,0.35521163938887684
7.711711645126343,0.3754078634242569
7.742590665817261,0.3703213045485587
7.774052619934082,0.3542454368234166
7.804769277572632,0.37515130164342064
7.835632085800171,0.39105208579603146
7.86660623550415,0.37130465601986123
7.897625684738159,0.3792063748672359
7.927478790283203,0.3704675835534778
7.95911169052124,0.3850363572270257
7.990505695343018,0.40669238656341017
8.021437406539917,0.4095076534710812
8.052562713623047,0.4208872051114121
8.083478450775146,0.3895980750789396
8.114680767059326,0.409020959307959
8.145403385162354,0.4425612638523588
8.176575422286987,0.44714528093628464
8.207360744476318,0.4467650270211174
8.23827600479126,0.3869288794888474
8.270258903503418,0.43659965104388104
8.30073595046997,0.44558262299914464
8.33218240737915,0.4562509712454481
8.363028287887573,0.4653075978117003
8.394269704818726,0.44874443121598295
8.425392150878906,0.47809902874765364
8.456159830093384,0.48581522793513116
8.4877769947052,0.4891324967669353
8.518018960952759,0.47576311296583296
8.549140453338623,0.4995456961244292
8.579985857009888,0.48019404357740525
8.610939741134644,0.48999885092355216
8.641889333724976,0.5042610694198464
8.672887563705444,0.5144721388393299
8.703812837600708,0.503274212083241
8.734612464904785,0.5261658578752184
8.76577377319336,0.5375315583385202
8.796708822250366,0.5398008456596548
8.827784776687622,0.5474574904661413
8.858561038970947,0.5297874762861784
8.88962984085083,0.542424777287624
8.920631647109985,0.5410760198051107
8.95151162147522,0.556231190060548
8.982427597045898,0.5672218435965878
9.01343297958374,0.5553829445147096
9.044450283050537,0.5795181596584398
9.06041955947876,0.5900097689821411
9.107394933700562,0.5917419288638962
9.138298749923706,0.5786155095876946
9.168845653533936,0.596885279781163
9.199792623519897,0.6196230590686967
9.230538129806519,0.6169220988360868
9.262159585952759,0.5806209923532293
9.293388843536377,0.587212354393589
9.324038028717041,0.6209678769344558
9.355093002319336,0.6306375634712964
9.386084079742432,0.6292705724577499
9.41784930229187,0.6276260336083104
9.448316097259521,0.6393626498240997
9.478837251663208,0.6561004774875389
9.509900331497192,0.6637860948687341
9.540719509124756,0.6653565289166075
9.572277307510376,0.6396246485431155
9.603213787078857,0.6409208196032337
9.63313627243042,0.6693249763015654
9.664289951324463,0.6748262990292143
9.696115732192993,0.685854067498458
9.726553678512573,0.6610229737741292
9.757618188858032,0.6947531791009395
9.78853964805603,0.7055586435449391
9.819499492645264,0.7070636304750753
9.836352825164795,0.7262980211078962
9.882417678833008,0.7004519783903551
9.913347482681274,0.723473813608481
9.944459438323975,0.7070166011803545
9.975416660308838,0.7274440311536889
10.006891965866089,0.7347924760566855
10.037838459014893,0.7239063098956802
10.068198919296265,0.7448425345183491
10.099332332611084,0.760826270695427
10.13009786605835,0.7662355146274663
10.16120958328247,0.741235458437392
10.192481756210327,0.7468219500618811
10.223057746887207,0.7674350900311814
10.253949642181396,0.7727541100056355
10.284988403320312,0.7821997457816301
10.315982818603516,0.7713412051200399
10.346938610076904,0.7934018805500449
10.37727689743042,0.804005972107828
10.408864498138428,0.8065002752191984
10.43987488746643,0.8157134070614777
10.470303773880005,0.8095645003398458
10.501386642456055,0.8185889357485276
10.532448053359985,0.7933199734614084
10.563669919967651,0.8171895631483946
10.594714879989624,0.8266802779872537
10.625653982162476,0.817499983123231
10.656589269638062,0.8313764832743405
10.687579870223999,0.8434457374814996
10.719566106796265,0.8502891867363012
10.750614404678345,0.832591950125293
10.781467199325562,0.8559270496915943
10.812434434890747,0.8628306275931237
10.84340763092041,0.8699588950991954
10.874271631240845,0.845598567378413
10.905190229415894,0.8742604642631322
10.93609356880188,0.8455945644070781
10.96729564666748,0.8773711089293382
10.998382568359375,0.8856066225572183
11.029084920883179,0.8902308721381127
11.059999227523804,0.9067054539404695
11.091011762619019,0.8863077734178989
11.12193250656128,0.9164785944974023
11.152874946594238,0.9247435752693591
11.183997869491577,0.9244112384741379
11.214804887771606,0.9112815376660831
11.245725154876709,0.8998252092833854
11.276859998703003,0.9307155054811751
11.307769060134888,0.9302811770663572
11.338758945465088,0.9375392081915547
11.36968207359314,0.936604150335852
11.400769710540771,0.9482510660571963
11.431379318237305,0.9672875780845541
11.447659015655518,0.9701124236822141
11.494075059890747,0.9717844401628538
11.52546501159668,0.9598310211946945
11.556259155273438,0.9584734855128
11.587352275848389,0.9803334799174213
11.618389129638672,0.988336148582586
11.649351358413696,0.9910134450205188
11.680375576019287,0.9833782996914434
11.711519718170166,1.0047316130437485
11.742388248443604,1.0168790859256736
11.772982835769653,1.0245980499908038
11.80423092842102,1.0335046062968651
11.835114479064941,1.0162683155382235
11.866010189056396,1.0361002130904193
11.897099018096924,1.0244423874066297
11.928077220916748,1.0351606376674318
11.95900011062622,1.0221441050421858
11.990028381347656,1.0419772905085867
12.020983457565308,1.0551399556147307
12.05311894416809,1.0681743010862506
12.082947254180908,1.0778994452407156
12.1126549243927,1.0608311734534857
12.143451929092407,1.076597720382092
12.174400568008423,1.0668875072421382
12.205701351165771,1.0749022008296771
12.237185716629028,1.0907299961107095
12.26835298538208,1.0744043979323403
12.283331871032715,1.1050781463217696
12.331278085708618,1.1149408526139657
12.362135648727417,1.1174482302316302
12.393460273742676,1.129069638696293
12.424555540084839,1.1173997968963723
12.455493450164795,1.140548418698834
12.486961364746094,1.1518005182031195
12.51745057106018,1.1295066830105176
12.548354387283325,1.1324322267298743
12.579359292984009,1.138661937166416
12.610389232635498,1.154352616872006
12.641862392425537,1.1633141352314227
12.672715902328491,1.1730414425029403
12.702940225601196,1.1633471552458705
12.733941078186035,1.1736334029538795
12.765201807022095,1.188061865120976
12.795782804489136,1.179917293587561
12.827032089233398,1.1856471112590727
12.85803771018982,1.1809041787326615
12.888980627059937,1.198951725590047
12.92012095451355,1.2057738914416607
12.951024293899536,1.2110771747963345
12.981906414031982,1.2202479622461069
13.012881755828857,1.2144895383674568
13.043732404708862,1.2280879309252928
13.075757265090942,1.233195487356027
13.10664963722229,1.2209889784766308
13.13826298713684,1.2280857194969372
13.168800592422485,1.218740035734164
13.198917627334595,1.23669633977744
13.230224609375,1.2446790896839168
13.262184619903564,1.252325106232344
13.292621612548828,1.262703169641849
13.323506832122803,1.2456955753392904
13.354947805404663,1.2685975569845636
13.385958433151245,1.2778087544763592
13.416675090789795,1.281015363225723
13.447345972061157,1.2708178390907157
13.478830099105835,1.261658682232238
13.50961947441101,1.2828364476890903
13.540764331817627,1.2905376215905657
13.571634769439697,1.2965017266209873
13.602260828018188,1.278895732783928
13.632567644119263,1.302560696488355
13.663791179656982,1.3152689905790778
13.695297956466675,1.3166003053625743
13.726268768310547,1.3173721922808939
13.756973028182983,1.3033114636684848
13.787777185440063,1.2734759064351953
13.819099426269531,1.3063374687285065
13.849925518035889,1.3281808283362369
13.8823721408844,1.3350039833483947
13.912895202636719,1.3237428795790074
13.943747520446777,1.3466763553874967
13.974313974380493,1.3590790296648687
14.005730628967285,1.3613328987507742
14.03644061088562,1.3644629801621386
14.067108154296875,1.353986385949986
14.098062515258789,1.3666098696145723
14.130062103271484,1.3848232432491019
14.161035776138306,1.3758671681953878
14.191987037658691,1.3614687004662123
14.222500801086426,1.3875782283038787
14.253871440887451,1.3643661080207583
14.284911870956421,1.394025233212189
14.315488815307617,1.3936242370464307
14.346362113952637,1.3960547933679839
14.37779951095581,1.4072704330602914
14.408288717269897,1.4018976540690629
14.439061403274536,1.4196830233676871
14.470664024353027,1.4237818426750481
14.501086473464966,1.4293329463173816
14.531687259674072,1.4412900124588783
14.562834739685059,1.4122624581912997
14.593868494033813,1.4184471130964351
14.624922275543213,1.4279143978724034
14.65639615058899,1.4314068541448703
14.687479257583618,1.4511607652390341
14.71953535079956,1.4349843896910752
14.749924421310425,1.4536884500139646
14.780848264694214,1.460393020023611
14.811842679977417,1.460968744491374
14.842842102050781,1.4612002986683843
14.874391317367554,1.4743955201030492
14.90407657623291,1.4722070223902095
14.935842990875244,1.4701535060604396
14.966996908187866,1.4761845054020055
14.997631549835205,1.4688519981302213
15.028748989105225,1.485066704188388
15.059781551361084,1.491764840017275
15.0899977684021,1.5023308271897837
15.121585130691528,1.5073680328619223
15.1525239944458,1.4952399204477358
15.18349003791809,1.5192656841748047
15.21445083618164,1.5238272323293927
15.245367765426636,1.5267808899894455
15.276379108428955,1.5219411205107267
15.307394981384277,1.5024221598863488
15.33808708190918,1.5242758545420183
15.369236707687378,1.5270078898488277
15.400439739227295,1.5350649241961856
15.431148290634155,1.5398761621092285
15.462193489074707,1.5249141412587262
15.493226766586304,1.5458874856499456
15.5095534324646,1.5543094582830406
15.556367635726929,1.5536350941000825
15.586842775344849,1.5595477576863752
15.617854356765747,1.5467069613634699
15.64873194694519,1.552038453621974
15.679713487625122,1.54814448659053
15.710668563842773,1.5605189896646459
15.740913152694702,1.5666399928850374
15.772185802459717,1.5613352133293272
15.80354356765747,1.5676500224567629
15.834575414657593,1.5792249192271433
15.865403890609741,1.5822201234849256
15.896597623825073,1.5892783342145569
15.927613735198975,1.5759417989709936
15.95863676071167,1.5865048268448028
15.989468336105347,1.593911468434415
16.021592378616333,1.586516242455566
16.05170249938965,1.5965675217156425
16.08122682571411,1.5815419636936012
16.11240029335022,1.607101544353119
16.144222497940063,1.6103936226121847
16.175408363342285,1.612845635356635
16.20612668991089,1.6152484911534977
16.237303972244263,1.6198651361358452
16.269002199172974,1.6339511474966981
16.299954414367676,1.6361475233343639
16.330130577087402,1.629173149800941
16.346107006072998,1.6251428225165614
16.392985105514526,1.6246266863947894
16.423244953155518,1.6411998857053038
16.454947471618652,1.6518831651671113
16.48631453514099,1.6489168747607295
16.516974687576294,1.652581507667523
16.547235250473022,1.650110465218546
16.57791018486023,1.6713320793369486
16.609776973724365,1.671392284014193
16.64008116722107,1.6696808852345526
16.67156171798706,1.6666254174508583
16.702571153640747,1.646527183941817
16.73395538330078,1.671394275029999
16.76452898979187,1.6766613441558345
16.79573702812195,1.6841362172844732
16.827146291732788,1.6896636282309117
16.857592821121216,1.6809780033567434
16.88844585418701,1.689052176828526
16.919525146484375,1.699576638709497
16.95043969154358,1.7040200353132704
16.98139524459839,1.7116464768672062
17.012471675872803,1.7026227478111005
17.042808771133423,1.7117734427646645
17.074305534362793,1.7163419855674444
17.10539698600769,1.696582451242177
17.136146783828735,1.7116748159250244
17.16824960708618,1.712196551369169
17.198851346969604,1.7089355568716313
17.22893977165222,1.7246495453742012
17.26004719734192,1.7306198112411881
17.29237675666809,1.7371044346541313
17.323041200637817,1.7393928860759986
17.353875160217285,1.7327817688048317
17.383636236190796,1.7494283881719002
17.416043043136597,1.7573596522025237
17.446923971176147,1.7530929704452687
17.477993488311768,1.731621983465166
17.50875425338745,1.740182795838229
17.54025626182556,1.758720369087013
17.57142663002014,1.761017113269536
17.60163450241089,1.7716295891274068
17.632718086242676,1.7524779414728617
17.663717031478882,1.7734696301932724
17.694650411605835,1.7784828651946554
17.72557282447815,1.7831584627628865
17.756588220596313,1.7888440737970204
17.78662610054016,1.774943282211609
17.81845712661743,1.7858584060940625
17.84945774078369,1.7766588076433665
17.880451202392578,1.7835445448252867
17.9113712310791,1.7896821333811685
17.942373037338257,1.7959877920246776
17.97328019142151,1.7832918389429488
17.9884831905365,1.7963386458136006
18.036826133728027,1.808497349424674
18.067049026489258,1.8084895826726148
18.0979642868042,1.8135890028114645
18.129125833511353,1.7998059147000676
18.160808801651,1.813218565780334
18.191158533096313,1.823373991931996
18.222094535827637,1.8080147077814994
18.253523111343384,1.8049135681481783
18.283998727798462,1.7953265502190936
18.314818859100342,1.8135440284679378
18.34598731994629,1.8228828663626506
18.377429246902466,1.8260039382056965
18.40793538093567,1.8306925796654387
18.43793296813965,1.8201086720812483
18.469088554382324,1.8352387655522187
18.499908924102783,1.8439407418472373
18.53087568283081,1.8463976192741103
18.562666416168213,1.8481753288639433
18.59375,1.8336744734258357
18.624162912368774,1.8283566222229983
18.654266595840454,1.8512213249305975
18.686171054840088,1.854458726850031
18.71682095527649,1.8633013516476047
18.74936056137085,1.8551227057213409
18.780375242233276,1.8659624250074753
18.81096053123474,1.8758200680798471
18.842148780822754,1.8803813988253804
18.873069286346436,1.8839638452874419
18.90427017211914,1.8778993576091505
18.935264348983765,1.8911453797154871
18.966186046600342,1.8936051950234405
18.997321128845215,1.8870049676447964
19.02851176261902,1.883397289487522
19.059123277664185,1.878277132797675
19.089990854263306,1.8939870177623452
19.121026039123535,1.9007538876944507
19.151973724365234,1.9037864050178568
19.182887315750122,1.9113400925764374
19.214083194732666,1.9061860202136554
19.244829654693604,1.9102147765357822
19.27581214904785,1.9178068467355394
19.30672287940979,1.9254768000824287
19.338419198989868,1.9285143025826874
19.36876940727234,1.9247649688719266
19.399731159210205,1.9040234625202377
19.43065857887268,1.9233500267261936
19.461665630340576,1.9320601274268385
19.49250316619873,1.9349922415369685
19.524578332901,1.9374965692682655
19.555657148361206,1.9318199376631748
19.58699345588684,1.9490207180287416
19.617467403411865,1.9526586820138483
19.648472785949707,1.954587263119099
19.679591417312622,1.963431018888231
19.710373401641846,1.9461665069467076
19.740885019302368,1.9468247069591196
19.772352933883667,1.959171985034209
19.801812648773193,1.9589430389479066
19.83280348777771,1.968687573197222
19.863762378692627,1.957764566872662
19.895291328430176,1.9731486579823847
19.926910400390625,1.9787700347355917
19.958024501800537,1.9819577331956135
19.98904275894165,1.989057136971594
20.019996881484985,1.9688129149243871
20.050919771194458,1.9902070533394365
20.081881284713745,1.9811088086432898
20.112804412841797,1.980066678348892
20.1438307762146,1.9898111000202559
20.1744225025177,1.976148765485039
20.205108642578125,1.9916386100869503
20.237354516983032,1.9959201447203965
20.26824712753296,1.9959189662989247
20.298065900802612,2.001220783522496
20.329920530319214,2.0056637188292807
20.345679759979248,1.9929479371618566
20.392958164215088,2.007060174300448
20.422993659973145,2.012110849798884
20.453609466552734,2.01107666538753
20.485623598098755,2.0175051403135695
20.516765117645264,1.9842455975502997
20.54786229133606,2.005486472116363
20.57761549949646,2.0056127958825747
20.608071327209473,2.0140463542619726
20.639838695526123,2.018597624214539
20.670629262924194,2.0070144414913744
20.70167374610901,2.0183576248267707
20.733399629592896,2.026183023988902
20.764060258865356,2.029294983651105
20.795737504959106,2.0330609561795976
20.826119661331177,2.020619514535573
20.856509685516357,2.0341543877899757
20.888454914093018,2.0387510364595314
20.919060230255127,2.0419155699525438
20.950277090072632,2.0287615938640378
20.980820894241333,2.018642698289236
21.01198387145996,2.0329405741914885
21.043344974517822,2.044197102670782
21.073411226272583,2.0457088101877683
21.10410714149475,2.048660501799538
21.135555744171143,2.0351643801579935
21.151328086853027,2.04809112007447
21.198713302612305,2.0554533627353773
21.229568481445312,2.0623691656215484
21.260584592819214,2.0619148108785557
21.291846752166748,2.042939757557442
21.32252860069275,2.0595814146795206
21.353542804718018,2.050866850137617
21.38529324531555,2.0461146289096668
21.415422201156616,2.0598202619464727
21.44639778137207,2.0446491654564114
21.47671866416931,2.062622300755699
21.507633209228516,2.0615705952343633
21.538594961166382,2.0666639102231956
21.57024049758911,2.0672287685501938
21.601232051849365,2.058866739519674
21.63219118118286,2.0707835460864037
21.663198232650757,2.0781010412590715
21.694661140441895,2.0794551770002405
21.725502729415894,2.0830822783514247
21.75649380683899,2.069780157246409
21.787150382995605,2.0746773467242345
21.81823468208313,2.06854651541999
21.849321365356445,2.076081902791842
21.880289316177368,2.0776180491609626
21.9095356464386,2.0782781289304326
21.94111680984497,2.0793305018203854
21.973202228546143,2.0868496610152487
22.00494360923767,2.0864036126789434
22.035656929016113,2.0906358739767033
22.066733598709106,2.1012727545696777
22.097657680511475,2.0901062232379233
22.128737926483154,2.098791928518356
22.158777952194214,2.100153490150904
22.190608978271484,2.096564359226703
22.221049070358276,2.094354242258694
22.25264072418213,2.084434197833718
22.28352642059326,2.095788040181188
22.314168214797974,2.1037685342331303
22.345139503479004,2.1026166322180524
22.37645149230957,2.106864205613484
22.407116174697876,2.089200340480597
22.438664436340332,2.0984786723174005
22.46975564956665,2.1047815210370895
22.500652074813843,2.1047498636328017
22.531202793121338,2.109310927844448
22.562111377716064,2.1033594418967767
22.59308624267578,2.106608551475293
22.623974561691284,2.1094286043011956
22.65501570701599,2.1077365346160133
22.68604803085327,2.0988764415207273
22.717073440551758,2.1043877319182385
22.748313426971436,2.0883469637945455
22.779503107070923,2.107812196051253
22.81149935722351,2.110603927930421
22.841431379318237,2.1125037844352836
22.8730685710907,2.110529533469189
22.903531312942505,2.1096156334728304
22.934759616851807,2.112292597509659
22.96576952934265,2.119385525158714
22.99663496017456,2.119826123897437
23.027610063552856,2.1186297550676976
23.05890679359436,2.124361328044314
23.08999466896057,2.1099753763866955
23.120490550994873,2.1211921823597337
23.15130877494812,2.1107238803139055
23.182275533676147,2.1191653551440943
23.212772607803345,2.1206526776984416
23.24437713623047,2.1113887059296834
23.275365114212036,2.119448269408998
23.306809663772583,2.129548655363628
23.336423635482788,2.1292283765199596
23.36889386177063,2.1307311967950415
23.399739742279053,2.1225430191127552
23.43067216873169,2.1339218352934535
23.461562633514404,2.132972386398024
23.492223739624023,2.125017343595656
23.52254605293274,2.1240363691582806
23.553423643112183,2.120674322118929
23.58555030822754,2.130597153760845
23.6173734664917,2.1315028688909528
23.648642778396606,2.1328614715197154
23.67951226234436,2.1347672854463755
23.709654331207275,2.1408469492648625
23.740158081054688,2.1327788792750484
23.77191710472107,2.137226718077343
23.802324295043945,2.141996094259258
23.834003925323486,2.1442578348051344
23.86469268798828,2.14490336657005
23.895509719848633,2.14067199660741
23.926482677459717,2.142737524923754
23.9571852684021,2.1497476767504264
23.98824191093445,2.13519407866233
24.019458532333374,2.1375034792959946
24.050488233566284,2.127496475129201
24.081346035003662,2.1363950659394177
24.11224341392517,2.141466346453697
24.143717527389526,2.1464205480878773
24.17363452911377,2.149033226656765
24.205089569091797,2.1516848954177674
24.235729217529297,2.142351299352384
24.26810383796692,2.151899157661585
24.298768520355225,2.1568765416048943
24.329172611236572,2.1603868697339537
24.36062502861023,2.1580663134855977
24.39113450050354,2.1397213081371196
24.4074649810791,2.1471266205330917
24.423254013061523,2.1521007547589024
24.4541277885437,2.150357782757774
24.485432863235474,2.155177463247581
24.516096830368042,2.1633019183588567
24.546799182891846,2.149695159635569
24.57793164253235,2.1575365335051857
24.60844397544861,2.1598467216994397
24.639535665512085,2.1628980867686374
24.670924425125122,2.1635088084681695
24.702221870422363,2.156751106388074
24.733013153076172,2.16321595485217
24.763868808746338,2.1607695235974758
24.79474377632141,2.166364167068727
24.825889110565186,2.1663468803850905
24.85666537284851,2.162344040551524
24.88811492919922,2.149386793061834
24.9179527759552,2.1465696097308546
24.949174880981445,2.1531442442179203
24.98022699356079,2.1563589883069643
25.01199698448181,2.1602313898148022
25.041613817214966,2.15359590222426
25.073689699172974,2.157552861538038
25.103947162628174,2.1622351777276485
25.134921312332153,2.163284910824683
25.166386604309082,2.163955722353189
25.197373867034912,2.1566950193471786
25.228315353393555,2.1657297675173015
25.26025891304016,2.168325549283273
25.29140591621399,2.1725514087418216
25.322149753570557,2.1702537984424444
25.352943658828735,2.1600374624657377
25.3845157623291,2.150734321040387
25.414803743362427,2.1595413407781043
25.445337295532227,2.168357845954384
25.47712540626526,2.1724238354709526
25.507477521896362,2.157995748286417
25.538573503494263,2.1685008359507116
25.56939673423767,2.176348798841075
25.600831031799316,2.1778610785972803
25.631763458251953,2.1765992447810505
25.662721633911133,2.183741717327955
25.693652629852295,2.1728066702324056
25.72455644607544,2.18133175438479
25.7550151348114,2.1815306004826027
25.786821365356445,2.1722029359455544
25.817922115325928,2.1796878019867543
25.84904193878174,2.164850821851284
25.87962245941162,2.1798007966965396
25.91115427017212,2.182018437274528
25.941542148590088,2.1817021765974456
25.97229242324829,2.1849097521851006
26.00426411628723,2.190302642265504
26.035313844680786,2.180563814329416
26.066771268844604,2.183706313634182
26.097137928009033,2.189954511684273
26.12813687324524,2.1940616521711642
26.159029245376587,2.1955310714875402
26.18997025489807,2.1910889873986528
26.22105312347412,2.17256858061283
26.25126814842224,2.184949769006722
26.28287625312805,2.1867990494730862
26.31296133995056,2.1911617988265295
26.344461917877197,2.200920476663455
26.37498688697815,2.187250104123401
26.40680980682373,2.193763867648035
26.437760829925537,2.199188192216224
26.468761920928955,2.205128530761046
26.499701023101807,2.2059519040241398
26.531288385391235,2.196742814839944
26.562145471572876,2.204795599385913
26.593143939971924,2.2103217424531105
26.62416911125183,2.207567022211192
26.655088901519775,2.1987643752751787
26.685948133468628,2.1951310423339003
26.716882705688477,2.200153486456955
26.74800968170166,2.208182144602436
26.778740644454956,2.2099038766061754
26.810858011245728,2.211101148850272
26.841641187667847,2.215205478955071
26.872053146362305,2.2023626931452522
26.903289556503296,2.211990272962145
26.93433690071106,2.21477796734765
26.96525239944458,2.216724297209457
26.996270418167114,2.220205729718967
27.027156352996826,2.206391337497709
27.05820918083191,2.2125895761322125
27.08891773223877,2.2074118934502702
27.119234323501587,2.2040733517906523
27.151642084121704,2.2098628742539694
27.18151831626892,2.207638887825661
27.212652683258057,2.210681150972568
27.2454891204834,2.2164861980922295
27.27549409866333,2.214407172963693
27.30579972267151,2.218334244169639
27.336771488189697,2.2212631688886404
27.368125200271606,2.2156864264426606
27.398866415023804,2.21979217293925
27.42959237098694,2.2247300354012274
27.460671424865723,2.2252374357180456
27.491665363311768,2.226280505557364
27.52303433418274,2.2051992083998138
27.55366063117981,2.2129376190956473
27.58511996269226,2.2201324762107246
27.600639820098877,2.2233674452301737
27.678656339645386,2.2214806276142323
27.708726406097412,2.2249249253462935
27.740363597869873,2.2287974292289627
27.771352529525757,2.235770238799165
27.802131175994873,2.234402116694162
27.833370447158813,2.2392299102899185
27.864231824874878,2.2321479075726542
27.895053148269653,2.236022619699638
27.92636752128601,2.228579280914096
27.957071542739868,2.230286936814319
27.987891912460327,2.2329217703805044
28.018378734588623,2.228062204820279
28.04993772506714,2.2314359134391255
28.08119487762451,2.2366232382584728
28.112725734710693,2.23801015263035
28.14275622367859,2.239881670697001
28.173773765563965,2.240752261983313
28.205239057540894,2.2319128627644655
28.23623251914978,2.2419169615628687
28.267212629318237,2.243020510091391
28.298253297805786,2.244367053918169
28.328895568847656,2.248908164863197
28.35965609550476,2.238995201655393
28.390419960021973,2.2451562792129125
28.42216968536377,2.2311919796336905
28.45327091217041,2.2368736946723913
28.484731435775757,2.2366653680153057
28.515382528305054,2.2398570840554335
28.546491861343384,2.241132305854887
28.577864408493042,2.2476339109112455
28.60788869857788,2.2492358202625162
28.639262199401855,2.2450382447191637
28.67022395133972,2.253145173737449
28.700548887252808,2.2445653351470747
28.7322416305542,2.2541069866028653
28.763269424438477,2.2516852618703287
28.79429602622986,2.2570538291742928
28.825082778930664,2.2619933415601494
28.85594391822815,2.2465940770015895
28.886353492736816,2.2523831505080025
28.917502880096436,2.2445758659465596
28.949941635131836,2.2518386769247143
28.980087518692017,2.25264002114504
29.01120948791504,2.2567606567013856
29.041746854782104,2.2520819816483586
29.072720289230347,2.2533835222323706
29.103715419769287,2.254744144310907
29.134536743164062,2.255871494798546
29.167452335357666,2.2565697448836635
29.197993516921997,2.253312781634972
29.228864431381226,2.258952156928702
29.259769678115845,2.2617513825549413
29.29005479812622,2.2610909852494463
29.321898698806763,2.260529032375249
29.352372646331787,2.262629658742522
29.38399338722229,2.2429490130202887
29.414251565933228,2.2514497448198143
29.44583749771118,2.2540589845518046
29.477060794830322,2.2562062522767805
29.507222652435303,2.2567778393168645
29.538708448410034,2.249391311692439
29.569687843322754,2.25628664375148
29.600757837295532,2.258671320880624
29.631584644317627,2.26310695312192
29.662545919418335,2.235686208657018
29.69347333908081,2.2545683871565223
29.724459409713745,2.263710450696
29.75549626350403,2.266518255410342
29.785157442092896,2.266542110314677
29.816969871520996,2.270852431357019
29.84743618965149,2.265062228855073
29.879395484924316,2.2684234500828704
29.90929913520813,2.261608479160179
29.940754890441895,2.2620797283982905
29.97169256210327,2.263023651796688
29.9878351688385,2.267870462375048
30.034940481185913,2.265076313476506
30.06608772277832,2.2720679160656383
30.096840143203735,2.2771886188463633
30.127569675445557,2.27637411446489
30.158466339111328,2.278527664741751
30.1891131401062,2.272696078394239
30.220629930496216,2.274377005000338
30.25166893005371,2.280540417191482
30.28170895576477,2.279111661677261
30.313853979110718,2.2760569517030236
30.34459686279297,2.261223464229037
30.375281810760498,2.2732194944887443
30.406153440475464,2.2748405625522654
30.437480926513672,2.280828323336052
30.468136310577393,2.277710889459969
30.4990713596344,2.284234108456192
30.530009984970093,2.278582293876806
30.56099843978882,2.2806210525688617
30.592013835906982,2.285866502095193
30.622833728790283,2.2870889563078394
30.653926610946655,2.2905108053249665
30.686652421951294,2.278358720022961
30.717034816741943,2.28799369418745
30.74770736694336,2.289594122681123
30.779492616653442,2.292528987545296
30.809651374816895,2.2932273687908507
30.840627670288086,2.2751512424874405
30.871620655059814,2.2794220958803315
30.902705907821655,2.286313635804403
30.934107065200806,2.2897946098027835
30.964827060699463,2.292604125697037
30.995651721954346,2.300833749236719
31.026503086090088,2.288063402814356
31.057868003845215,2.2949644951508708
31.088651657104492,2.3003216938276076
31.119428396224976,2.303695205144048
31.150425910949707,2.307899427680436
31.181562423706055,2.299259131321977
31.212689876556396,2.302549762985846
31.243226528167725,2.305360794514562
31.274152755737305,2.292754499540254
31.30509853363037,2.2878306549207323
31.336040258407593,2.2879528644258014
31.367345094680786,2.2863606226548283
31.397924184799194,2.285298007200364
31.428945302963257,2.2839934346579023
31.45992136001587,2.2814478132382527
31.475808143615723,2.276646943244053
31.522835969924927,2.279810013983537
31.55393934249878,2.272173354681537
31.585286855697632,2.2688768467807026
31.61560559272766,2.269014319076251
31.64674711227417,2.2645341584153273
31.67763328552246,2.2645195868265593
31.708556175231934,2.2630505294039804
31.73959183692932,2.261107412557837
31.77056908607483,2.2596662395198974
31.801478624343872,2.2561300129462336
31.83246374130249,2.258804409358194
31.863657474517822,2.2551560888366486
31.894808053970337,2.254091870056947
31.925374507904053,2.252911589489086
31.956317901611328,2.2485403931383083
31.987123727798462,2.2496230858207205
32.01852512359619,2.2483428427877223
32.04950761795044,2.2453619669106315
32.081427335739136,2.241506759067413
32.111557722091675,2.243701291618645
32.142024517059326,2.2412714189772607
32.173012495040894,2.2409577466536326
32.20494222640991,2.2377061631410413
32.23593473434448,2.236592310190188
32.267897844314575,2.2347134178700236
32.298309087753296,2.232719229839879
32.32898831367493,2.2374342727806122
32.359779357910156,2.2349512918470174
32.3905611038208,2.235615858607536
32.42168211936951,2.230486629184324
32.452598571777344,2.2297905647214344
32.483869791030884,2.2311731840528144
32.51496195793152,2.230034080462861
32.54548907279968,2.2293111128694547
32.57653594017029,2.2354586336642397
32.60802865028381,2.2465733738417715
32.638911724090576,2.236287318660596
32.669684410095215,2.2363117413478872
32.70075821876526,2.2328971455190305
32.73140263557434,2.2539876879018337
32.762325286865234,2.248738422190881
32.79325842857361,2.228060476343236
32.82440209388733,2.2233506121901003
32.85513091087341,2.223623639321516
32.88668704032898,2.2173030755597605
32.91639757156372,2.2120500102954086
32.94768285751343,2.2050503308472034
32.98068904876709,2.211854401507117
33.00997614860535,2.199172256351813
33.04203391075134,2.2030697225602416
33.0729775428772,2.2021916952458134
33.10460138320923,2.2132079544816112
33.13514471054077,2.214873521977145
33.166094064712524,2.2233678430011423
33.19732856750488,2.197740015649213
33.228009939193726,2.1978221191690657
33.258873462677,2.191660494081687
33.289369106292725,2.186100019005035
33.320688009262085,2.1865529305498494
33.35101509094238,2.1653495457821883
33.3829460144043,2.1786810658288043
33.41408181190491,2.1705325232624952
33.444963455200195,2.169590032244417
33.47502851486206,2.167062214792088
33.50658202171326,2.1715252952848267
33.537978172302246,2.1753545621323966
33.5689742565155,2.170968242700317
33.59961223602295,2.1643965687467324
33.63072490692139,2.1570442087273767
33.66118931770325,2.1556357058671116
33.6914587020874,2.1571375597106153
33.72309064865112,2.1522566081922863
33.75347137451172,2.1379433765711195
33.78570508956909,2.138540468400742
33.817580223083496,2.134424716544989
33.848082065582275,2.1216082172142285
33.8792507648468,2.1421835177162976
33.91007971763611,2.12296407641377
33.94107413291931,2.1214853465134316
33.97207474708557,2.136691366597335
34.00315022468567,2.118752539560323
34.03403997421265,2.1397102292589545
34.06506299972534,2.1149684699407856
34.095943450927734,2.11720611304375
34.12701392173767,2.110256695263171
34.157973289489746,2.102363853059597
34.18865513801575,2.1125592178082564
34.220295429229736,2.0930114782821927
34.251911878585815,2.096313850488816
34.281824350357056,2.089859598350344
34.312758445739746,2.0835451831488276
34.34429955482483,2.0860085032164455
34.37444996833801,2.0986911894355726
34.40546631813049,2.088302308540474
34.4367311000824,2.0810053861060798
34.467573165893555,2.070638267991818
34.49837636947632,2.067539944049925
34.52938628196716,2.066437702454725
34.56038546562195,2.06371224318248
34.59163999557495,2.0589472258045327
34.62232446670532,2.056275086133979
34.65266299247742,2.0497138646189517
34.669196128845215,2.064148414380008
34.716363191604614,2.0449146641743674
34.7470908164978,2.059959250312622
34.77739429473877,2.0504577077545125
34.80907416343689,2.0432037431180534
34.84078097343445,2.0404703388247762
34.87167429924011,2.043694896864519
34.90261673927307,2.035766932436594
34.93355417251587,2.027152475554146
34.96407699584961,2.026023020687183
34.995145082473755,2.0240327935211186
35.02594566345215,2.0460507845395672
35.057377338409424,2.02760871333509
35.088706731796265,2.0115735657623146
35.1192581653595,2.010277158554631
35.1509747505188,2.022182012819477
35.18131446838379,2.020889249457963
35.21236538887024,2.029638894487152
35.243342876434326,2.0138148931154154
35.27416706085205,2.0069303651136083
35.30521583557129,2.0063512990558476
35.335660457611084,2.000794608376217
35.36662483215332,2.016822877232719
35.39759612083435,1.9922149916129341
35.42854619026184,1.9899423352844952
35.45928072929382,1.9872290135194155
35.4903028011322,1.9981106449592598
35.521090507507324,1.9930251680756303
35.55195617675781,1.9991953914299927
35.584500551223755,1.9841482824237124
35.615297079086304,1.978057277978363
35.64622974395752,1.9780466189926105
35.677326917648315,1.97300778823242
35.70934343338013,1.9724438373551034
35.739683389663696,1.968003434849723
35.77058982849121,1.9603010293921053
35.80157685279846,1.9595885964087922
35.83265995979309,1.9580754957798352
35.863065004348755,1.9650970789689564
35.89479446411133,1.9663942581167049
35.924591064453125,1.9538321596991701
35.95624613761902,1.946335624442068
35.98698568344116,1.9434818638010185
36.0189905166626,1.957742209113955
36.049113273620605,1.9393123803113845
36.08033871650696,1.938654541910835
36.111117362976074,1.9279037435546322
36.14175367355347,1.9252303535307596
36.17270803451538,1.9230158289403254
36.20371413230896,1.9411738634096465
36.234602212905884,1.9380150817857447
36.26493692398071,1.9284416925251036
36.29657602310181,1.926032910126008
36.32730960845947,1.917986124759577
36.34401535987854,1.9216432846949507
36.35967302322388,1.9207388182566807
36.390944480895996,1.9148887641543626
36.4211163520813,1.9103158997055916
36.45262932777405,1.905678227726812
36.48324537277222,1.899682571641453
36.51435470581055,1.9077285387546212
36.54575991630554,1.8931194137448386
36.57650709152222,1.8973821528411794
36.60724592208862,1.9037683832879628
36.63824534416199,1.900913912262497
36.66912865638733,1.893121822312766
36.7005569934845,1.8927307905756214
36.731600284576416,1.8891696344730617
36.76250100135803,1.8841966389131324
36.793400049209595,1.879437021096204
36.82426142692566,1.87623308740838
36.85497522354126,1.8863654517423165
36.886518239974976,1.869053350516722
36.9188871383667,1.8622644041606886
36.94786977767944,1.861194525268356
36.9791624546051,1.855545669694208
37.010942220687866,1.8528541271883963
37.04070544242859,1.8761391872824287
37.07173299789429,1.8640411625595519
37.10270357131958,1.8596811463556553
37.1336715221405,1.8510350504503523
37.164679288864136,1.843402501849369
37.19656682014465,1.8508333008819364
37.22766733169556,1.8447434550270154
37.25856637954712,1.8427178105485231
37.289567947387695,1.8326231362856265
37.3204185962677,1.8281428217253293
37.351667642593384,1.8352142907056357
37.38233542442322,1.8438535876317201
37.41378307342529,1.8374224484935346
37.444926738739014,1.831627952898973
37.47542881965637,1.8253552145681902
37.50699424743652,1.8384765476223404
37.537643909454346,1.8218823819986543
37.568620920181274,1.81855098375432
37.59965443611145,1.8128889923077105
37.63005232810974,1.8101594452715126
37.66111660003662,1.8300530938029764
37.6920382976532,1.8043084213133442
37.72248125076294,1.8052511596937304
37.753063678741455,1.7974779661856126
37.785539627075195,1.7991821180775682
37.81701683998108,1.8086780120881039
37.84685969352722,1.798692689449605
37.878127336502075,1.811682711750567
37.90906882286072,1.80062140601961
37.94011425971985,1.7986971015736224
37.970704793930054,1.805173531193733
38.00166940689087,1.7878680025909273
38.01784348487854,1.7872952889249885
38.064613580703735,1.7797398091132368
38.09553790092468,1.7731913688222933
38.126410484313965,1.7690211465770036
38.15748620033264,1.7793085831787394
38.188358306884766,1.7661725348419979
38.21924138069153,1.7570838637412904
38.24899172782898,1.7524944947683427
38.28001642227173,1.75021558574259
38.311274766922,1.775406273734864
38.34365129470825,1.7602757387462031
38.374146938323975,1.7563290365484572
38.40519142150879,1.7484208848545035
38.436166286468506,1.745235297724427
38.467140674591064,1.7389278583685892
38.49811387062073,1.7464098283768337
38.529011964797974,1.742446704072989
38.5600848197937,1.7331739055146616
38.590983629226685,1.7313285294650502
38.621885538101196,1.727611003882187
38.652915239334106,1.7284087169944289
38.68412780761719,1.7230141249371234
38.71482229232788,1.7186533297672697
38.74579691886902,1.733801608959431
38.776734352111816,1.7241000442027705
38.80872702598572,1.735127020364708
38.840190172195435,1.7249414685426676
38.87068152427673,1.7161779156020884
38.90162634849548,1.710710795568271
38.93258547782898,1.7058546808325508
38.963627338409424,1.7033041842403114
38.994757652282715,1.706674516554271
39.02499294281006,1.6989926311117425
39.056374311447144,1.6920543577774132
39.08746147155762,1.692793044526169
39.11871600151062,1.687570972003448
39.14983081817627,1.690132619727686
39.1805260181427,1.6917318195240372
39.211716175079346,1.6958712343102127
39.242294788360596,1.690324833152679
39.273589849472046,1.6804579537933777
39.304218769073486,1.69329266880034
39.33510661125183,1.6829044766843055
39.366129636764526,1.676367074456032
39.39706063270569,1.6699982981785515
39.42812156677246,1.665819205842131
39.45898795127869,1.6667066060712477
39.4898943901062,1.6694497619127586
39.520747423172,1.6629162046543946
39.552579402923584,1.670969868874468
39.58384299278259,1.6639661569805788
39.6146924495697,1.6687881384050705
39.645761013031006,1.6596928659263088
39.67683815956116,1.6568886324231202
39.707807779312134,1.6522040834431901
39.73873782157898,1.6515757434751646
39.77012515068054,1.655572519695508
39.800793409347534,1.6459782212595029
39.831597328186035,1.644039868443615
39.86257243156433,1.640355018412089
39.893484115600586,1.6357912828874723
39.92448377609253,1.6439617141673444
39.95527148246765,1.6338808673062553
39.98696041107178,1.6317463406982338
40.0180938243866,1.6282735235851977
40.04912805557251,1.6383200742737127
40.07960891723633,1.6487679928943566
40.11022686958313,1.643788029192236
40.141148805618286,1.6314463676231001
40.172375202178955,1.6242708996941932
40.20367741584778,1.6250721553288165
40.23455476760864,1.631633024087056
40.26558232307434,1.621200854806791
40.29646825790405,1.6198481746531759
40.32743573188782,1.613910365603348
40.35835933685303,1.608559271953718
40.374372482299805,1.6211716784018457
40.42088270187378,1.6085224865954608
40.45194411277771,1.6177975235088444
40.48342561721802,1.6077823974322578
40.514238595962524,1.6054400182576885
40.545079946517944,1.6149194503056108
40.57566595077515,1.5983414688575828
40.607019901275635,1.5929150846514166
40.63809132575989,1.5920392005609358
40.668647050857544,1.5908065861026268
40.699660539627075,1.6021304102456058
40.73060655593872,1.5867084777548726
40.76146626472473,1.5829254110869146
40.792519092559814,1.5804429079060969
40.82338786125183,1.576156027550456
40.854527711868286,1.5935265011245952
40.8851523399353,1.5903813104455582
40.916226625442505,1.5843102087731638
40.947213649749756,1.5804987090605502
40.978068351745605,1.5703371783151656
41.009034395217896,1.5691212580135847
41.041051149368286,1.5748796927334234
41.07120633125305,1.5691763832121604
41.086864709854126,1.5623501645393894
41.10304284095764,1.560501297771532
41.13410472869873,1.559926764652457
41.16491746902466,1.556161865608135
41.1958794593811,1.5557924652207338
41.227057695388794,1.5559077689063425
41.25784707069397,1.5486577729722224
41.28829336166382,1.5459660337786387
41.31937289237976,1.5472671994404603
41.35086011886597,1.5660768019149964
41.381415605545044,1.5547860684665566
41.412867069244385,1.5524300276270069
41.44402313232422,1.5422593967420155
41.47474431991577,1.5403444090803133
41.506134033203125,1.5388012648647789
41.53703570365906,1.5427106247483953
41.56757402420044,1.5332082598831145
41.598474740982056,1.524626280183327
41.629459619522095,1.5249278198291945
41.66039681434631,1.5210048771756657
41.691519260406494,1.5260433468190335
41.722412109375,1.526172081554241
41.75372505187988,1.5278877393078232
41.78422284126282,1.5261571468940172
41.81512188911438,1.5138294930669531
41.846564054489136,1.52148188968537
41.87751507759094,1.5177097021088106
41.90906119346619,1.5101966680987056
41.94067049026489,1.5071869295962175
41.97148084640503,1.5013839361312624
42.00258946418762,1.5196296047371702
42.03348708152771,1.5002189867320899
42.06451487541199,1.4983386150195743
42.09564542770386,1.4936053888255065
42.12549829483032,1.4921925418484145
42.156774282455444,1.5029469304033252
42.188246726989746,1.4991943644339658
42.218992948532104,1.5014212093084642
42.25003361701965,1.4956027570021901
42.28092002868652,1.4972891856791564
42.3123722076416,1.4995009868202933
42.34276080131531,1.497357979412542
42.373592376708984,1.4838365717232314
42.40321588516235,1.4825252039246555
42.434165716171265,1.4783955727384628
42.46511650085449,1.4730735774080457
42.496373891830444,1.48706052974546
42.52823257446289,1.4755645560114627
42.55932950973511,1.4695348591827675
42.590245962142944,1.4695385371343108
42.62148714065552,1.4767599792387023
42.65217709541321,1.4821573150932499
42.66823196411133,1.4770311778543115
42.71581244468689,1.4690685637711314
42.7461724281311,1.4626579502757318
42.777090072631836,1.471616816369774
42.80807113647461,1.4616843738948393
42.8389630317688,1.4540132001405608
42.87083339691162,1.448958607526895
42.900879859924316,1.4468634720923255
42.93190288543701,1.439491798304386
42.9627366065979,1.449753711514913
42.99317646026611,1.4477291364453335
43.024526834487915,1.4488176589798747
43.05610704421997,1.4417384198535226
43.08725023269653,1.4344843657816466
43.11834979057312,1.4431241701117279
43.149088859558105,1.4345901742455625
43.180169105529785,1.4351111141337856
43.2105872631073,1.430411388613679
43.24152445793152,1.4183992569957262
43.27267503738403,1.4346168387565503
43.30396032333374,1.4179015329714741
43.334437131881714,1.418733923129725
43.365341901779175,1.4125205216527452
43.39631795883179,1.4152363026681898
43.413095474243164,1.4239174629414864
43.459277391433716,1.4272242857867385
43.490548610687256,1.4170608923342483
43.521127700805664,1.408977407259691
43.55182957649231,1.407781539907758
43.58309721946716,1.4141187538889854
43.614455461502075,1.40747683809208
43.645792961120605,1.4009608590351328
43.67655944824219,1.3980822609555503
43.70707893371582,1.3942047126936314
43.738487005233765,1.3871867843197558
43.76938486099243,1.3976310517381438
43.799925088882446,1.387505953755285
43.830848693847656,1.3970664775612898
43.86211657524109,1.3934044250795976
43.892361879348755,1.3865789010857419
43.923638105392456,1.3935058898573656
43.954553842544556,1.381979925682169
43.98612928390503,1.3765405753218887
44.016743898391724,1.3707933429212775
44.04763841629028,1.369008684143757
44.07859182357788,1.3723323790160211
44.10949730873108,1.3653088563862334
44.14052391052246,1.3625047280832592
44.17198085784912,1.359811185960079
44.20240521430969,1.3575295179127667
44.23368573188782,1.3539506671644828
44.26445746421814,1.3732256666983356
44.281033992767334,1.363032322385541
44.29795217514038,1.3631367444631193
44.327414989471436,1.359872898660286
44.35824179649353,1.3535071437644692
44.389620780944824,1.356309224959022
44.420594692230225,1.3493077295946339
44.451690435409546,1.3530659876803626
44.48263072967529,1.346917569445943
44.51319074630737,1.3428302339552607
44.544609785079956,1.3432429886121888
44.57507920265198,1.3337558473339133
44.60603857040405,1.3410347800124833
44.63693165779114,1.3312465533034388
44.667970180511475,1.3286037969926092
44.699795722961426,1.3302143558472004
44.730305194854736,1.3415176484172386
44.76055645942688,1.337026833080077
44.79205632209778,1.340187961987428
44.82349920272827,1.3245171686554587
44.85345530509949,1.3278792885340007
44.88586616516113,1.318087486120832
44.915703773498535,1.3108614889232482
44.94660043716431,1.3289414668495974
44.97756505012512,1.3095707096928468
45.00866675376892,1.3012843651508914
45.03960871696472,1.3011640948113812
45.07108020782471,1.2979503831783366
45.10150146484375,1.2959745384693884
45.13250160217285,1.308283233870778
45.16443681716919,1.3051635654494256
45.19537663459778,1.2968190003153188
45.22651410102844,1.287670366810106
45.25732088088989,1.3008851420687604
45.288350343704224,1.2851000143164764
45.3193781375885,1.2786750159185762
45.35069274902344,1.2723641573266733
45.381298780441284,1.269572608845564
45.41293215751648,1.2852374660682988
45.4436776638031,1.266473742980573
45.47409272193909,1.2655863029569914
45.5046181678772,1.2603797182929397
45.53593301773071,1.2708529893753275
45.56696033477783,1.2716302403638278
45.59796953201294,1.2716261476200315
45.62915921211243,1.2601538431688202
45.6601128578186,1.2530172408935498
45.690845012664795,1.2559921345867118
45.72157907485962,1.2566885441169608
45.75277042388916,1.2525308949761431
45.78461170196533,1.2394827669895816
45.81536936759949,1.240743709961205
45.84659552574158,1.237106410877455
45.8767032623291,1.233927611572374
45.90795063972473,1.241247941523356
45.93914842605591,1.230949848786625
45.97106456756592,1.2427042564683717
46.00205874443054,1.238153009414749
46.033053398132324,1.2314528687828943
46.06346249580383,1.2423321297553787
46.09447503089905,1.229416137592178
46.12525415420532,1.2201112963372658
46.156755208969116,1.2151295360941423
46.1875262260437,1.2141035472616666
46.21895885467529,1.2223018536313581
46.24974608421326,1.207384784342163
46.28069710731506,1.203880505130222
46.311644077301025,1.1963529790162015
46.342154026031494,1.1969425868463042
46.373064279556274,1.2014407383501182
46.40403604507446,1.1980722836647713
46.43506646156311,1.2082368400305312
46.4660439491272,1.2054669230424224
46.49693846702576,1.2000630475558414
46.52825975418091,1.1991197238465527
46.55851936340332,1.2016337019187178
46.589799642562866,1.1908838084787128
46.620598554611206,1.1847488303703082
46.6518816947937,1.1839237611098048
46.682806730270386,1.1946213584777166
46.71373748779297,1.1884937035645804
46.745136976242065,1.1795726396155217
46.775702476501465,1.1775677956620478
46.807114124298096,1.1765962460034125
46.82240962982178,1.171879635005609
46.86959671974182,1.1975698266808514
46.90050172805786,1.1853445059102208
46.93146753311157,1.1803123859790985
46.962504148483276,1.1761208084694712
46.9935884475708,1.172655647063684
47.02485370635986,1.1827960035900043
47.055428981781006,1.1707237244132098
47.086774826049805,1.1662690953022317
47.117852449417114,1.174441460766074
47.14862823486328,1.1615196019637917
47.17976379394531,1.1504753160530916
47.210100412368774,1.1652813206525294
47.2411162853241,1.1661179659956917
47.271477699279785,1.1597946940348693
47.30310869216919,1.1591909731717216
47.334059715270996,1.1500763586337504
47.36502814292908,1.1587741115242658
47.39602088928223,1.1434968518125461
47.42663550376892,1.1417447604610296
47.45811462402344,1.1364071803870885
47.48843169212341,1.128563940151827
47.51985144615173,1.1347000866383476
47.551275968551636,1.1321839237510603
47.58218765258789,1.1261940263263734
47.61372518539429,1.1256916067695188
47.644999742507935,1.1342230577502368
47.67565155029297,1.1342572304227605
47.70659685134888,1.131351074936076
47.738128900527954,1.1198931536388923
47.769081115722656,1.1185129006530725
47.80010652542114,1.116934450292225
47.83096957206726,1.125468532283707
47.861958026885986,1.1121762161364763
47.89270758628845,1.1052464423418342
47.92272996902466,1.1012909265462691
47.95341205596924,1.0994251450800665
47.986011266708374,1.0974212871850588
48.016393423080444,1.1089496493044513
48.047390937805176,1.1050963800279054
48.0784227848053,1.1068770421197294
48.10909056663513,1.1046695319675384
48.14004611968994,1.108430611937217
48.171066761016846,1.1041587428418507
48.20203113555908,1.0896274007541926
48.23289966583252,1.0861087357487398
48.2642982006073,1.0862088362853255
48.29435348510742,1.0755326861429726
48.325190782547,1.0975959502523307
48.356905460357666,1.0774822623768212
48.387895584106445,1.0698302231145504
48.418861389160156,1.0674840708420157
48.450305223464966,1.0625774382503987
48.465837240219116,1.091763303878759
48.51367235183716,1.0790697259914808
48.54432392120361,1.0724953459876387
48.57468104362488,1.0677355156131016
48.60567569732666,1.056605862739409
48.63662767410278,1.06467515923919
48.667651414871216,1.060582123758642
48.6986517906189,1.0500639161234604
48.72869944572449,1.046539431653227
48.75983262062073,1.0442259252495256
48.79147958755493,1.0586033760663314
48.82232618331909,1.0434722187086238
48.85328722000122,1.039035859652757
48.88450789451599,1.0370451037601274
48.91530179977417,1.0452059764999213
48.94634485244751,1.0611217118677565
48.97731637954712,1.0444908032292521
49.00823354721069,1.0369856779955395
49.039154052734375,1.0309683760055566
49.07061409950256,1.0321550462320592
49.101553440093994,1.0369474436498518
49.132221937179565,1.0302129706353236
49.16273474693298,1.017961318373748
49.19357085227966,1.0160668915664273
49.224961280822754,1.0171829176670328
49.256542921066284,1.0180765619768102
49.28774428367615,1.0148510089401703
49.31888699531555,1.004339165687967
49.350120544433594,1.0117152354492793
49.38102602958679,1.0226281283950307
49.41317701339722,1.0113035273691444
49.44279170036316,1.019954336012875
49.47369408607483,1.00420334801146
49.50472116470337,0.9999963247624154
49.53561615943909,0.9994618186788652
49.5665442943573,0.988298219659747
49.597355127334595,0.9952196567253153
49.62848877906799,0.9836244267486718
49.659037351608276,0.975015270023332
49.69034028053284,0.970748249536882
49.72135543823242,0.9678075311556816
49.752429723739624,0.9771039467400358
49.78329062461853,0.9679194801429558
49.81434202194214,0.9615730296102759
49.84519672393799,0.9766780743929916
49.876227378845215,0.9657465004320855
49.90724277496338,0.9828880566196667
49.93811392784119,0.9553021969353196
49.96909952163696,0.9512347408896297
50.00020146369934,0.947020833891714
50.015952587127686,0.9415684994407935
50.06260323524475,0.9311755551328942
50.09390616416931,0.9452879032944976
50.12465167045593,0.9333975845838033
50.15624475479126,0.9264164323465928
50.18750214576721,0.9257375952079294
50.218061447143555,0.9265722421931585
50.24860978126526,0.9485733380996266
50.28054475784302,0.9373231700672994
50.311553955078125,0.928981492337722
50.341625690460205,0.9197189934978935
50.37261652946472,0.9176213370651585
50.403550148010254,0.904388432195359
50.434650182724,0.9186335585841695
50.46543765068054,0.904601545520036
50.496413707733154,0.8980740836258897
50.526851415634155,0.8954464567812767
50.55886769294739,0.8909758775450003
50.58935260772705,0.9007159072999881
50.620360136032104,0.8886513392926999
50.651328802108765,0.8995650415063077
50.682597637176514,0.9016681609233694
50.713358879089355,0.8920816461749446
50.74461007118225,0.8988593848483684
50.77510118484497,0.8810412225309243
50.80617618560791,0.8734792237752885
50.82205843925476,0.8718104232811359
50.83796787261963,0.871192124883143
50.869024991989136,0.8647428981629497
50.90002179145813,0.868682144606155
50.930370807647705,0.8568872308338257
50.96143460273743,0.8508681242201511
50.99279546737671,0.8504429994387213
51.023886919021606,0.8646994158563314
51.05458068847656,0.8680589612032795
51.085776567459106,0.8581662764393392
51.11749482154846,0.8402008849465169
51.147737979888916,0.8426911874626644
51.17862582206726,0.8360927893152751
51.20958614349365,0.8445413221200935
51.24055457115173,0.8280003833366387
51.2715003490448,0.8247497877045583
51.30241417884827,0.8166513192011569
51.33309078216553,0.8161466383442493
51.3642303943634,0.8385476493596663
51.39510202407837,0.8350910945127563
51.42597436904907,0.816960035982665
51.4568772315979,0.8148046927162567
51.48897194862366,0.8066111063795907
51.519262075424194,0.8192115001584407
51.53524351119995,0.8017617674714579
51.58219814300537,0.7917102355331278
51.613285779953,0.7856030589005684
51.64434456825256,0.786225034949739
51.675036668777466,0.8001271327240542
51.70592284202576,0.7856492200223038
51.73636221885681,0.7884707075140436
51.76822471618652,0.787624495059011
51.798598527908325,0.781110303029757
51.82993221282959,0.7917323810449629
51.86092209815979,0.7725855962525792
51.89186334609985,0.7605734338773416
51.922534227371216,0.7591855180336262
51.953779458999634,0.75127717208076
51.984851121902466,0.767262876407878
52.015761613845825,0.7427502401271094
52.04664063453674,0.7303107676656306
52.07760310173035,0.7400174322990708
52.108564138412476,0.744103383351931
52.13998246192932,0.7446186957414036
52.17102527618408,0.7321523315974116
52.2020628452301,0.7186537944260578
52.233121156692505,0.7125748420041648
52.26405143737793,0.7038483429857995
52.29485559463501,0.7159167323130105
52.325860261917114,0.6942615494832096
52.35789084434509,0.6875639316640356
52.38861274719238,0.6859834342547155
52.419431924819946,0.7141660578294279
52.450573444366455,0.6906734231520973
52.4821937084198,0.680688439788914
52.51293182373047,0.6669954520668403
52.54353332519531,0.6655744131350176
52.574501037597656,0.6736145016049904
52.605491161346436,0.6578171506189041
52.636436462402344,0.6468140876656845
52.66697573661804,0.6422575001615821
52.69754195213318,0.6410966989539111
52.72871446609497,0.668030089549609
52.76037526130676,0.6523090323698204
52.791462421417236,0.6350833287013553
52.82178235054016,0.6328641713432877
52.85273838043213,0.627228446641987
52.883960485458374,0.639648654429151
52.91477012634277,0.6207975128090074
52.94566464424133,0.6063625968802303
52.976595878601074,0.6020671741447852
53.00763416290283,0.5952816243122707
53.038429260253906,0.6162596285581123
53.07034659385681,0.5993485908183409
53.10068321228027,0.607663392942869
53.13199019432068,0.5914212584382119
53.16304278373718,0.5863054171686974
53.19388937950134,0.5781573342234264
53.22390913963318,0.58861920133465
53.25585746765137,0.5608745885513705
53.28787875175476,0.5557461232503569
53.318739891052246,0.5516283676477738
53.34987497329712,0.5582287253768367
53.380767583847046,0.5427383283656436
53.41166949272156,0.5343289632409867
53.44252300262451,0.5266314521924725
53.47353959083557,0.5548604604225847
53.50440311431885,0.5313119009000602
53.535088539123535,0.5490472832236022
53.56658124923706,0.5302689890214842
53.597397804260254,0.5127056761890738
53.62845754623413,0.5118475606764797
53.65884709358215,0.5247879464596945
53.690311431884766,0.508171278526267
53.72091817855835,0.49036186041729346
53.75185942649841,0.48773507114580494
53.78274083137512,0.4885612367582234
53.81371879577637,0.520549516364103
53.84492087364197,0.5016309950989413
53.87577152252197,0.48445663152666174
53.90652871131897,0.4795364948190168
53.93726086616516,0.47802162861074327
53.96941685676575,0.4958166765955387
54.00004291534424,0.46379911312483346
54.030893325805664,0.4542320252890879
54.06216907501221,0.4546673594249056
54.09299683570862,0.45212566496622597
54.12458109855652,0.48250376135233103
54.15529155731201,0.4675651251666574
54.18759512901306,0.44861776091618255
54.21785640716553,0.445270804500726
54.24817943572998,0.43878061861229123
54.279460430145264,0.4304271533556581
54.310043811798096,0.4404017695786376
54.34105920791626,0.4143825141344576
54.37195587158203,0.4133171596974594
54.40307068824768,0.41463846988789926
54.433939933776855,0.412179787880939
54.46479940414429,0.4371035341344781
54.496076583862305,0.4060275749338707
54.52665948867798,0.3969471978976047
54.557719707489014,0.3899384972036586
54.588521003723145,0.4061216665014524
54.619728088378906,0.3845935334445213
54.652525901794434,0.3682923828375551
54.68161463737488,0.36299184497186
54.713395833969116,0.35778268689301934
54.728676557540894,0.3749147069536155
54.77551007270813,0.37517642165689136
54.80635118484497,0.3622891658670201
54.8374445438385,0.3545760925528826
54.86852717399597,0.3432977001080492
54.899630308151245,0.3594103363777776
54.93026876449585,0.3375311835521669
54.96126914024353,0.32474522384281845
54.99231195449829,0.32562186908009855
55.02329158782959,0.3120258128845744
55.05426335334778,0.3256485792615302
55.08522057533264,0.30538890907840127
55.116198778152466,0.3017885633828694
55.14708614349365,0.3256025492990908
55.1779682636261,0.3077315671331692
55.209046840667725,0.3238088882538443
55.239994049072266,0.30005496696138706
55.27091836929321,0.28918306172062835
55.3019335269928,0.2843621181262545
55.33300733566284,0.2770930727558456
55.36375141143799,0.2905938508496758
55.39456796646118,0.26243210634389075
55.42544174194336,0.2541298017934179
55.45677638053894,0.25085104641564476
55.48781490325928,0.2650101805435409
55.51915431022644,0.290515048795339
55.55010104179382,0.25770759031762897
55.58107876777649,0.24879226592433928
55.6129207611084,0.24013722996297104
55.644230365753174,0.23839184539445463
55.67452049255371,0.24840406887679248
55.705501317977905,0.226992204935104
55.73646259307861,0.2098519356854674
55.767494916915894,0.20790204514041577
55.79802656173706,0.200640736786817
55.82963037490845,0.19563332024051758
55.86004638671875,0.23353330772693745
55.89133977890015,0.19713873011474042
55.92268204689026,0.19694443401690118
55.953837871551514,0.19345579828034368
55.98417258262634,0.17860223645687603
56.015047550201416,0.1882349169848357
56.046096324920654,0.16470985615537123
56.07701325416565,0.1572655719311937
56.10793137550354,0.15521451711992876
56.13844561576843,0.1537906652544144
56.169535875320435,0.1795378549594996
56.20017743110657,0.16241569981403864
56.23161554336548,0.1495778848334772
56.26242470741272,0.14921115984847128
56.29343938827515,0.12956637096896695
56.32481908798218,0.15485139214326443
56.356186628341675,0.12459428027445146
56.37135577201843,0.1183845857549738
56.41938877105713,0.11253013909303974
56.45002245903015,0.10840457420621963
56.481138467788696,0.1263348256598015
56.512160539627075,0.0963987779591945
56.542259216308594,0.09079729623051672
56.57342004776001,0.1080923090994595
56.60457515716553,0.11225792117126784
56.635568380355835,0.11221775925209296
56.666038274765015,0.09795823603302276
56.6977641582489,0.0858392418436274
56.72746515274048,0.07958347299867188
56.7589066028595,0.07026409889274939
56.78964829444885,0.07999670849382848
56.82078266143799,0.06317607754607422
56.85276126861572,0.050815601765498555
56.883331537246704,0.05114682238339815
56.91431021690369,0.04297043469681713
56.94523549079895,0.0631355034857321
56.976670026779175,0.03382316503899185
57.007060050964355,0.05657061397345242
57.0372633934021,0.04266615324348107
57.068910360336304,0.0377313782774756
57.09996724128723,0.035426570402742705
57.130202770233154,0.029751239799415526
57.161630392074585,0.016138978717662577
57.19240117073059,0.004890272233053182
57.22384238243103,0.0022800246998815293
57.254812717437744,0.007857695300458723
57.270551443099976,0.01493841925250079
57.288026332855225,0.004751435179437277
57.31815958023071,0.006490620882146425
57.348772287368774,0.002133957242529804
57.37971353530884,0.0049672499857217845
57.41065812110901,0.02290022446097581
57.441667556762695,0.013274207364159765
57.47226357460022,0.0027150100365401935
57.50363850593567,0.0022711004037972286
57.534987926483154,0.0020719962579640715
57.5660126209259,0.00186054688807212
57.59626841545105,0.02234473159831159
57.62700700759888,0.007695877501835502
57.658018827438354,0.00119487741262563
57.689956188201904,0.0033878367000891104
57.72104024887085,0.0029166610855276063
57.75161266326904,0.014495504428874477
57.78238868713379,0.0143259768089785
57.81365990638733,0.0046660959493820065
57.84396767616272,0.002793804050497409
57.87523436546326,0.0024430065526272844
57.90601658821106,0.006844727578825292
57.93718504905701,0.023548838746674718
57.96801400184631,0.011803347601003876
57.99971890449524,0.002973205876546035
58.01479530334473,0.008788424304449044
58.06187701225281,0.0020106754148625787
58.09298634529114,0.0012861432268695405
58.12392449378967,0.004124099531963254
58.154820919036865,0.002829564866176493
58.185232639312744,0.001351498391094763
58.2166633605957,0.00292434587865157
58.24765586853027,0.00188155569432925
58.27862191200256,0.0023261386386667004
58.30956029891968,0.08596903534360274
58.33991098403931,0.02067152945664752
58.37139964103699,0.017468689671952864
58.402151107788086,0.01723793464712613
58.43334722518921,0.009499223114270521
58.46474575996399,0.011391227694391244
58.49513006210327,0.003958920889311023
58.526294469833374,0.007455667796080976
58.55728793144226,0.0025002068769644174
58.588409185409546,0.008077284460735662
58.61937928199768,0.014169288974052131
58.65072798728943,0.004695367731842067
58.68127965927124,0.00024475502827078885
58.712714195251465,0.0026567862667583016
58.743567943573,0.0036913117910977364
58.77400255203247,0.0023692307943189413
58.80503463745117,0.02377296161839637
58.83601522445679,0.006441843281566296
58.85208439826965,0.0006957990428988266
58.86763405799866,0.004424530698208332
58.89900302886963,0.0008027147294196069
58.93037724494934,0.0042542904407336865
58.9613983631134,0.004649909542839535
58.99231266975403,0.0039729329224503784
59.02281045913696,0.0071024244715906576
59.05382227897644,0.00513103721053329
59.08485698699951,0.0018599408880972748
59.11668348312378,0.007330638573800544
59.14671015739441,0.03199665416151515
59.17770600318909,0.015949299872391437
59.20875382423401,0.0037109348275168146
59.23944616317749,0.00034397491557337193
59.269896268844604,0.003044069860990002
59.30151724815369,0.0036255317088741607
59.33261489868164,0.02990571653646736
59.36344504356384,0.016014106135308594
59.394697189331055,0.004236220984671454
59.425405502319336,0.004182915884762511
59.456254959106445,0.0018687125729808687
59.487433671951294,0.016904466176292
59.519267559051514,0.01781259884436846
59.54963183403015,0.006990478834167512
59.58073711395264,0.002284577546522521
59.61131954193115,0.00037164831996385687
59.642049074172974,0.005041890378185345
59.65802574157715,0.009564406184090728
59.70508074760437,0.0009262204313432216
59.73551368713379,0.010130877468290028
59.766277551651,0.01230931513004099
59.79774856567383,0.006812270161496408
59.82901573181152,0.012961754044740854
59.86004590988159,0.008585838491117522
59.8907630443573,0.005488705290469196
59.921820640563965,0.002990928759961292
59.95277738571167,0.0012179420885913748
59.98392677307129,0.0010613106911962341
60.01481771469116,0.037476760478884236
60.04600739479065,0.014822341163836635
60.076698303222656,0.0023925355502476143
60.107693910598755,0.002891327779416235
60.13836431503296,0.002353600027310822
60.16934943199158,0.006066107027224566
60.19973421096802,0.010872116055016996
60.231746435165405,0.005344225735993002
60.26242446899414,0.0038089534835385862
60.29330325126648,0.0026225970805618605
60.3244366645813,0.00045372013927034614
60.35513710975647,0.024230158205370132
60.38657593727112,0.037345720655340954
60.417810916900635,0.00634712296997807
60.44923806190491,0.009430540507195863
60.48068380355835,0.009439215805801366
60.511098861694336,0.005888917101499841
60.542144775390625,0.006913594389221145
60.57300114631653,0.006114581238096335
60.60402727127075,0.004841908300080618
60.63496470451355,0.0014199879473145622
60.66630148887634,0.0017123129652736025
60.696905851364136,0.025994811142401885
60.72786998748779,0.012995274190825405
60.75878930091858,0.0005634796016426307
60.78978157043457,0.0032803182318731985
60.820682525634766,0.0026724376331628075
60.85169076919556,0.0028000496300284133
60.88259673118591,0.01934440773844177
60.9137442111969,0.005897400704614481
60.94525957107544,0.002859011196761758
60.976078510284424,0.019825242317981374
61.00656723976135,0.007093105619125792
61.037492513656616,0.02388185325488598
61.06852459907532,0.012031505916190809
61.099424600601196,0.007520263809146964
61.13044357299805,0.00469847737624878
61.161356687545776,0.0042781730273707885
61.17728137969971,0.0025881253868193493
61.19352674484253,0.021230559778894407
61.22435665130615,0.024710994347502367
61.25490736961365,0.011081131014187253
61.28581666946411,0.002446917264421518
61.317853689193726,0.0012324872633273933
61.34818506240845,0.004015525621996024
61.37846899032593,0.002317576734482761
61.40998578071594,0.009881321971122644
61.44104528427124,0.005772699832980488
61.471943378448486,0.0018607404836948939
61.502997159957886,0.004166605279845761
61.53392004966736,0.007508309002078179
61.56536412239075,0.004885970401465748
61.59599947929382,0.006447954377037815
61.62673592567444,0.0016580057639341437
61.657668352127075,0.000636304915373673
61.68861746788025,0.001624550850448978
61.71951198577881,0.0029099165228035685
61.75128793716431,0.001720427130231744
61.782570362091064,0.0004475497656586454
61.812397480010986,0.024109789274978893
61.84230399131775,0.02014804996033148
61.87338829040527,0.00717517269426585
61.90420603752136,0.0014410849574464594
61.936811447143555,0.0014403946896285574
61.95240616798401,0.0018563447562899554
61.968343019485474,0.0012981239743917944
61.99950098991394,0.0019298420759288374
62.03016805648804,0.001955042059738091
62.061113595962524,0.0014126341385898276
62.09213328361511,0.002249300136066399
62.12310528755188,0.03451008878598578
62.15402817726135,0.0042770620132777225
62.18550157546997,0.006305973705980139
62.216484785079956,0.0037088633444538536
62.2469277381897,0.008338160578444553
62.27825951576233,0.004687437509800513
62.30914926528931,0.009655375314572097
62.33990955352783,0.0037627057374850373
62.370842695236206,0.0022649762395509526
62.40186929702759,0.002658920358065714
62.43276071548462,0.0025087641478015194
62.463767290115356,0.004731374794670323
62.494885206222534,0.0010254652895132278
62.52577042579651,0.001025518587193729
62.55674338340759,0.0014185127471402937
62.587783098220825,0.0005677840125362179
62.61862540245056,0.0017317534539692458
62.64993166923523,0.0009869226634005017
62.68125104904175,0.0007032000107719821
62.71256995201111,0.0012965405604845556
62.72766661643982,0.002059077327244918
62.774484157562256,0.000961362257888255
62.80536079406738,0.001623413638420014
62.83638048171997,0.0032523008533569134
62.86737942695618,0.0017572102650972553
62.89830040931702,0.0005591317229784842
62.92924523353577,0.00418853752479893
62.960246324539185,0.0028935111407929074
62.9912269115448,0.0015276913002492181
63.02221179008484,0.0014391944260179793
63.05313491821289,0.0031378366943087097
63.08408522605896,0.0027548044508696823
63.11515474319458,0.001052261328573782
63.14610052108765,0.0016176115994066043
63.1774537563324,0.002896955742954773
63.20794320106506,0.0023784302546873944
63.23948812484741,0.001962785064248383
63.27046847343445,0.0010921994777210084
63.30135917663574,0.0014737208761477789
63.33209776878357,0.0024464113008496498
63.363213539123535,0.0012230185259564537
63.39386773109436,0.0030136128934989143
63.424806118011475,0.0018758628282094982
63.45576572418213,0.0010716784460009811
63.48641920089722,0.0019928023520988354
63.51825571060181,0.0013670622286875865
63.548973083496094,0.004116437706685638
63.58086848258972,0.0022188180831621256
63.6119487285614,0.00120251163909855
63.642539978027344,0.0035753054753322362
63.67349147796631,0.0039002033094596342
63.70448088645935,0.0041024362471768034
63.735403299331665,0.002310289710886389
63.766369104385376,0.00037022807564042535
63.7973210811615,0.0012918819784079002
63.82707071304321,0.00040834679480080717
63.859055280685425,0.0007271526018711471
63.89008712768555,0.0010984320085880694
63.92098379135132,0.0009019454451323098
63.95163035392761,0.0019205838446005943
63.98303461074829,0.0017754289520491796
64.01447367668152,0.002394467623921875
64.04538559913635,0.0020208154147093415
64.07596731185913,0.0012432537379447881
64.10688996315002,0.0033058157455814756
64.1383204460144,0.0005879807358923031
64.16929841041565,0.0009009022948065526
64.20024585723877,0.0021454384503463426
64.23079514503479,0.0018913953523342893
64.26196765899658,0.003560346856337799
64.29274773597717,0.0008392769595858349
64.30861210823059,0.0028268357351957374
64.35563826560974,0.0022524394399342207
64.38659977912903,0.0023919253840705475
64.41798710823059,0.0025947406088131686
64.44877505302429,0.0021524896785569164
64.47985076904297,0.002167140414254752
64.51039624214172,0.002500980451714515
64.54133415222168,0.0022825048547848352
64.5725302696228,0.0013186545014166045
64.60341429710388,0.0011497199818063526
64.634348154068,0.0018373559543074986
64.66528582572937,0.002765558797415734
64.69621086120605,0.0011816565225106375
64.72723388671875,0.0007075432377044958
64.75817108154297,0.0026295064874755397
64.78909921646118,0.001486629276548206
64.82009172439575,0.003165087480398194
64.85130286216736,0.002631776454964801
64.88244342803955,0.0007479300663885874
64.91350269317627,0.00276120744893581
64.94454669952393,0.0041029965857866
64.9749231338501,0.0007588442044512826
65.00591969490051,0.002356176901309213
65.03735661506653,0.0009014284172394125
65.06833600997925,0.0016647811034601404
65.09932255744934,0.002543538362457768
65.13031721115112,0.0007017120797337599
65.14629220962524,0.0017445426473515465
65.1932361125946,0.004348094367344459
65.22419238090515,0.0010592333117119361
65.25470542907715,0.0006823565063130259
65.28614091873169,0.001630787447194684
65.31723165512085,0.0022095877321922546
65.34767413139343,0.000674486897479602
65.3784966468811,0.003519024946832941
65.40946435928345,0.0007169492851503983
65.4403944015503,0.0020901947701196816
65.47127914428711,0.0015036555276151402
65.5021915435791,0.0021950452785536316
65.53379034996033,0.002240808002432818
65.56477761268616,0.002084280953968242
65.59577631950378,0.0011892915398788336
65.62623810768127,0.0010739511879303697
65.65709447860718,0.0007047310725772125
65.68806195259094,0.0014541582511156993
65.71930265426636,0.0023043715572043733
65.7502863407135,0.001416550203742093
65.78099846839905,0.000682399620053922
65.81241154670715,0.0033775797174792834
65.84283757209778,0.0008499558028597263
65.85874247550964,0.0032832974981642222
65.90569996833801,0.0017941030720875484
65.93674755096436,0.002289274396660903
65.96766471862793,0.0015989926741755344
65.99863839149475,0.0007660147054314965
66.02959442138672,0.0019353434117969517
66.06058073043823,0.0009546189921260208
66.09153461456299,0.002072159881980895
66.122474193573,0.002274696456427585
66.15345621109009,0.0033728877417158495
66.18450880050659,0.00028470592497669117
66.21549797058105,0.003410385342568841
66.24633550643921,0.002405806102166196
66.27728772163391,0.0011706425301881186
66.3082685470581,0.004810846148760482
66.33926439285278,0.0022176390824354643
66.37070536613464,0.002283508028860093
66.40168809890747,0.00330319830939314
66.43258094787598,0.0008224337583219366
66.46305704116821,0.002724471563610997
66.49406313896179,0.00241956270336413
66.52503490447998,0.0006527043820124728
66.55597305297852,0.003898599927285643
66.58691239356995,0.0014303958402738612
66.61847233772278,0.0026003075298904124
66.65033030509949,0.0022283521303800334
66.68086504936218,0.0013063463552994072
66.71228671073914,0.002417350149893318
66.74271130561829,0.0034922006991268645
66.77416801452637,0.0017370651214933964
66.80517864227295,0.002110236694420995
66.83587431907654,0.0022047481110745943
66.86665177345276,0.001881466792142378
66.8975031375885,0.0014098862780297936
66.9285740852356,0.0015937815232099826
66.95950746536255,0.0037872477429801744
66.99042654037476,0.0015738233399763353
67.02148795127869,0.0004505696094739088
67.0523910522461,0.0012539059936836942
67.08334970474243,0.001670967620896348
67.1143102645874,0.001378749563971714
67.14554738998413,0.0018335465405064024
67.17691349983215,0.004196642075126408
67.20745515823364,0.00133885649749886
67.23837947845459,0.001997229909112898
67.26924514770508,0.0024702166598416808
67.30015921592712,0.0009551393211621344
67.33112692832947,0.002300052668792454
67.36208891868591,0.0015331215281632858
67.39294123649597,0.0006796958696864326
67.40890955924988,0.001878590365109085
67.42512035369873,0.002334082302357098
67.45598864555359,0.0017491326125730702
67.48682761192322,0.0013980672069455959
67.51831769943237,0.0018017927495858942
67.5488109588623,0.003041689128393304
67.57982301712036,0.0006699372624797003
67.61075949668884,0.000979573442932573
67.64201831817627,0.0023371578473273154
67.6727352142334,0.0036532959557836063
67.70381927490234,0.0011044575955287412
67.73482346534729,0.002311726562357675
67.76635408401489,0.001402458266042146
67.79644060134888,0.0014185469155315077
67.82771158218384,0.0030911911783142827
67.85860276222229,0.004498400158290147
67.88938021659851,0.0011317195013747217
67.92034697532654,0.0009954493602180425
67.95190143585205,0.001834361841165229
67.9824743270874,0.0021484566052915326
68.01343584060669,0.0013147141879347255
68.04497027397156,0.00291947632307181
68.07528519630432,0.0019473666876313291
68.1060938835144,0.000759679239958618
