Timestamp,Z Position,Event
0.1114957332611084,0.0,
0.12210536003112793,0.0,
0.1722414493560791,-2.340048992183208e-05,
0.2222611904144287,-5.538849818959024e-05,
0.27230191230773926,-6.177240337784662e-05,
0.32235169410705566,-7.792536579614984e-05,
0.3724217414855957,-8.194710689635176e-05,
0.42255353927612305,-8.885931603230812e-05,
0.4723811149597168,-9.179346179882808e-05,
0.5227124691009521,-9.797037766701155e-05,
0.5727536678314209,-9.983029069532412e-05,
0.6228177547454834,-9.841763133444648e-05,
0.6728065013885498,-0.00010587046310855941,
0.7229185104370117,-0.00010324302783865091,
0.7729644775390625,-0.00010973430677313489,
0.8230698108673096,-0.00010663523320297852,
0.8732876777648926,-0.00011205018337101524,
0.9234139919281006,-0.0001106115922365758,
0.9734494686126709,-0.00011406836800981202,
1.0235214233398438,-0.00011393876672649572,
1.073366403579712,-0.00011241790484423086,
1.1234350204467773,-0.00011286522917353103,
1.1738910675048828,-0.00011687196737475425,
1.2239291667938232,-0.00011812089177803964,
1.273620367050171,-0.00011696896997664963,
1.3236827850341797,-0.00012062731981626884,
1.3740363121032715,-0.00012174078593180093,
1.4244577884674072,-0.00011683209397561622,
1.4745244979858398,-0.00011882240863803073,
1.524681568145752,-0.0001202969816826438,
1.5748319625854492,-0.00012142060747133421,
1.624945878982544,-0.00013128827794822717,
1.6751093864440918,-0.000274597355555406,
1.7252073287963867,-0.0002622403368141013,
1.7753803730010986,-0.00027734977241250514,
1.8251268863677979,-0.00027063215175315847,
1.875769853591919,-0.00029027926944652505,
1.9256839752197266,-0.00027687295804235124,
1.9757142066955566,-0.00028346010951768585,
2.0257816314697266,-0.0002871808298379186,
2.075925827026367,-0.0002873657909829852,
2.1261539459228516,-0.00028553179384882554,
2.176239490509033,-0.00028924492248766365,
2.2262134552001953,-0.00028453739223105456,
2.2763752937316895,-0.000290132085855932,
2.3265349864959717,-0.00028494609593565645,
2.3766582012176514,-0.0002894943413630502,
2.4268085956573486,-0.00028924786114015166,
2.476541042327881,-0.00028913260102136906,
2.5267364978790283,-0.00029013191543991734,
2.5774614810943604,-0.00029347648509159274,
2.6274526119232178,-0.00029063224591258097,
2.6774744987487793,-0.00029012151797397356,
2.727346658706665,-0.00029134419347387475,
2.777705192565918,-0.00029419152919546443,
2.827633857727051,-0.00029391622972152476,
2.8781001567840576,-0.00029282107618539,
2.9282169342041016,-0.0002962139600166669,
2.97831130027771,-0.00029238924687607915,
3.0284438133239746,-0.0002919836591838143,
3.078758478164673,-0.0002900084948356252,
3.128952980041504,-0.0002944284173897471,
3.179098129272461,-0.0002942753152183064,
3.2292051315307617,-0.0002949301527435111,
3.279299736022949,-0.0002964487611788469,
3.329244375228882,-0.00029349790805727194,
3.379450559616089,-0.00029365261193231573,
3.429565191268921,-0.00029610298527760204,
3.479567766189575,-0.00029875386864564035,
3.529777765274048,-0.00029736137567382137,
3.579648733139038,-0.0002935381924679681,
3.6298105716705322,-0.0002966283215489196,
3.679943323135376,-0.0002965635619739948,
3.7300102710723877,-0.00029304063908763833,
3.780036449432373,-0.0002936909797472964,
3.830305576324463,-0.00029981007375834423,
3.8802521228790283,-0.0002969097855332059,
3.930405378341675,-0.0002975800697477826,
3.9803898334503174,-0.000295509939918448,
4.030658721923828,-0.000295077835335944,
4.080796957015991,-0.00029329180612064354,
4.130961656570435,-0.000294772636830809,
4.181103467941284,-0.00029390329740192067,
4.2312541007995605,-0.00028363838097283933,
4.281362771987915,-0.00017115934444605907,
4.331503629684448,-0.0002541160180437596,
4.381602764129639,-0.00022876327999959978,
4.431607484817505,-0.00027785357893705953,
4.481600046157837,-0.00023814866397964263,
4.531751394271851,-0.00027311657381190457,
4.58169960975647,-0.00025646226148146045,
4.632013559341431,-0.0002669715540334905,
4.682171583175659,-0.00026173905112980567,
4.732327222824097,-0.0002767341541940471,
4.782465934753418,-0.0002718638719887978,
4.832599401473999,-0.00027270201385648507,
4.8827643394470215,-0.000269476800749624,
4.9329071044921875,-0.0002769942800103231,
4.983047723770142,-0.0002786492576958288,
5.033188343048096,-0.00027821253732873696,
5.0833821296691895,-0.00027869980186429055,
5.133504867553711,-0.0002801318449079937,
5.183727979660034,-0.00028172128680170605,
5.233896732330322,-0.0002854188423809245,
5.283959627151489,-0.00028422997249311077,
5.3343260288238525,-0.0002899187994814256,
5.384610891342163,-0.0002827899308260884,
5.434642314910889,-0.00028484400882522465,
5.484961986541748,-0.00028877103203489574,
5.534752607345581,-0.0002863928763805479,
5.585102558135986,-0.00029060119878115964,
5.635167598724365,-0.0002926481633919731,
5.685269117355347,-0.0002862978881767453,
5.735396146774292,-0.0002909198516112821,
5.785517930984497,-0.00029326449706851276,
5.835658073425293,-0.0002396074239232049,
5.885857105255127,-0.0003053616651305102,
5.935949087142944,-0.00028525503386050977,
5.98612904548645,-0.0002892783057863446,
6.036191701889038,-0.0002941252289140883,
6.08636999130249,-0.0002929158884248939,
6.136407852172852,-0.0002869542603105013,
6.186483144760132,-0.00029370055131033856,
6.236675977706909,-0.00029200148950575544,
6.28669810295105,-0.0002929087030243416,
6.336962461471558,-0.0002907093870656574,
6.386892318725586,-0.000290178336864233,
6.437126874923706,-0.00029628617058996554,
6.486889839172363,-0.0002910002896490682,
6.537147760391235,-0.0002902027413804742,
6.587239027023315,-0.00029495320333677855,
6.637288570404053,-0.0002896027439389104,
6.687379837036133,-0.0002895881729323424,
6.737426519393921,-0.00029613257861454967,
6.787608623504639,-0.0002896702613437996,
6.837631940841675,-0.00029051435876303877,
6.887701511383057,-0.00028595103246753517,
6.937759637832642,-0.0002892304667530543,
6.987841606140137,-0.00029411509417109905,
7.037871837615967,-0.0002855815977930165,
7.088005065917969,-0.00023375034243616755,
7.138084173202515,-0.0001454519719514269,
7.188089370727539,-0.00014614364018517012,
7.2381432056427,-0.00012593634524332709,
7.288257598876953,-0.00013588791053448235,
7.338496446609497,-0.00012467482246214523,
7.388413429260254,-0.00012603021039508944,
7.438461542129517,-0.00012085176201109826,
7.4886314868927,-0.00011927118319493557,
7.538838863372803,-0.0001218519267798257,
7.588844060897827,-0.00011905631691982999,
7.638880968093872,-0.00012362684711098026,
7.689005374908447,-0.0001223536962650651,
7.7391197681427,-0.0001200627336864768,
7.789186954498291,-0.00011480152625964468,
7.839210271835327,-0.00012411613163770818,
7.889303922653198,-0.00012123543710207407,
7.939327716827393,-0.00012179591388244981,
7.989411115646362,-0.00011742718953450249,
8.039441347122192,-0.00011799835887393861,
8.089600563049316,-0.00011887758045758812,
8.139718770980835,-0.00011794567115530619,
8.189793586730957,-0.00011768022900571218,
8.239859580993652,-0.00012149010871403965,
8.289997816085815,-0.00011844380027375978,
8.340032577514648,-0.00011609736876877497,
8.390088558197021,-0.00011115046449311494,
8.44025468826294,-3.1436281674457334e-06,
8.490291833877563,3.6980157801791425e-05,
8.540629863739014,2.4123805311804247e-05,
8.590553283691406,3.6854212666359576e-05,
8.640588760375977,2.7165284080921115e-05,
8.690667152404785,2.6870134884504626e-05,
8.7407705783844,2.8249321352535883e-05,
8.79086685180664,2.5179781133366497e-05,
8.84100341796875,2.458061631221975e-05,
8.891165018081665,-2.8172428279793493e-05,
8.941296339035034,-0.00024164926216152516,
8.991577625274658,-0.00019465359949782934,
9.041682004928589,-0.00024100842046198556,
9.091922283172607,-0.00020752977234211878,
9.142025232315063,-0.000231669707286275,
9.192353010177612,-0.00022048012549386042,
9.242590427398682,-0.00023259448241397251,
9.292760372161865,-0.000223957144575182,
9.342869520187378,-0.00023348451071408816,
9.393238544464111,-0.00022720073339460578,
9.443339824676514,-0.00022851826128117425,
9.493458271026611,-0.00023104898644249472,
9.543559312820435,-0.00023136822809127766,
9.59374451637268,-0.00023464008636880918,
9.643811464309692,-0.00023153250816643212,
9.693999767303467,-0.00023604148971917427,
9.744095802307129,-0.0002359750306597519,
9.79396390914917,-0.00024163000015375857,
9.843923091888428,-0.00023194915205632105,
9.894489765167236,-0.0002372353804075411,
9.9446702003479,-0.00023937190031753097,
9.994901895523071,-0.0002361007845994023,
10.045061111450195,-0.00023667412226774376,
10.095214605331421,-0.00023776919258050588,
10.145179271697998,-0.00023645087305007584,
10.1955246925354,-0.0002335211815183147,
10.245116233825684,-0.00023836135472243836,
10.295566320419312,-0.00023619468738006466,
10.345517873764038,-0.00018341854594872142,
10.39573860168457,-3.4092106784455734e-05,
10.446030139923096,-3.123848192476686e-05,
10.496036291122437,-1.7843419150564976e-05,
10.546260356903076,-2.8468474748966077e-05,
10.596327304840088,-2.410762701315905e-05,
10.646611452102661,-2.3969344764562805e-05,
10.6967031955719,-2.172362905689118e-05,
10.746973752975464,-2.7671358436509585e-05,
10.797092199325562,-2.4564412974492633e-05,
10.847073554992676,-2.6658111948463237e-05,
10.897270202636719,-3.0970417411901874e-05,
10.947507619857788,-2.419047899993032e-05,
10.997671127319336,-3.13200123442936e-05,
11.047589778900146,-2.702993775671736e-05,
11.097912311553955,-3.250652190633918e-05,
11.148022651672363,-2.919496255721077e-05,
11.198442697525024,-3.115184548424521e-05,
11.248578786849976,-3.0198914323764647e-05,
11.298633575439453,-3.191823880083211e-05,
11.348905801773071,-3.3925452016025925e-05,
11.399104833602905,-3.199083925631285e-05,
11.449221134185791,-3.6076662385753355e-05,
11.499469757080078,-3.63731102496212e-05,
11.549572229385376,-3.364132007660503e-05,
11.599745750427246,-3.759591733015766e-05,
11.650045156478882,-3.546866763853851e-05,
11.70014214515686,-4.012130865232999e-05,
11.750277996063232,-4.008604965705098e-05,
11.800467014312744,-3.8509132591846296e-05,
11.850727796554565,-3.6810619690685886e-05,
11.900784730911255,-4.1046227113983313e-05,
11.951022386550903,-4.354309588916472e-05,
12.001149654388428,-4.816640618104939e-05,
12.051315069198608,-9.634230549870892e-05,
12.10141372680664,-7.507350586655193e-05,
12.151562213897705,-5.7672724291912836e-05,
12.201877355575562,-9.233620579962576e-05,
12.251952409744263,-0.00012497712618347867,
12.302120685577393,-0.00014920932873696557,
12.352177381515503,-0.00019535567731393533,
12.402482271194458,-0.00020090276789053174,
12.452667236328125,-0.00020937847766888673,
12.502755641937256,-0.00020154698694629936,
12.553020715713501,-0.00020735230989843423,
12.603153705596924,-0.00021073085368727984,
12.653324127197266,-0.00021180380535379406,
12.703548192977905,-0.00020679663681022475,
12.753712177276611,-0.00021565727335515206,
12.803921222686768,-0.00021035258051377292,
12.854047060012817,-0.00021429886471363568,
12.90412974357605,-0.00021259656534927673,
12.954307079315186,-0.00021930567607930662,
13.004567861557007,-0.00021672565512925734,
13.05471396446228,-0.0002139535222964173,
13.104877471923828,-0.0002181550075937011,
13.155022621154785,-0.0002237261025300752,
13.204993724822998,-0.00021475634330719862,
13.2551429271698,-0.00021422465489712161,
13.305220127105713,-0.00022074850491554665,
13.355446577072144,-0.0002110340707640046,
13.405606985092163,-0.0002146601126455372,
13.45578646659851,-0.00021794066038938187,
13.50598406791687,-0.0002129268372871307,
13.556087493896484,-0.00021196337763385031,
13.606428623199463,-4.4197702648185455e-05,
13.656901836395264,-1.7589391270778076e-05,
13.706602573394775,-2.778048527068977e-05,
13.756788730621338,-9.394484051516994e-06,
13.806919574737549,-1.9877877852181314e-05,
13.857187747955322,-1.936692562548581e-05,
13.907305717468262,-1.4082102858470336e-05,
13.957298040390015,-1.7608646602218503e-05,
14.007458448410034,-1.2057115162111831e-05,
14.057533502578735,-2.1583296947347286e-05,
14.107699155807495,-2.007579021445771e-05,
14.157827615737915,-1.8506265130502353e-05,
14.207924842834473,-2.2545211306901347e-05,
14.2580885887146,-2.1292673002548668e-05,
14.30821704864502,-1.969617150132663e-05,
14.358443260192871,-2.2336052376059623e-05,
14.408507585525513,-2.4655518519323127e-05,
14.458664894104004,-2.3645310039954737e-05,
14.5088210105896,-2.5124747068283604e-05,
14.558946371078491,-2.9013512432229938e-05,
14.609135389328003,-2.5564149330581376e-05,
14.659295797348022,-2.9337466365575438e-05,
14.70942735671997,-3.1097381671674196e-05,
14.75960659980774,-2.9784661538356794e-05,
14.809715747833252,-3.148270495356709e-05,
14.859810829162598,-3.107486196479714e-05,
14.909964799880981,-3.3628517287553894e-05,
14.960068702697754,-3.5768951975878593e-05,
15.010202407836914,-3.459787828052896e-05,
15.060348749160767,-4.267916613542866e-05,
15.110504865646362,-4.155198499072865e-05,
15.160660982131958,-4.139423974752754e-05,
15.210799217224121,-4.3862768026814436e-05,
15.26091480255127,-4.346206713728984e-05,
15.311096668243408,-5.086428651251973e-05,
15.361271619796753,-5.1170051833693275e-05,
15.411423683166504,-5.504305053199987e-05,
15.461589097976685,-5.617011036146424e-05,
15.511747598648071,-0.00013473200914199124,
15.561867475509644,-0.00010982415410548674,
15.61203670501709,-8.458519249421315e-05,
15.662187576293945,-0.00011759471312489111,
15.712351322174072,-7.844641140813957e-05,
15.76250171661377,-8.141839936048889e-05,
15.81266713142395,-7.62013582509824e-05,
15.862799167633057,-7.254455005928362e-05,
15.912875413894653,-7.578084852771783e-05,
15.963041305541992,-6.556148978986709e-05,
16.01312232017517,-7.30898733680152e-05,
16.06331729888916,-6.782591623666345e-05,
16.113152980804443,-7.241964864401762e-05,
16.163180351257324,-7.478156022039384e-05,
16.21340537071228,-7.319309007636221e-05,
16.263400554656982,-7.458903149981655e-05,
16.313700675964355,-7.207122654590004e-05,
16.3635892868042,-7.830963714933192e-05,
16.413573265075684,-7.421804368962226e-05,
16.463644981384277,-7.78530835123803e-05,
16.51368737220764,-7.442714850258714e-05,
16.563783645629883,-7.770894316661003e-05,
16.61399555206299,-8.252586520640648e-05,
16.664437532424927,-7.98703763419395e-05,
16.714457273483276,-7.825593141208564e-05,
16.764719247817993,-8.130119796567747e-05,
16.81489658355713,-8.073713283279771e-05,
16.865065336227417,-7.878475979655741e-05,
16.915318727493286,-7.815951196071813e-05,
16.965375900268555,-8.106851154476846e-05,
17.01571273803711,-8.027237543350996e-05,
17.065873861312866,-7.67575035357515e-05,
17.116016149520874,-7.094331642831797e-05,
17.166242599487305,7.804433376268349e-05,
17.21648597717285,9.244788001799842e-05,
17.266432762145996,8.932390601623652e-05,
17.316390991210938,9.277948984015572e-05,
17.366454124450684,9.968564562357063e-05,
17.416434288024902,8.641470215148273e-05,
17.466566562652588,9.163357717845155e-05,
17.516632795333862,8.114003598563846e-05,
17.566762685775757,8.691481128575429e-05,
17.616851568222046,8.547769289285467e-05,
17.666959762573242,8.77847730522685e-05,
17.71743154525757,8.46856606712687e-05,
17.767520904541016,8.415542568990242e-05,
17.81766629219055,8.508311035176908e-05,
17.86786150932312,7.891962743805658e-05,
17.917916774749756,8.597466340892757e-05,
17.96800661087036,8.10704779639071e-05,
18.018157958984375,8.121878507622027e-05,
18.06830859184265,8.035705588327335e-05,
18.11845850944519,8.064790594208837e-05,
18.168601274490356,7.722080539429577e-05,
18.21876072883606,7.922952961780805e-05,
18.268906593322754,7.765577844831562e-05,
18.319080352783203,7.599309500827545e-05,
18.36922311782837,7.071833625293955e-05,
18.419378757476807,7.476143585666284e-05,
18.469462394714355,7.413180536175457e-05,
18.51966428756714,7.174326914682894e-05,
18.569808959960938,7.094213839925478e-05,
18.619893312454224,7.491753771265985e-05,
18.670093774795532,7.122360984235243e-05,
18.72027087211609,7.173065366683495e-05,
18.770467042922974,7.766455337943068e-05,
18.8206467628479,0.00020679625422187486,
18.87093734741211,4.247452628630688e-05,
18.921068906784058,4.205247016553226e-06,
18.97110342979431,1.6467280231635684e-05,
19.021316051483154,1.201649828347362e-05,
19.07162594795227,-3.93531699288685e-06,
19.1216402053833,-3.15642354864476e-07,
19.171814680099487,-4.55423256789933e-06,
19.22198176383972,-4.858422332276735e-06,
19.27207040786743,-9.324415228606497e-06,
19.32229733467102,-6.929215267903466e-06,
19.37246584892273,-1.3779972704686116e-05,
19.422638654708862,-1.1932860019825409e-05,
19.472741842269897,-1.1135122789496243e-05,
19.52302885055542,-1.4101722298653918e-05,
19.573072910308838,-9.693022087142733e-06,
19.62309980392456,-1.3721581921144477e-05,
19.673200607299805,-1.5900928681311655e-05,
19.723445892333984,-1.671401795860783e-05,
19.773393154144287,-1.5730934091962023e-05,
19.823541402816772,-2.166014337517952e-05,
19.873685359954834,-2.1214561834403955e-05,
19.92380142211914,-2.0038924592957752e-05,
19.973909854888916,-2.436078122547425e-05,
20.024010181427002,-2.5919836594057166e-05,
20.07414984703064,-2.017538397586227e-05,
20.124334573745728,-2.413951856450325e-05,
20.174524784088135,-2.4080591423669695e-05,
20.22458553314209,-2.4976734764703412e-05,
20.274735689163208,-2.8867669247478744e-05,
20.325071096420288,-2.9982217688684365e-05,
20.375145196914673,-3.1396324270016596e-05,
20.425209999084473,-2.9641238474820142e-05,
20.475569248199463,-2.8588282774411056e-05,
20.525663137435913,-3.469862110899724e-05,
20.575767278671265,-3.416326012883886e-05,
20.625771045684814,-3.5701261244414084e-05,
20.675890922546387,-2.742352287271599e-05,
20.726052284240723,9.572031329813102e-05,
20.776193380355835,0.00017833494731112065,
20.826383590698242,0.00017762661112646905,
20.876616716384888,0.0001969464116404196,
20.92669367790222,0.00018411206364404853,
20.976925373077393,0.0001800300088559137,
21.027100801467896,0.00018495092711268146,
21.077261209487915,0.00018252569727644774,
21.12752103805542,0.00017611070130840734,
21.177558422088623,0.00017725812150753972,
21.227832078933716,0.00017819856186201966,
21.27792739868164,0.00017114055391964644,
21.328078746795654,0.00017425802959669667,
21.378270626068115,0.00016955428820975005,
21.428311586380005,0.00016861623592978603,
21.478602647781372,0.00016673717572024405,
21.52860379219055,0.00015915294792229195,
21.578798294067383,0.00015528555410515565,
21.628957509994507,0.00011306563264890102,
21.67902445793152,-5.994183294982802e-05,
21.729373931884766,-2.3237811799914354e-05,
21.779640197753906,-5.8977171632224046e-05,
21.829951286315918,-3.8442849291164816e-05,
21.879897356033325,-6.205386598218121e-05,
21.930122137069702,-5.2538008468439035e-05,
21.980134963989258,-6.395180398716116e-05,
22.03041100502014,-6.070766946636441e-05,
22.080511808395386,-6.262338994095229e-05,
22.13056206703186,-6.515535958079299e-05,
22.180888891220093,-6.499999335851658e-05,
22.231029987335205,-6.571309355135613e-05,
22.28123140335083,-7.097063178818086e-05,
22.331443309783936,-6.873583806743522e-05,
22.38147521018982,-6.262747309121464e-05,
22.43162727355957,-7.2529630141982e-05,
22.481865167617798,-6.879723695368822e-05,
22.531941890716553,-7.117079539631366e-05,
22.58212399482727,4.6003054044563285e-05,
22.632124423980713,0.00010210578767055889,
22.682156085968018,0.00012137341829071557,
22.732365608215332,0.00015968898903567785,
22.782454252243042,0.00015604963690490914,
22.832829236984253,0.00016918543966204513,
22.883111238479614,0.00016965511899252883,
22.93338418006897,0.00016510496888055837,
22.98343014717102,0.00016838910635524895,
23.03365421295166,0.0001635488818496622,
23.08395481109619,0.00016678136230452445,
23.13413429260254,0.0001589730067885764,
23.184195280075073,0.000161572974012536,
23.234468698501587,0.00015820867040039488,
23.28459405899048,0.00016095091487106084,
23.33493947982788,0.00016357535859912176,
23.385050773620605,0.00015775151917685193,
23.435154914855957,0.00016034165278255852,
23.485346794128418,0.00015669673682250362,
23.53541088104248,0.00015517598856129577,
23.58545207977295,0.00014721747189744283,
23.635691165924072,0.00014842113083646247,
23.68582010269165,0.00014478281162283446,
23.736023664474487,0.0001478536821591936,
23.78624153137207,0.00014528103180622143,
23.836409091949463,0.0001436944984679056,
23.886590003967285,0.00014028796784409936,
23.936732292175293,0.00014132115121745503,
23.986970901489258,0.00013683767870142916,
24.03717851638794,0.0001370177330568545,
24.08726668357849,0.0001375586462522005,
24.13766837120056,0.00013556239569834094,
24.18752884864807,0.00013335255820157155,
24.237728118896484,0.00013340088310498377,
24.287886142730713,0.00012751688142348394,
24.33820629119873,0.0001327237504326062,
24.388158321380615,0.00012869815359067838,
24.438064336776733,0.0001278892866182768,
24.488234996795654,0.00012466527187598997,
24.538233280181885,0.00012429541795466736,
24.58837080001831,0.0001260212612156364,
24.638724088668823,0.00012664318164667954,
24.688955783843994,0.00023408479523201464,
24.739003896713257,0.0001658898864786429,
24.789273738861084,0.00016736522348498317,
24.839367389678955,0.00014457630631742324,
24.889477729797363,0.00013809627525540602,
24.939725160598755,0.00012579396453971103,
24.989803075790405,0.00012454986335719287,
25.040069818496704,0.0001231426737721697,
25.090641498565674,0.00012114035858928895,
25.14067554473877,0.00011697466670473888,
25.190743446350098,0.00011158673105937655,
25.24087619781494,0.0001123334183351643,
25.291111707687378,0.00011376172440641374,
25.34124517440796,0.00010611944377814098,
25.391549587249756,0.00010823506271012695,
25.441590070724487,0.00010282276718398542,
25.49195623397827,0.000104439056960004,
25.54205822944641,0.00010339036443290928,
25.59214162826538,9.997317768067893e-05,
25.642358779907227,0.00010384693311799031,
25.69256591796875,9.804567762367045e-05,
25.742623329162598,9.49673962234443e-05,
25.792840242385864,9.66461480305103e-05,
25.842995643615723,9.185956139889928e-05,
25.893247365951538,8.929765616116914e-05,
25.943374633789062,9.229365872948092e-05,
25.995378494262695,8.638893458340346e-05,
26.04368233680725,8.719778817795065e-05,
26.093690395355225,8.438074701816456e-05,
26.143932580947876,8.470054037623687e-05,
26.19408416748047,8.029349485283443e-05,
26.24429965019226,8.269320431925076e-05,
26.294500827789307,8.376599850362654e-05,
26.3446044921875,8.338146593639406e-05,
26.394752025604248,9.76411238047814e-05,
26.44474482536316,0.0002562459546350815,
26.494914293289185,0.0002628754161330682,
26.545169830322266,0.0002638523695711603,
26.59540319442749,0.0002636826337945597,
26.64565110206604,0.00027229115871652,
26.695762634277344,0.00025801612876308333,
26.746083974838257,0.0002666871045107766,
26.796149492263794,0.0002635329285271548,
26.846303939819336,0.0002629683408706396,
26.896337270736694,0.0002514133113012962,
26.946499347686768,0.0002477227998419762,
26.99665594100952,0.00017523786545808884,
27.046813488006592,7.194015343003901e-05,
27.097094535827637,8.971101474208876e-05,
27.147166967391968,6.14359417983601e-05,
27.19735622406006,6.674804582779137e-05,
27.247454404830933,5.7313079605991746e-05,
27.29797053337097,4.9708562699979364e-05,
27.347745895385742,5.3219978980445504e-05,
27.398062229156494,5.339704433626746e-05,
27.448100328445435,5.060935470946326e-05,
27.4982590675354,4.524355016360948e-05,
27.548390865325928,4.7498768214859766e-05,
27.59853744506836,4.2482007632127505e-05,
27.64871096611023,4.6864250638822824e-05,
27.698873043060303,4.052841586255074e-05,
27.749056577682495,4.146952936401327e-05,
27.799267053604126,4.1577863895969625e-05,
27.84938406944275,3.785548664769767e-05,
27.899707078933716,4.166617422640684e-05,
27.949713945388794,3.802491493504201e-05,
27.999977111816406,3.610603541764901e-05,
28.050144910812378,4.049489657093064e-05,
28.10028052330017,4.832006457322624e-05,
28.150340795516968,0.00019450598095038796,
28.20050024986267,0.00023575957665927794,
28.250667095184326,0.0002277847583333492,
28.300809621810913,0.00023315554222719248,
28.351208925247192,0.00023663822931252465,
28.40125346183777,0.00022930601010473506,
28.451271772384644,0.00023330201731619482,
28.501384735107422,0.00022570081862732794,
28.551584720611572,0.00022544528793888574,
28.60161781311035,0.00022375663720536343,
28.651767253875732,0.0002256078196720135,
28.701929092407227,0.00022304202636025394,
28.752074241638184,0.00022490018250942434,
28.802228450775146,0.00022232608640126994,
28.852378606796265,0.00021982596610331528,
28.90254497528076,0.0002181318449020475,
28.952686071395874,0.0002148336681014329,
29.002832174301147,0.0002163450449567672,
29.053011655807495,0.00020933731033678793,
29.103148937225342,0.0002128748156489113,
29.15326237678528,0.0002098742607562487,
29.203540325164795,0.00020821858171010676,
29.253525972366333,0.00020462670739379574,
29.303749322891235,0.00020524774739638652,
29.353931427001953,0.00020147484496996215,
29.404072284698486,0.00020144134646110645,
29.45421600341797,0.0001982314996678003,
29.504490852355957,0.00020086209644398778,
29.554577827453613,0.0001948676163842089,
29.604827880859375,0.00019821889585508456,
29.65500283241272,0.00018934436919615383,
29.7050302028656,0.0001944490308645741,
29.75520086288452,0.00019428820108569056,
29.805270671844482,0.0002410574635821061,
29.855445384979248,0.00031331299865355877,
29.90556240081787,0.00018685955401698262,
29.955738067626953,0.00015941245097161882,
30.00587272644043,0.00014584159398900454,
30.05601453781128,0.00014835866048518165,
30.106034517288208,0.00014653010866860772,
30.156248807907104,0.00013501951041117177,
30.206403493881226,0.00013998386904534588,
30.256569862365723,0.00013861139641607734,
30.30670714378357,0.00013955603598336808,
30.35685133934021,0.00013504727824481533,
30.40701389312744,0.00013070150888266907,
30.45716142654419,0.00013035481869877463,
30.507259607315063,0.00013061084782139964,
30.557400465011597,0.00012707630296254768,
30.607577562332153,0.00012579437777604507,
30.657702684402466,0.0001253735388990762,
30.70779514312744,0.00012333027833250076,
30.757463455200195,0.00012189275954860301,
30.807763814926147,0.00011877682225469588,
30.85802984237671,0.00011670074236630468,
30.908166885375977,0.00012014209311778101,
30.95842719078064,0.0001191585011371954,
31.008651733398438,0.00011213083279332237,
31.058915853500366,0.00011313140396995713,
31.109076261520386,0.00010712822926339793,
31.15933060646057,0.00011006604425001232,
31.20943284034729,0.00011127254411769094,
31.259656190872192,0.00011200731680655052,
31.3099102973938,0.00014408360976375656,
31.360151767730713,0.0002927279885802103,
31.410212993621826,0.00027641971343728144,
31.46047043800354,0.00028003371941281996,
31.510563850402832,0.00027123491367225805,
31.56066632270813,0.00028757329666567744,
31.61093258857727,0.0002747802637794172,
31.66126012802124,0.0002721137241664118,
31.711277723312378,0.0002714240877986773,
31.76129698753357,0.00027194464742003044,
31.811628341674805,0.000271120446028561,
31.86186456680298,0.00026661583676523826,
31.91178560256958,0.0002687203330358212,
31.96207857131958,0.0002634994046059047,
32.01207399368286,0.0002564349594185167,
32.062350034713745,0.0002563277689838217,
32.1127290725708,0.00025874003624259956,
32.162694692611694,0.0002573241161304973,
32.21281623840332,0.00025527427268945413,
32.26286339759827,0.00025509159886139,
32.31318473815918,0.00025630666451570416,
32.3633930683136,0.00025113556381772817,
32.4134476184845,0.0002517999159069584,
32.463688135147095,0.00025075304820382227,
32.51368165016174,0.0002524372153398513,
32.56380772590637,0.0002516918398206003,
32.61396288871765,0.00034405224692340974,
32.66424751281738,0.00023931229893303652,
32.714396476745605,0.00018597431752492843,
32.76445174217224,0.00016114146178303201,
32.81476831436157,0.00014644984123474147,
32.86499810218811,0.0001420907679210437,
32.91518521308899,0.0001485730057680379,
32.96543025970459,0.0001389971413478519,
33.015851736068726,0.00014152853106730312,
33.06570315361023,0.0001340166206170168,
33.1157066822052,0.000134382197055527,
33.1659460067749,0.00013087129824501664,
33.21607041358948,0.0001292584505372396,
33.26622676849365,0.00012694742969882045,
33.31638550758362,0.00012859637882073338,
33.366554975509644,0.0001279056551935498,
33.416667222976685,0.0001249957560087167,
33.46682071685791,0.00012131494937872578,
33.51710391044617,0.00012288424230727513,
33.56729555130005,0.00011734263506951725,
33.61736583709717,0.00012030630938875131,
33.667662620544434,0.00011871673658719883,
33.71777868270874,0.00011663557439339778,
33.76800870895386,0.00011708009628508265,
33.8179349899292,0.0001191057181317845,
33.86814260482788,0.00015321553921399111,
33.91826939582825,0.00025699417666064095,
33.968701124191284,0.00025613924634221297,
34.01887822151184,0.0002522344444347291,
34.0690860748291,0.0002523138071828246,
34.119245529174805,0.00025951493578035834,
34.169506788253784,0.0002528425440086468,
34.21956777572632,0.0002513692786974553,
34.269962549209595,0.00024788977236073206,
34.320069789886475,0.00024763279548617456,
34.370325326919556,0.00024511200022936386,
34.4204363822937,0.00024590739499164016,
34.47057867050171,0.00024278141969041878,
34.520660161972046,0.0002381339074811195,
34.57102370262146,0.00023344933766206166,
34.62115287780762,0.00023245020578616105,
34.671345472335815,0.00023764195914166564,
34.72138857841492,0.00023101333565506144,
34.77167296409607,0.00023027971554995252,
34.82180070877075,0.00022674292539875962,
34.87202191352844,0.00022651086577568647,
34.92221641540527,0.00022498106611112956,
34.972469329833984,0.00022257930671504278,
35.022613763809204,0.00021814598635389038,
35.07287907600403,0.00021830880752632398,
35.123085498809814,0.00021705922650977483,
35.17325949668884,0.00021696161144851844,
35.22326111793518,0.00021291938360529228,
35.2732253074646,0.00020908553474030533,
35.32365107536316,0.0002118700683384489,
35.37389659881592,0.00021074925319358728,
35.42393112182617,0.00021126139391192122,
35.47408151626587,0.00021715609949879422,
35.52421450614929,0.0003340353261117035,
35.5743989944458,0.00021409758503970755,
35.624507665634155,0.00013130851461257143,
35.67472434043884,0.00011356112633503779,
35.7248740196228,0.00011919325162995653,
35.77494931221008,0.00010746328055238896,
35.82522177696228,0.00011015178481843524,
35.87530875205994,0.00010287876774106586,
35.92571973800659,9.934927284804829e-05,
35.9759316444397,0.00010036082663522627,
36.02607274055481,0.00010106408456872495,
36.076191425323486,0.0001016862160209131,
36.1265025138855,9.557255996783809e-05,
36.17667603492737,9.495020469113546e-05,
36.22685122489929,9.148592647278964e-05,
36.27711820602417,8.899185584304581e-05,
36.32726526260376,8.29686086138981e-05,
36.377458333969116,8.628988394510095e-05,
36.42765164375305,8.052346820014433e-05,
36.4777991771698,7.740096611646985e-05,
36.52773928642273,7.756661136748555e-05,
36.57816481590271,7.455173465892306e-05,
36.62814998626709,7.363994724352008e-05,
36.67849087715149,7.505774648647323e-05,
36.72855877876282,7.25268799239287e-05,
36.77942204475403,6.965338723707859e-05,
36.82891631126404,6.955225765614692e-05,
36.87897729873657,6.920974342000674e-05,
36.929373264312744,6.0349281775617936e-05,
36.97964811325073,6.201570549341229e-05,
37.02965688705444,6.494735960882458e-05,
37.079681634902954,6.284063426470476e-05,
37.12970161437988,6.27147655364868e-05,
37.179935455322266,7.903217797666784e-05,
37.2300922870636,0.0002461970496352994,
37.280235290527344,0.00024875255357137416,
37.33030939102173,0.0002486318260747078,
37.38049864768982,0.00024173590882659024,
37.43068337440491,0.0002482415712715125,
37.48096036911011,0.0002423799652449543,
37.53095459938049,0.0002473588487867384,
37.58111572265625,0.0002361767111166979,
37.63121509552002,0.00023678826257694796,
37.68132257461548,0.00023613142778539098,
37.73145890235901,0.00023375890750315653,
37.781665086746216,0.00023100833250772057,
37.83187413215637,0.00022748178000731034,
37.88215136528015,0.00023055750748773862,
37.932202100753784,0.00022157199558231477,
37.98232078552246,0.00021890177589256599,
38.03253531455994,0.0002166380539617152,
38.082627058029175,0.00021686733200665387,
38.13274669647217,0.00021276054350066742,
38.1829776763916,0.00021422294164696876,
38.23305940628052,0.000208632073125381,
38.28318524360657,0.00020655045474887723,
38.33332705497742,0.00020266385531747533,
38.383620500564575,0.00019706399795588192,
38.43365669250488,0.00019254224004072729,
38.48362469673157,0.00018367758534459933,
38.53365993499756,0.00010931799646540785,
38.583627462387085,-5.934560805798128e-05,
38.63371014595032,-6.017156804494217e-05,
38.68375611305237,3.5254799290562744e-05,
38.733949184417725,9.196173698899912e-05,
38.78426003456116,7.82282546141766e-05,
38.834423542022705,9.827459774036651e-05,
38.88439583778381,7.264779437432534e-05,
38.934632301330566,8.916066243402909e-05,
38.984543323516846,8.304847085249811e-05,
39.034780740737915,7.872081371546047e-05,
39.08512616157532,7.645584385540527e-05,
39.13513946533203,7.587760343802374e-05,
39.1852171421051,7.666843885845154e-05,
39.23546576499939,6.657086736022721e-05,
39.285616397857666,6.955668721153607e-05,
39.33591270446777,6.875967407615757e-05,
39.38607382774353,6.544414472964277e-05,
39.43606448173523,6.0800196723498345e-05,
39.486204862594604,5.9075247103135275e-05,
39.53637146949768,5.7882568760769804e-05,
39.58655643463135,5.433208068639228e-05,
39.63673734664917,5.254709376045774e-05,
39.68692994117737,5.065355153716089e-05,
39.737146854400635,5.468684409337676e-05,
39.78721237182617,5.142042514849621e-05,
39.83740043640137,4.487565456734455e-05,
39.8879189491272,3.903457867349136e-05,
39.938233375549316,4.3095681869997904e-05,
39.98805475234985,3.6992204723473865e-05,
40.03829097747803,3.317299054439449e-05,
40.088406562805176,3.337680912052221e-05,
40.13864493370056,4.245313705869558e-05,
40.188881397247314,0.00017127722053267291,
40.23895001411438,0.00024173308797431625,
40.28924107551575,0.00023545154618381803,
40.33935236930847,0.0002456129194929879,
40.3895845413208,0.0002372735217680555,
40.43968844413757,0.00023441329377466014,
40.489816427230835,0.00023530917498920667,
40.539796590805054,0.00022711246549961261,
40.589970111846924,0.00023213912521735658,
40.64019560813904,0.00022548694042606732,
40.690340518951416,0.00022552438478368186,
40.74029779434204,0.0002215850298067923,
40.790597677230835,0.0002191556720727572,
40.8404324054718,0.00021406698755721543,
40.89041233062744,0.00021332186214334525,
40.940552711486816,0.0002112170784961953,
40.990591526031494,0.00021016143513763463,
41.041022300720215,0.0002120748141807849,
41.09133768081665,0.00020751295469462194,
41.14131283760071,0.00020193014330333048,
41.19168663024902,0.00019918661371493007,
41.24155569076538,0.00020172157461878504,
41.29157543182373,0.00019676304050447735,
41.34193396568298,0.00019240136978515565,
41.392204999923706,0.00019027106992691722,
41.44235849380493,0.00018684440176930384,
41.49251937866211,0.0001885672501650837,
41.54258728027344,0.0001895881036042546,
41.592700242996216,0.00018486732180000853,
41.642844676971436,0.00018114596756624302,
41.69312524795532,0.0001807133753503054,
41.743210554122925,0.0001765028797595658,
41.7935004234314,0.0001731841376091392,
41.8437237739563,0.00017236599027131705,
41.8936972618103,0.00017271057488316144,
41.943509340286255,0.00016588172945458668,
41.99382734298706,0.00016837625533538958,
42.043996810913086,0.00017248884529469377,
42.09428262710571,0.00017919419355266752,
42.14438772201538,0.00035877440842285724,
42.1945538520813,0.00016754908374067012,
42.24465751647949,0.00010604150353371589,
42.29455876350403,8.517079034842112e-05,
42.344547748565674,8.348905124577755e-05,
42.395018339157104,6.815544960397935e-05,
42.44523215293884,7.355063873948353e-05,
42.4952495098114,6.7236071748078e-05,
42.54543852806091,6.526608562884562e-05,
42.59529137611389,6.284773060338811e-05,
42.64526152610779,5.8260875666071854e-05,
42.69566106796265,5.548610524236386e-05,
42.74556088447571,4.799868278237973e-05,
42.79587697982788,4.7590813049891434e-05,
42.84582495689392,4.40552605858735e-05,
42.896047592163086,4.230255083803591e-05,
42.94599103927612,3.963129198170101e-05,
42.996610164642334,3.4184897503952705e-05,
43.04673218727112,3.5685429927379e-05,
43.09711194038391,2.9678487262485564e-05,
43.14729309082031,2.7717015513684107e-05,
43.197452783584595,2.918844928467834e-05,
43.24755072593689,2.472763796429467e-05,
43.29769706726074,2.5876806129920826e-05,
43.34787607192993,1.790486822395021e-05,
43.39810752868652,1.8414369497843364e-05,
43.448190450668335,1.2030059835521634e-05,
43.49846053123474,7.826343013273007e-06,
43.5485303401947,8.217123963538686e-06,
43.59879660606384,9.602801588848298e-06,
43.64885997772217,8.576652237246574e-06,
43.69896960258484,4.301768505743375e-06,
43.749260902404785,1.7576504952598881e-06,
43.79958772659302,2.8036446528267867e-06,
43.84972405433655,7.3985126898268305e-06,
43.90004372596741,0.00015887180305212967,
43.950265884399414,0.00019223758341185837,
44.0006947517395,0.00017820568346310628,
44.0508017539978,0.00019110056283805354,
44.10099172592163,0.00018824355381480418,
44.151158809661865,0.00018618044553564417,
44.20134973526001,0.00018500302101215338,
44.2517774105072,0.00018220773601612672,
44.30151700973511,0.0001835387396419419,
44.35162973403931,0.00017443097526220752,
44.40178871154785,0.00017686256222659846,
44.45194220542908,0.0001711009536186081,
44.502026081085205,0.0001730339020157845,
44.55218052864075,0.00017096914445324796,
44.60233402252197,0.0001657944171269965,
44.65267610549927,0.00015954282714264467,
44.70283889770508,0.00015811198807624827,
44.75315594673157,0.00015308277647818613,
44.8033492565155,0.00015535899875329662,
44.853495597839355,0.00014985197451322652,
44.903804063797,0.00014574399744060607,
44.95386075973511,0.00014458523510008092,
45.00414490699768,0.000146250393971592,
45.05428504943848,0.00014270842646246784,
45.10457897186279,0.00013767041200407615,
45.154635429382324,0.00013624846295490212,
45.20483613014221,0.00013223924240746143,
45.254985094070435,0.00013370791663780413,
45.305230140686035,0.00012502374224887536,
45.355374336242676,0.0001296814241056321,
45.40524888038635,0.00013145391152968866,
45.45572853088379,0.00019657621399254976,
45.5057647228241,8.442573299805023e-05,
45.555803298950195,4.432959337058451e-05,
45.60607314109802,1.4445910887617153e-05,
45.65617847442627,1.1510297867389774e-05,
45.70635628700256,-1.082022109022418e-06,
45.75639009475708,7.996267012422287e-07,
45.806663274765015,-8.723342798500067e-06,
45.85672903060913,-1.251434390187045e-05,
45.90695858001709,-7.678813717659771e-06,
45.95708656311035,-1.382941454686204e-05,
46.00731086730957,-1.6632299710217513e-05,
46.057233810424805,-1.7672225193554603e-05,
46.1075758934021,-2.2246926078606233e-05,
46.157782316207886,-2.1845481926741073e-05,
46.20786666870117,-2.968901922001388e-05,
46.25788712501526,-3.640357030371133e-05,
46.30822730064392,-3.344299428947872e-05,
46.35851573944092,-3.801457809526898e-05,
46.408649921417236,-3.91315057052255e-05,
46.4587242603302,-3.995042668469839e-05,
46.5086886882782,-4.2176532432547376e-05,
46.55886483192444,-4.0394332530446775e-05,
46.60901379585266,-4.591652156660242e-05,
46.65914511680603,-4.634740810349758e-05,
46.70929980278015,-5.012516129543343e-05,
46.7596001625061,-5.300410057507143e-05,
46.8096067905426,-5.101467843038332e-05,
46.85976791381836,-5.275947309985041e-05,
46.90991926193237,-2.7574786456097122e-05,
46.96007037162781,0.00013672489386407083,
47.010266065597534,0.00012923436366157892,
47.060402393341064,0.00013088553249451795,
47.110568046569824,0.00013018892840505059,
47.160715103149414,0.0001292537186314835,
47.21086144447327,0.00012177582914785212,
47.260947942733765,0.00012449147438181596,
47.31116271018982,0.00011474277583828352,
47.3613166809082,0.00011689172711493168,
47.41160488128662,0.00011021151225970582,
47.46181607246399,0.00010478284366294277,
47.51201677322388,0.00010647684668790847,
47.56218671798706,0.00010250871579342569,
47.61227583885193,9.96929463881191e-05,
47.662150382995605,9.267858918454719e-05,
47.71251034736633,9.254739149211488e-05,
47.762805461883545,8.859866449317799e-05,
47.812968730926514,8.775624947471306e-05,
47.86312794685364,8.377904119671875e-05,
47.913403034210205,8.26203007052162e-05,
47.96366810798645,8.218808881593764e-05,
48.013816833496094,7.544079166954543e-05,
48.063884258270264,7.157368439464351e-05,
48.11411142349243,7.059952557703086e-05,
48.164228677749634,6.837687861266373e-05,
48.21434164047241,6.774990321584129e-05,
48.26452565193176,5.87597485864344e-05,
48.31479024887085,5.929836948193046e-05,
48.36489176750183,5.921148134147014e-05,
48.4151713848114,5.1207338804870606e-05,
48.46519923210144,5.598766864561844e-05,
48.51545453071594,4.973349126974336e-05,
48.56556415557861,4.541365249677298e-05,
48.61574339866638,4.210615329802714e-05,
48.66594052314758,4.347546011101988e-05,
48.71608829498291,4.122253503441309e-05,
48.766263008117676,0.00013156628264898718,
48.81638789176941,9.723119046051165e-05,
48.86660027503967,-1.326812791252463e-05,
48.91675138473511,-8.635114064348137e-07,
48.966933727264404,-3.084731933183926e-05,
49.017005443573,-3.514545310517869e-05,
49.06720757484436,-3.624736642382498e-05,
49.11750769615173,-3.817935650474169e-05,
49.16758155822754,-4.413819653104056e-05,
49.21767854690552,-4.6766419941335347e-05,
49.2678656578064,-5.377966893804764e-05,
49.318196535110474,-5.3518937493057805e-05,
49.36826419830322,-5.5048463180051854e-05,
49.41850161552429,-5.9475701017830396e-05,
49.46861529350281,-6.571052405063282e-05,
49.51891827583313,-6.874705159831684e-05,
49.56907415390015,-7.35038144697997e-05,
49.61915040016174,-7.284055183998106e-05,
49.66920614242554,-7.474863925471809e-05,
49.71941614151001,-7.961101507297785e-05,
49.76962614059448,-8.270334253007716e-05,
49.81995463371277,-8.779237453676592e-05,
49.870033740997314,-9.03037797834183e-05,
49.920305252075195,-9.508909502975449e-05,
49.970458984375,-9.835346682018908e-05,
50.020615100860596,-0.00010355396641315018,
50.070801973342896,-0.00010078472100416569,
50.121111154556274,-0.00010254435862033784,
50.171212911605835,-0.00010580908264840039,
50.22131276130676,-0.00011172482392879379,
50.2713577747345,-0.00011176600234197309,
50.32158851623535,-0.00011722956034176946,
50.37189769744873,-0.00011373797551117448,
50.42210865020752,-9.818545507550569e-05,
50.47206687927246,3.872644378477563e-05,
50.522385358810425,5.1442201064344495e-05,
50.57229471206665,5.562910615569683e-05,
50.622485399246216,5.211492478229829e-05,
50.672619342803955,5.349667396969959e-05,
50.72291541099548,4.5793125199755647e-05,
50.773022413253784,4.830373633524232e-05,
50.82319188117981,3.874945111059791e-05,
50.87324285507202,4.165215987805837e-05,
50.92364811897278,3.72305930873007e-05,
50.97359657287598,3.521590294408572e-05,
51.02402710914612,2.6280193911487615e-05,
51.07408905029297,2.7775012468089777e-05,
51.124337673187256,1.9721672146755242e-05,
51.17445135116577,2.008642706097241e-05,
51.22460579872131,1.5643232654793948e-05,
51.274731397628784,1.6828034044014117e-05,
51.32508087158203,1.1382667776671518e-05,
51.3751802444458,5.885625900203806e-06,
51.42529797554016,4.302150657053971e-06,
51.47550940513611,-2.549531820550399e-06,
51.5255184173584,-5.083743598699453e-06,
51.57596158981323,-8.339566209658589e-06,
51.62621521949768,-8.395862579169133e-06,
51.67625308036804,-1.2616493530126505e-05,
51.72632694244385,-1.4255838926113817e-05,
51.776596546173096,-1.868764892010155e-05,
51.82679533958435,-2.2787533554613493e-05,
51.87688994407654,-2.858729050686515e-05,
51.92715072631836,-3.0884976027600874e-05,
51.977248668670654,-3.8155242071236106e-05,
52.027596950531006,-4.154732234357139e-05,
52.07760763168335,-0.00010095143313759714,
52.127894163131714,-0.00015028017074797395,
52.178144454956055,-0.00015799568800822783,
52.22825837135315,-0.0001720032059093768,
52.27842092514038,-0.0001994993024158065,
52.32864999771118,-0.000186574415645957,
52.37884759902954,-0.000194472877416918,
52.42909622192383,-0.00019855392101825187,
52.47914409637451,-0.00019854077444697582,
52.529226779937744,-0.00020006300054348225,
52.57948327064514,-0.00020681986728787738,
52.62960958480835,-0.00020647146144414652,
52.67981696128845,-0.00020864631214206897,
52.72990083694458,-0.0002171433407573975,
52.77998352050781,-0.0002158196746518959,
52.830352544784546,-0.0002217259861198584,
52.880481004714966,-0.00022321283204579379,
52.93076467514038,-0.00023008093853860156,
52.98076629638672,-0.00023069346253712375,
53.03090310096741,-0.00023577992504142387,
53.081053256988525,-0.00023547799169010286,
53.13132953643799,-0.00024087372460207535,
53.18158936500549,-0.0002485530927456847,
53.231616258621216,-0.00024365838097450965,
53.28160047531128,-0.0002460525300837513,
53.331969261169434,-0.0002552722726152923,
53.38225293159485,-0.0002554969412654762,
53.4323890209198,-0.0002614717772290165,
53.482627630233765,-0.00026238434974623637,
53.532872676849365,-0.00026596460608113714,
53.58315443992615,-0.0002692668319190794,
53.63338780403137,-0.00027148767068013724,
53.68346571922302,-0.00027216840772398276,
53.73353052139282,-0.00027360918515356714,
53.7838191986084,-0.0002748969201525897,
53.83394002914429,-0.0002388396248128588,
53.884127616882324,-9.087990952505454e-05,
53.93421530723572,-8.551591788652502e-05,
53.984440326690674,-8.067784027637748e-05,
54.03424525260925,-8.893735705078898e-05,
54.084874868392944,-8.804877625001595e-05,
54.135000467300415,-9.338566920485958e-05,
54.1852011680603,-9.050932410625823e-05,
54.235357999801636,-9.664976570616934e-05,
54.28541159629822,-9.895943602578061e-05,
54.335676431655884,-0.00010396608639401395,
54.38581442832947,-0.00010835006764153832,
54.43605303764343,-0.00011359694236223739,
54.48620390892029,-0.00010759544223015727,
54.53622364997864,-0.00011562777090656784,
54.58646631240845,-0.00012104175301697051,
54.63657546043396,-0.0001246604975626564,
54.686832666397095,-0.00012725890140535823,
54.73702049255371,-0.0001355286124106736,
54.78724908828735,-0.00013691557249023711,
54.83733773231506,-0.00014379032296280014,
54.887614011764526,-0.0001555235703016855,
54.937965631484985,-0.000302874471665604,
54.987990617752075,-0.0004021805971437531,
55.03821039199829,-0.0003869761435701946,
55.08829045295715,-0.00041050648290352765,
55.138630867004395,-0.00041043411165708754,
55.18872690200806,-0.0004107761209053984,
55.23899579048157,-0.0004146209258548139,
55.2890350818634,-0.00035313657135477294,
55.33946418762207,-0.00023772795505638822,
55.38944482803345,-0.0002519717349518946,
55.4398889541626,-0.00024130031304997468,
55.48992395401001,-0.00025581711180178157,
55.539997816085815,-0.00024541843011355313,
55.59012198448181,-0.00025551068122386944,
55.64023971557617,-0.0002562705989317404,
55.69036102294922,-0.00025935978784386027,
55.74055767059326,-0.00026250701852342795,
55.7905707359314,-0.00027023201655618223,
55.84070563316345,-0.00027021406063981734,
55.890878200531006,-0.0002745929905519362,
55.941038608551025,-0.0002818421771993429,
55.991169929504395,-0.0002824589694979118,
56.04135060310364,-0.00028899467560761227,
56.09173822402954,-0.00028797850129852476,
56.14181184768677,-0.0002896155258135802,
56.19205093383789,-0.000294127729582927,
56.24217915534973,-0.00030023136780016335,
56.29214954376221,-0.000303142568906567,
56.342302083969116,-0.00030716469920116785,
56.39247703552246,-0.00030943103092245794,
56.44269871711731,-0.00031921691733916013,
56.4927442073822,-0.0003164816393423364,
56.54283809661865,-0.00031601426064042926,
56.593053579330444,-0.00032442304527829924,
56.6431839466095,-0.0003251926392416893,
56.69327425956726,-0.0003283136083006566,
56.74353265762329,-0.0003309237518138164,
56.79359412193298,-0.000338978783821553,
56.84391641616821,-0.0003366259491249246,
56.89418625831604,-0.000340730300255776,
56.9445743560791,-0.00033032958363948817,
56.994497299194336,-0.00021683775847552988,
57.0447256565094,-0.00014740769781695917,
57.09488296508789,-0.00015695448415525837,
57.14521074295044,-0.00014669257276217484,
57.195284366607666,-0.0001501108632867565,
57.24543833732605,-0.0001617857012640722,
57.29564189910889,-0.0001616381812983292,
57.34578323364258,-0.00016547750145406992,
57.39600348472595,-0.00016462479187429047,
57.446277379989624,-0.00017490215379306617,
57.49622368812561,-0.0001727371411207046,
57.54633712768555,-0.00018024844325004175,
57.59649467468262,-0.00018246786563713702,
57.646652936935425,-0.00018610579066824506,
57.696842193603516,-0.00018548663948975141,
57.746965408325195,-0.0001922494370141803,
57.79710817337036,-0.00020154159050694842,
57.84728455543518,-0.00019813440270599614,
57.897347927093506,-0.00020192402865792936,
57.947505474090576,-0.00020594831797521307,
57.99769926071167,-0.0002110805537603455,
58.04786419868469,-0.00021406606647256243,
58.098005533218384,-0.00021697672974207993,
58.14815711975098,-0.00022167878131373886,
58.198298931121826,-0.00022652743233853023,
58.24845242500305,-0.000225587642160463,
58.298593282699585,-0.00023173353289662746,
58.34867238998413,-0.00023369546320461954,
58.398844957351685,-0.00023903440990080682,
58.44924187660217,-0.00024211992086298206,
58.4992835521698,-0.00024277865271554733,
58.54932880401611,-0.0002422560066473456,
58.59969139099121,-0.00024734816292726336,
58.64990830421448,-0.00024726310652534167,
58.69990563392639,-0.0002299251875352848,
58.74999499320984,-0.00019543897141599542,
58.80010223388672,-0.00031911151507468816,
58.850417375564575,-0.0003251560665560871,
58.90056777000427,-0.0003517485052013103,
58.950653314590454,-0.00034595190074809823,
59.00082874298096,-0.00035915085773918776,
59.051042795181274,-0.0003624293803311529,
59.10123538970947,-0.0003673078249829542,
59.15139698982239,-0.000367604092878282,
59.20153832435608,-0.0003720539849493276,
59.25171160697937,-0.00037817853878979735,
59.30198073387146,-0.0003834187276129386,
59.35211515426636,-0.00038917986099723523,
59.402291774749756,-0.0003914928750599067,
59.452369689941406,-0.0003943901013586659,
59.502572774887085,-0.0003981370782830673,
59.552695751190186,-0.00040150448735687405,
59.60287022590637,-0.0004055918656599711,
59.653162479400635,-0.0004097930166537811,
59.70328092575073,-0.0004152599450810701,
59.75333070755005,-0.0004234629794617195,
59.80347728729248,-0.0004219256411148731,
59.85374879837036,-0.0004227448571478276,
59.903937101364136,-0.00043004218739489675,
59.95410919189453,-0.00042924249126419234,
60.00421357154846,-0.00044088553025006805,
60.05443835258484,-0.0004366473317352071,
60.104576110839844,-0.0004462720375963958,
60.15464377403259,-0.0004494427748750196,
60.204885959625244,-0.00045222472273459546,
60.25512886047363,-0.0004574596370910955,
60.30535578727722,-0.00045520786544583913,
60.35592818260193,-0.0004568773024303807,
60.40565347671509,-0.0004654297283573361,
60.45605516433716,-0.00046728085768998895,
60.506062269210815,-0.0004685909717981329,
60.55610013008118,-0.0004640615207307519,
60.60625672340393,-0.00035030248025780253,
60.65644025802612,-0.0002783216481712647,
60.70652532577515,-0.00027428031578641265,
60.756702184677124,-0.00026408400723648695,
60.80684041976929,-0.000284498135691702,
60.857025384902954,-0.000278570786697685,
60.90714192390442,-0.0002865098751019257,
60.957348585128784,-0.0002895524630485702,
61.007487058639526,-0.0002941322301704963,
61.05758571624756,-0.00030050067534231895,
61.10764026641846,-0.0003017343684464935,
61.15785360336304,-0.00031001139849629045,
61.20800304412842,-0.0003120012447925258,
61.2583270072937,-0.00031881481308804194,
61.30862903594971,-0.00031667661291301386,
61.35890436172485,-0.00032031541844607103,
61.40906095504761,-0.0003220547117758765,
61.45932936668396,-0.0003307561653969615,
61.509223222732544,-0.0003362275836640283,
61.55950164794922,-0.000340636670915051,
61.609458684921265,-0.00035366285491172933,
61.65996193885803,-0.0004988725298466501,
61.70994830131531,-0.0005991316519770584,
61.75997304916382,-0.000613713064887722,
61.810168981552124,-0.000641485338617076,
61.860512256622314,-0.0006435918104555904,
61.91062879562378,-0.0006459690991866829,
61.960782051086426,-0.0006510519513577839,
62.01097559928894,-0.0006505905949053536,
62.061182498931885,-0.0006550286121544957,
62.11140704154968,-0.0006532763253159213,
62.16154193878174,-0.0005912286179583504,
62.211819648742676,-0.0004778130775134337,
62.26217246055603,-0.0004930490835185486,
62.312159299850464,-0.0004902819050991991,
62.36231756210327,-0.0004979625230713824,
62.41232705116272,-0.0004896215253206715,
62.46258997917175,-0.0005036345697266853,
62.51260566711426,-0.0005030573367585389,
62.56291198730469,-0.0005057427265362513,
62.61301016807556,-0.0005092047152073231,
62.663228034973145,-0.0005149015797555889,
62.713268756866455,-0.0005197259135419907,
62.76349449157715,-0.0005195877475134836,
62.81357169151306,-0.0005273180602943794,
62.86381649971008,-0.0005264938367387506,
62.914023876190186,-0.0005343220973908491,
62.96417808532715,-0.0005337798505831159,
63.01423358917236,-0.000540132115502634,
63.06443428993225,-0.0005450490542329711,
63.114686012268066,-0.000550744444989093,
63.16488480567932,-0.0005452362179357295,
63.21496605873108,-0.0005509355836028629,
63.265175104141235,-0.0005576977627791968,
63.31540298461914,-0.0005653830370626056,
63.36559534072876,-0.0005641007120466557,
63.415862798690796,-0.0005663893094794425,
63.465930223464966,-0.0005706429958358683,
63.51584792137146,-0.0005777298739982339,
63.56624174118042,-0.0005778576667101465,
63.616288900375366,-0.000577932085546351,
63.6665678024292,-0.0005891215633201385,
63.71662259101868,-0.0005848350792574397,
63.76666617393494,-0.0005913535755972532,
63.81690788269043,-0.0005888428548560531,
63.86676597595215,-0.0005371406866713224,
63.916969299316406,-0.0004148417489287515,
63.967325925827026,-0.0004015609253238961,
64.01728701591492,-0.00041063027099258465,
64.06764698028564,-0.00041456671716549875,
64.11773347854614,-0.00040949433111275857,
64.16799855232239,-0.0004206107542646387,
64.21799087524414,-0.00042232857802632084,
64.26816582679749,-0.0004285631093426945,
64.31821084022522,-0.0004273083089671448,
64.36840534210205,-0.00045264522914412186,
64.41862869262695,-0.0006250838435941097,
64.46883893013,-0.0006771826960396132,
64.51892066001892,-0.0007134909842399506,
64.56905555725098,-0.0007218055990821926,
64.61915564537048,-0.0007356083033744909,
64.66929507255554,-0.0007343790340104128,
64.71919798851013,-0.0007410216247002444,
64.76931881904602,-0.0007439714617208937,
64.8194682598114,-0.000751501107979613,
64.86985731124878,-0.000753372987930101,
64.92013478279114,-0.0007584800153901394,
64.97029519081116,-0.0007624259271611922,
65.02037334442139,-0.0007684464521744983,
65.07047033309937,-0.0007710066393216142,
65.1207377910614,-0.0007719899291481758,
65.17076897621155,-0.0007814840747471519,
65.22094416618347,-0.0007820680195513297,
65.27101850509644,-0.0007836133741729867,
65.3209068775177,-0.0007890538967216254,
65.3709819316864,-0.0007964066698264993,
65.421315908432,-0.0008046554142663309,
65.4715416431427,-0.000805112109868722,
65.52154684066772,-0.0008014130496641347,
65.57174825668335,-0.000805521273767762,
65.6217246055603,-0.0008072727972493476,
65.67168831825256,-0.0007978203108464643,
65.72177720069885,-0.0006269805328899536,
65.77182102203369,-0.0006112536379640487,
65.8220329284668,-0.0006133388561139763,
65.87211060523987,-0.0005969063567538013,
65.92210030555725,-0.0006137502026914987,
65.97204256057739,-0.0006199377779037007,
66.02273774147034,-0.0006192722046144961,
66.07295632362366,-0.0006280019352639665,
66.12316060066223,-0.0006237611878997518,
66.17330646514893,-0.0006375133173065484,
66.22353076934814,-0.000633479459091979,
66.27368068695068,-0.0006453338218873061,
66.32392263412476,-0.0006460942149533189,
66.37403011322021,-0.0006492065749183484,
66.42418265342712,-0.0006549321209575187,
66.47430729866028,-0.0006617461212567455,
66.52442908287048,-0.0006635458421351825,
66.5746967792511,-0.0006631901052616684,
66.62488102912903,-0.000673723996519493,
66.67509579658508,-0.0006763547411224868,
66.72510409355164,-0.0006803178093793272,
66.77531576156616,-0.0006819354747445994,
66.82528185844421,-0.000690084087704268,
66.875727891922,-0.0006933611513438853,
66.9258222579956,-0.0007005371704351115,
66.97580552101135,-0.0007100593076235784,
67.02599239349365,-0.0007822864423598364,
67.0761570930481,-0.0009310775663323168,
67.12641549110413,-0.0009392601976517256,
67.17663335800171,-0.0009641154840921984,
67.22675490379333,-0.0009568286287469085,
67.2769103050232,-0.000962256587836996,
67.32710075378418,-0.0008280939367583673,
67.37746620178223,-0.0007786588178588794,
67.42752242088318,-0.0007769113801607275,
67.47757148742676,-0.0007740395286698343,
67.52766466140747,-0.0007790712906222685,
67.5781798362732,-0.000788748053778654,
67.6281509399414,-0.0007870071545805768,
67.67833590507507,-0.0007942098216904836,
67.72838115692139,-0.0007953987535467277,
67.77849340438843,-0.0008048128654338238,
67.82882046699524,-0.0007990655269233815,
67.87910461425781,-0.0008114324519246652,
67.92919182777405,-0.0008133575959887729,
67.97938656806946,-0.0008236513325858841,
68.0295934677124,-0.0008235088512999478,
68.07985997200012,-0.0008262046401452672,
68.1299340724945,-0.000829907321933776,
68.18019509315491,-0.0008303829568225285,
68.23028993606567,-0.0008391394246040074,
68.28043150901794,-0.0008438847377018055,
68.33065867424011,-0.0008498877096437263,
68.38089561462402,-0.0008532392429652647,
68.4310986995697,-0.0008558429805553547,
68.48123598098755,-0.0008617348975566985,
68.53143310546875,-0.0008632876592840066,
68.58139324188232,-0.0008639344435933949,
68.63176488876343,-0.0008737137707329756,
68.68199491500854,-0.0008745710850696087,
68.73212122917175,-0.0008818379141737887,
68.78216600418091,-0.0008838212915228127,
68.83229112625122,-0.0008845088579400029,
68.88254570960999,-0.0008911161808062285,
68.9327244758606,-0.0008959890661320302,
68.98274564743042,-0.00089611935346956,
69.03294491767883,-0.0008952481753520258,
69.08318138122559,-0.0008050717891063264,
69.13344430923462,-0.0006897497095224581,
69.18375301361084,-0.0006966611096698716,
69.23373699188232,-0.000686409242497299,
69.28376960754395,-0.0007089814924179372,
69.33390069007874,-0.0007047504230521806,
69.38394093513489,-0.000711406929357894,
69.43414115905762,-0.0007139873154071719,
69.48431086540222,-0.0007202318028722288,
69.53454637527466,-0.0007224026422416596,
69.58473491668701,-0.0007279294204207143,
69.63499045372009,-0.0007324742286671793,
69.68502855300903,-0.0007413770461156544,
69.73506164550781,-0.0007431493929747068,
69.7853536605835,-0.000751310869656685,
69.83550190925598,-0.0007773824113300187,
69.88558101654053,-0.0009557338695853623,
69.93571019172668,-0.0010174389224638092,
69.98578929901123,-0.0010204849436665775,
70.0359673500061,-0.0010299096771169136,
70.0859923362732,-0.001043858897294525,
70.13606905937195,-0.0010417900675753766,
70.18617725372314,-0.0010442318270624251,
70.23628234863281,-0.001049605597430503,
70.28637933731079,-0.0010555628704456144,
70.33653330802917,-0.0010606206056598122,
70.38670110702515,-0.0010668895117576516,
70.4368827342987,-0.001065630243131166,
70.4872145652771,-0.0010773199674816714,
70.53722357749939,-0.0010769558902520293,
70.58733940124512,-0.0010819749941462509,
70.63734173774719,-0.0010909778137169757,
70.68755221366882,-0.001089460926597674,
70.73771905899048,-0.0010947360574852238,
70.7876443862915,-0.001092925215410212,
70.8376476764679,-0.0010962118054295145,
70.88789224624634,-0.001099069736713254,
70.9378433227539,-0.0011004647770181397,
70.98816537857056,-0.0009518372555902821,
71.03837442398071,-0.0008940227239835896,
71.0885169506073,-0.0009146385511794031,
71.1387152671814,-0.0009011651099873896,
71.1888816356659,-0.0009199445965741293,
71.23902869224548,-0.0009167207371009178,
71.28925800323486,-0.0009171466894377645,
71.33939480781555,-0.0009237401715865845,
71.38947987556458,-0.0009306869299646192,
71.43964982032776,-0.0009313380522883441,
71.48978686332703,-0.0009386869859789315,
71.53993821144104,-0.0009468465115319291,
71.59001588821411,-0.0009442255147373291,
71.64037227630615,-0.0009545848405539958,
71.69055771827698,-0.0009551550086310812,
71.74066829681396,-0.0009636410003738827,
71.79079127311707,-0.0009660392168239218,
71.84110236167908,-0.0009702717744194955,
71.89122462272644,-0.0009737963951723105,
71.94138884544373,-0.0009774342835937033,
71.99150657653809,-0.0009825534691180748,
72.04179692268372,-0.0009829439498019732,
72.091970205307,-0.0009896317423111478,
72.14213347434998,-0.0009948240288263355,
72.192147731781,-0.0010026435954285096,
72.242267370224,-0.001004312699140475,
72.29235482215881,-0.0010084730404667508,
72.34253692626953,-0.0010087529656539473,
72.39264583587646,-0.0010109448661843046,
72.44291543960571,-0.0010107747985710902,
72.49304723739624,-0.0010071311152192175,
72.54312086105347,-0.0008494280326582504,
72.5932867527008,-0.0008371566249279483,
72.64342832565308,-0.000845996611040345,
72.69357895851135,-0.0008565496594797328,
72.74380683898926,-0.000962999265075648,
72.79366326332092,-0.0010883112792587357,
72.84409379959106,-0.001084887231476206,
72.8942801952362,-0.0011174871661618901,
72.94454097747803,-0.001114094082892314,
72.99462270736694,-0.0011212831235108967,
73.04491782188416,-0.0011244346457264243,
73.09514498710632,-0.001130583892377357,
73.14524722099304,-0.0011333623281771232,
73.19542694091797,-0.0011415407017545398,
73.24541473388672,-0.0011481419492474498,
73.2956759929657,-0.0011520041809504056,
73.34596705436707,-0.0011592406537671018,
73.39610886573792,-0.0011614974882110385,
73.44627594947815,-0.0011633957336185663,
73.49646401405334,-0.0011738477129435432,
73.54658484458923,-0.0011774020661943219,
73.59677982330322,-0.0011808924574795432,
73.64708042144775,-0.0011874092631539712,
73.6971709728241,-0.0011857587563057215,
73.74733781814575,-0.0011951859048335844,
73.79754877090454,-0.0012025810366609324,
73.84777045249939,-0.0012056732164374973,
73.89788365364075,-0.0012086276915976302,
73.94808626174927,-0.0012090400856621941,
73.99817752838135,-0.0012143446187704576,
74.04829263687134,-0.0012141307942681312,
74.09842991828918,-0.0012058423289892928,
74.14848041534424,-0.001036041969846524,
74.1986927986145,-0.0010267996272224633,
74.24884510040283,-0.0010390579808752243,
74.29900979995728,-0.0010366762987242817,
74.3492443561554,-0.0010380127309374543,
74.3994665145874,-0.0010489198009652756,
74.4497275352478,-0.0010547354839910428,
74.49974489212036,-0.00105510261224806,
74.55000591278076,-0.0010557775126310842,
74.60012555122375,-0.0010656962951027804,
74.65043139457703,-0.0010653758187770812,
74.70024299621582,-0.0010735468407732651,
74.75063920021057,-0.001077149295797053,
74.80059003829956,-0.001081495936967658,
74.85076379776001,-0.0010867342519580436,
74.90109062194824,-0.001093408248757921,
74.95133590698242,-0.0010941927475365265,
75.00154376029968,-0.001101329287950481,
75.0517349243164,-0.001105237424642136,
75.10190773010254,-0.001107854606709091,
75.15209889411926,-0.0011190390660810734,
75.20231771469116,-0.0011231865083699,
75.2524197101593,-0.0011279601876588163,
75.30262994766235,-0.0011353420281243198,
75.35290241241455,-0.0011325664322429652,
75.40309643745422,-0.001137181761986794,
75.45328116416931,-0.001140262126497149,
75.50341129302979,-0.0011475750827876774,
75.55348539352417,-0.0011533345838101727,
75.60375881195068,-0.0011570585288042667,
75.65393137931824,-0.0011595441320894073,
75.70411229133606,-0.0011900289353181104,
75.75427031517029,-0.0012201278102245694,
75.80452990531921,-0.0012075261757762967,
75.85482168197632,-0.001237776410766056,
75.90507078170776,-0.0012311089244349538,
75.95520806312561,-0.0012422260728371382,
76.0053026676178,-0.001240747433675915,
76.05565404891968,-0.0012473516865125212,
76.1057059764862,-0.0012526616269925017,
76.15602326393127,-0.0012560525175907555,
76.20608186721802,-0.001258399935231691,
76.25608444213867,-0.0012689853927972394,
76.30637717247009,-0.0012714084310839757,
76.3566734790802,-0.0012786885723105046,
76.40685749053955,-0.001281822809337252,
76.45678567886353,-0.0012835366985929353,
76.50707983970642,-0.0012848690931647755,
76.55730152130127,-0.0012965015934643387,
76.60728192329407,-0.0013025698097359761,
76.65735340118408,-0.0013062834954309377,
76.70762777328491,-0.0013069325333627257,
76.75772166252136,-0.001312787472960042,
76.80779147148132,-0.0013198645848935264,
76.85786890983582,-0.001324319680054864,
76.90812397003174,-0.0013279074434317528,
76.95828247070312,-0.0013302515811704496,
77.00837349891663,-0.0013330109073256824,
77.05861973762512,-0.0013352350908984456,
77.10888147354126,-0.0013345080760408523,
77.15932178497314,-0.0013252289750636526,
77.20914554595947,-0.0012099775161591997,
77.25923991203308,-0.00118811181227374,
77.3092942237854,-0.0011891647983960363,
77.35969090461731,-0.001187932624460264,
77.40990209579468,-0.0011941052264989316,
77.46008968353271,-0.0012056426441572898,
77.51008486747742,-0.0012039790452841315,
77.5603928565979,-0.0012064856580260575,
77.61051774024963,-0.0012113934365430845,
77.66069602966309,-0.0012224109713904752,
77.71085906028748,-0.0012227463997561139,
77.76100134849548,-0.001231274784595393,
77.81114649772644,-0.0012308011847955713,
77.8612916469574,-0.0012427999078714613,
77.91148138046265,-0.0012427415323330027,
77.9617612361908,-0.0012467299772256912,
78.01160788536072,-0.0012545994808360605,
78.06188344955444,-0.0012625390277016257,
78.11202263832092,-0.001266686755675539,
78.1621241569519,-0.0012731601425505779,
78.21220850944519,-0.0012760477843994922,
78.26228928565979,-0.0012878737576491606,
78.3126118183136,-0.0012969507236729738,
78.36289668083191,-0.001417687711135318,
78.41305136680603,-0.0015511316601700686,
78.46315789222717,-0.0015425093905451215,
78.51301860809326,-0.0014813335147527695,
78.56291794776917,-0.0014172523534242698,
78.61322402954102,-0.0014259648917461232,
78.66358256340027,-0.0014182316812524354,
78.71373510360718,-0.0014307684760271888,
78.7639262676239,-0.0014255410683561287,
78.81403970718384,-0.0014358857699630634,
78.86439323425293,-0.0014383857428229008,
78.9144070148468,-0.0014483898062251366,
78.96465849876404,-0.001452672978861369,
79.0147294998169,-0.0014537520634910206,
79.06483244895935,-0.0014632509504443614,
79.11490440368652,-0.0014660840572034428,
79.16506361961365,-0.0014731132647885503,
79.21523118019104,-0.0014721096290459812,
79.26528716087341,-0.0014781839615211623,
79.31548476219177,-0.0014821581230898273,
79.36564040184021,-0.0014892963516416335,
79.41573667526245,-0.0014958081291857606,
79.46597933769226,-0.001500561326241101,
79.51608657836914,-0.0015004161824716533,
79.56607985496521,-0.0015079849415298163,
79.61616158485413,-0.0015124184572143373,
79.66605043411255,-0.001512890782851939,
79.71635937690735,-0.0015196567983028486,
79.76652431488037,-0.001521967437230265,
79.8168318271637,-0.0015288119743906425,
79.86689329147339,-0.0015323336254657316,
79.91685914993286,-0.001535620812962435,
79.96685481071472,-0.0015351124771770808,
80.01710081100464,-0.0014432188055538142,
80.06741690635681,-0.0013916476029877667,
80.1174852848053,-0.0013921969597820438,
80.1676926612854,-0.0013830864552470956,
80.217933177948,-0.0013904184741195813,
80.2679672241211,-0.001399060130070684,
80.3181540966034,-0.0014011029455876511,
80.36842226982117,-0.0014110360200818572,
80.41850090026855,-0.001411595903167251,
80.46860647201538,-0.0014202941484400267,
80.5190212726593,-0.0014187321373618222,
80.56874132156372,-0.001426124666470796,
80.61895251274109,-0.0014265888780878866,
80.6691665649414,-0.0014343967542182479,
80.71937394142151,-0.0014368639269909944,
80.76954817771912,-0.0014444666590978095,
80.8197922706604,-0.0014498127695373175,
80.86964178085327,-0.0014569691215910452,
80.9199161529541,-0.0014604341184635272,
80.97015523910522,-0.0014661481198445236,
81.02010202407837,-0.0014737858902043044,
81.0703809261322,-0.0014754009400688717,
81.12055802345276,-0.0014804852101164556,
81.17075562477112,-0.0014863764190965467,
81.22087025642395,-0.001491860039237014,
81.27103400230408,-0.0014971509402851857,
81.32121539115906,-0.001504344758956333,
81.3714952468872,-0.0015096335852557985,
81.42161417007446,-0.0015129530993227003,
81.47170972824097,-0.0015205895933083635,
81.5217514038086,-0.0015272895292691713,
81.57182049751282,-0.0015340933767576947,
81.62196660041809,-0.0015930194108359497,
81.6722104549408,-0.0016573613283331623,
81.72234535217285,-0.0016812363518542428,
81.77255249023438,-0.0016714543785295022,
81.82261610031128,-0.0016434356870554945,
81.87300968170166,-0.0016493534044207392,
81.92311787605286,-0.0016524469363106142,
81.97338676452637,-0.001650764662494586,
82.02347803115845,-0.0016578712609613966,
82.0737841129303,-0.0016609880020095336,
82.12357425689697,-0.001667547012726478,
82.17392373085022,-0.0016723634468309712,
82.22404217720032,-0.001678156375544193,
82.27429842948914,-0.0016838370846804507,
82.32447648048401,-0.001688271727905144,
82.37460851669312,-0.001696159424785404,
82.42483496665955,-0.0016971869158537434,
82.47495913505554,-0.0017004900618318164,
82.52500700950623,-0.0017131134232040712,
82.5753345489502,-0.0017137604307593812,
82.62549090385437,-0.0017217693708190818,
82.67563033103943,-0.0017260882136888034,
82.72582054138184,-0.0017337549313218847,
82.77590227127075,-0.0017365219231069151,
82.82604241371155,-0.001740745914052766,
82.8760027885437,-0.0017487951603565866,
82.92600154876709,-0.0017522113746122892,
82.97621011734009,-0.0017542014170611742,
83.02637887001038,-0.0017600454139337085,
83.07664012908936,-0.0017653803925976597,
83.12696194648743,-0.0017699996893337788,
83.17712378501892,-0.0017738840583633175,
83.22733664512634,-0.0017844541338137287,
83.27727365493774,-0.0017844020964791762,
83.3276219367981,-0.00178698281552786,
83.37759184837341,-0.0017826970240893414,
83.42784690856934,-0.0016756935854594923,
83.47811770439148,-0.001606143728278553,
83.52821826934814,-0.001596318775751504,
83.57846236228943,-0.0015883194317609095,
83.62844896316528,-0.0015945494615162148,
83.67859864234924,-0.0016097278616610255,
83.72884726524353,-0.001606082913800544,
83.77893924713135,-0.0016128936111740044,
83.8290684223175,-0.0016210261251350389,
83.87913465499878,-0.0016243476390344624,
83.92939853668213,-0.0016273405489413695,
83.97964644432068,-0.0016362799636145398,
84.02977299690247,-0.0016411130154484477,
84.08004665374756,-0.0016452954548168974,
84.13025522232056,-0.001650050297645811,
84.18039870262146,-0.0016554193662228212,
84.2306456565857,-0.0016612205095646315,
84.28088784217834,-0.0016665248917470121,
84.33113956451416,-0.0016692738604041635,
84.38134574890137,-0.0016770715685401894,
84.43167734146118,-0.001680642228011675,
84.4816837310791,-0.001689344810485216,
84.5317873954773,-0.001695161399732692,
84.58205652236938,-0.0017025471732644015,
84.6323881149292,-0.0017052181738469452,
84.68246150016785,-0.0017196349620184348,
84.73263907432556,-0.0017211257062071939,
84.78284001350403,-0.0017415124301147777,
84.8331093788147,-0.0018601135788159362,
84.88290929794312,-0.0018939899186596332,
84.93319702148438,-0.0018841327572192146,
84.98344254493713,-0.0019105650221480364,
85.03342342376709,-0.0019193884282124873,
85.08378028869629,-0.0019165198977137976,
85.13394618034363,-0.0019251067350837814,
85.18404269218445,-0.001923104694647515,
85.2341456413269,-0.001931281850314881,
85.28441977500916,-0.0019309764475156088,
85.33473587036133,-0.0019403558777210672,
85.38486433029175,-0.0019355069174792905,
85.43502187728882,-0.0019429457777146442,
85.48525643348694,-0.001943742878897592,
85.53532719612122,-0.0019512202535526546,
85.58554601669312,-0.001952138688109506,
85.6357274055481,-0.00195908943923645,
85.68588972091675,-0.0019611629341322323,
85.73594069480896,-0.001969071175573711,
85.78629732131958,-0.0019672452755167824,
85.83640265464783,-0.001967246735049333,
85.88670587539673,-0.001931819577509486,
85.93670916557312,-0.0018155151799575941,
85.98699927330017,-0.001841700893251863,
86.0371561050415,-0.0018379753906346274,
86.08737397193909,-0.001852632705101831,
86.13742136955261,-0.0018496152421954015,
86.18771004676819,-0.0018615814832202981,
86.2378420829773,-0.0018632621891485068,
86.2879626750946,-0.0018700411825083862,
86.33810949325562,-0.0018724651029428108,
86.38818669319153,-0.0018788566712821253,
86.43841004371643,-0.001886862501844444,
86.48861861228943,-0.0018904002351834426,
86.53867053985596,-0.0018956276198591193,
86.5890645980835,-0.0019003865085475136,
86.6390814781189,-0.0019069374367450265,
86.68944787979126,-0.0019088842765794256,
86.73948454856873,-0.0019168152297760477,
86.78964924812317,-0.001918563448613908,
86.83978390693665,-0.001929083767689188,
86.88987326622009,-0.001933290661655429,
86.94000387191772,-0.0019413157981445495,
86.99026226997375,-0.0019433491043846507,
87.04043316841125,-0.0019485353121826976,
87.09064054489136,-0.0019506852826126075,
87.14083290100098,-0.001961216939997845,
87.19099044799805,-0.0019669662653430398,
87.24114871025085,-0.0019650153897134426,
87.29133796691895,-0.001976120277649318,
87.3414249420166,-0.0019781535130578565,
87.39157319068909,-0.0019827776448761436,
87.44192624092102,-0.0019817334118951146,
87.49211096763611,-0.0018737329003684633,
87.54258275032043,-0.001867312859689274,
87.59240531921387,-0.0019836767335105754,
87.64257550239563,-0.001994912049663289,
87.6928198337555,-0.0020192053735045845,
87.74283337593079,-0.0020158440331638494,
87.79305839538574,-0.0020254886685499573,
87.84332418441772,-0.002028742867002553,
87.89348602294922,-0.002041833682956018,
87.94365763664246,-0.002046326798269993,
87.99383234977722,-0.0020503471570638143,
88.04396891593933,-0.002056155677178706,
88.09417223930359,-0.002062323479640915,
88.14443969726562,-0.002066119390566501,
88.19458293914795,-0.0020711660043957747,
88.24485301971436,-0.0020763896008803573,
88.29501080513,-0.002084990697619915,
88.34511470794678,-0.002090797377961029,
88.39528155326843,-0.002094468756130008,
88.44545197486877,-0.0021003953399369446,
88.49572658538818,-0.002102879101297861,
88.54583835601807,-0.0021109895033001314,
88.59597396850586,-0.002117145513120644,
88.64615726470947,-0.0021243581035095827,
88.69615006446838,-0.002127687098842368,
88.74640083312988,-0.002132543288320632,
88.79684925079346,-0.002135335393412763,
88.84684252738953,-0.0021392596625334215,
88.89706778526306,-0.0021452336404760297,
88.94739174842834,-0.0021498865428735137,
88.99748134613037,-0.0021548316303733883,
89.04757881164551,-0.0021545580613061,
89.09796094894409,-0.002042035517231422,
89.14794540405273,-0.00198682309058823,
89.19812679290771,-0.00198885221909495,
89.24817371368408,-0.0019752954985630122,
89.29836511611938,-0.0019949129919025754,
89.34852123260498,-0.001995298992886585,
89.39864468574524,-0.00200147973871595,
89.4489438533783,-0.0020109575323281614,
89.49903011322021,-0.0020155575840668516,
89.54913473129272,-0.0020169629311674875,
89.59942722320557,-0.0020284642190967483,
89.6495270729065,-0.0020362410014461707,
89.69963765144348,-0.002036834415091615,
89.75012731552124,-0.0020436203938291597,
89.80029702186584,-0.002049340862115112,
89.85040950775146,-0.0020540495527567315,
89.9007637500763,-0.0020532472307807637,
89.95099449157715,-0.0020637721036951273,
90.0012035369873,-0.0020684410128923303,
90.05127549171448,-0.0020768131664565814,
90.10150837898254,-0.002080337542769206,
90.15181922912598,-0.0020863777835124497,
90.20206546783447,-0.0020926005387268964,
90.25223350524902,-0.00209680445450533,
90.30237460136414,-0.002102526068198829,
90.3526816368103,-0.0021026619462818363,
90.40279912948608,-0.002112993193311763,
90.45301246643066,-0.0021112619364700436,
90.50312495231628,-0.0021177432534186247,
90.55317664146423,-0.0021183571686375635,
90.60334801673889,-0.0020586653428513735,
90.6534321308136,-0.0020386327720015585,
90.7037525177002,-0.0021445085983635703,
90.75395083427429,-0.0021330854600488114,
90.80395197868347,-0.0021807072562390895,
90.85422086715698,-0.0021773796431113768,
90.90451765060425,-0.00219178551671273,
90.95461511611938,-0.002197279929643081,
91.00494766235352,-0.0022033498996451018,
91.05515027046204,-0.0022128242764970496,
91.10528373718262,-0.0022182963756547935,
91.15556001663208,-0.002226509417197209,
91.2056176662445,-0.002230631812466466,
91.25574374198914,-0.0022368300193343904,
91.30595326423645,-0.0022406156210391104,
91.35627865791321,-0.0022464831215299186,
91.40634059906006,-0.0022510936931373626,
91.45666217803955,-0.0022622009852135694,
91.5065929889679,-0.0022609141904557095,
91.5567216873169,-0.0022721593922209737,
91.60700345039368,-0.002276039352400394,
91.65717434883118,-0.0022819296332140526,
91.70729541778564,-0.002283673007156317,
91.75744009017944,-0.002294856405529455,
91.80764269828796,-0.0022980000594973182,
91.85783386230469,-0.002302290026108489,
91.90793538093567,-0.002305512606650073,
91.95823621749878,-0.00230996727009275,
92.00848460197449,-0.0023170694614434995,
92.05861592292786,-0.002323685039561152,
92.10888385772705,-0.0023244367760546503,
92.15917348861694,-0.002326087818923628,
92.20928430557251,-0.0023268986433402916,
92.25940680503845,-0.0022339612368322825,
92.30955338478088,-0.002162296520406004,
92.35980463027954,-0.0021672169628270677,
92.41005825996399,-0.0021549528280156993,
92.4601218700409,-0.0021697339126082182,
92.51014065742493,-0.0021730466255496794,
92.56027698516846,-0.0021808900909344175,
92.61044001579285,-0.0021898487730386273,
92.66065049171448,-0.002197840401470641,
92.71095585823059,-0.0022007543695355958,
92.76101493835449,-0.002202658361623755,
92.81125330924988,-0.0022127892953285877,
92.8612790107727,-0.0022118848130214808,
92.91164898872375,-0.002220249305993127,
92.96200561523438,-0.002224645194240482,
93.0118134021759,-0.0022369917514009074,
93.06203317642212,-0.0022360216681648892,
93.11230826377869,-0.002245592592931167,
93.16242837905884,-0.0022497962711504615,
93.2127194404602,-0.0022552873019940356,
93.2627899646759,-0.0022580826211611726,
93.31311011314392,-0.0022633049284539464,
93.36331582069397,-0.002268256137599345,
93.41354942321777,-0.0022757179753479795,
93.46356081962585,-0.002283229186534841,
93.51373076438904,-0.002286623674520205,
93.5638997554779,-0.0022908992422779884,
93.6141345500946,-0.0022957715248583255,
93.6642153263092,-0.0022846732380482626,
93.71463203430176,-0.0022066020923319773,
93.76469874382019,-0.0023385031057359673,
93.81482696533203,-0.00235742793184357,
93.86502122879028,-0.0023651452089475944,
93.91516351699829,-0.002371937978840666,
93.96553206443787,-0.0023856730331629494,
94.0155246257782,-0.002385219409447137,
94.06551957130432,-0.0023939794097918576,
94.11598610877991,-0.0023978512259588136,
94.16618537902832,-0.0024085761566192687,
94.21630144119263,-0.0024120103203896792,
94.26645088195801,-0.0024165716998713616,
94.31668329238892,-0.0024193916445320873,
94.36686205863953,-0.002429343866326761,
94.41699767112732,-0.0024354965789367133,
94.46714401245117,-0.002438305219746084,
94.51722645759583,-0.0024467891180423584,
94.56732416152954,-0.0024541422073831587,
94.61753392219543,-0.0024610415093641036,
94.6678147315979,-0.0024669998212983324,
94.71799755096436,-0.002471769839729354,
94.7680778503418,-0.002478922078641199,
94.81825351715088,-0.002479506370933804,
94.86837601661682,-0.0024910503332515876,
94.91860151290894,-0.002498515875896168,
94.96867060661316,-0.002504751158275642,
95.01879572868347,-0.002508190321990178,
95.06896209716797,-0.002516500370675523,
95.11931824684143,-0.0025176865557110517,
95.1694827079773,-0.0025256561966426894,
95.21970438957214,-0.002532650644277601,
95.26978206634521,-0.002534077782737676,
95.32009148597717,-0.002500966756344536,
95.37021040916443,-0.002352367832361757,
95.42042541503906,-0.002369922933715296,
95.47058200836182,-0.002365922208494853,
95.52068042755127,-0.0023819151885362544,
95.57078814506531,-0.002377694861854851,
95.62105298042297,-0.002385655486890126,
95.6711368560791,-0.0023949717096133916,
95.72122526168823,-0.0024011614704524398,
95.77132105827332,-0.002406056709778559,
95.82147598266602,-0.0024150977154657194,
95.87256240844727,-0.0024192821551367594,
95.92179775238037,-0.0024232948452534986,
95.9719386100769,-0.0024312031540866808,
96.02209329605103,-0.002436650454811229,
96.07224535942078,-0.0024460544636881743,
96.12240505218506,-0.002457154112831872,
96.17255091667175,-0.0024611223485599965,
96.22298884391785,-0.0024644374835655625,
96.27284622192383,-0.0024758834727247603,
96.32304072380066,-0.0024814310231848213,
96.37317252159119,-0.0025000035508184193,
96.42333984375,-0.002657242784468661,
96.47345876693726,-0.0027135947146537664,
96.52361798286438,-0.0026513461796500715,
96.57372641563416,-0.002614547390682509,
96.62388181686401,-0.002624639372813653,
96.67405438423157,-0.0026134790724499646,
96.72422623634338,-0.0026356285072902663,
96.77434992790222,-0.002634267462090556,
96.8245153427124,-0.0026371535484371322,
96.87466073036194,-0.0026421630404800944,
96.92482733726501,-0.0026485964505600923,
96.97498035430908,-0.0026551693981566316,
97.02513599395752,-0.00265730739728387,
97.07530951499939,-0.0026667322107187252,
97.12544417381287,-0.002673305994433328,
97.17562198638916,-0.0026823023014891922,
97.2257354259491,-0.002686386751239056,
97.27589678764343,-0.0026916900920421205,
97.32626485824585,-0.0026973721278271134,
97.37620711326599,-0.0026982004189132214,
97.42635297775269,-0.0027061228137817417,
97.47649025917053,-0.002710963270798672,
97.52658343315125,-0.0027214065086139105,
97.57683300971985,-0.0027249502449899765,
97.62696838378906,-0.0027396186622746788,
97.67712879180908,-0.0027376248784916624,
97.72728729248047,-0.0027410120808198934,
97.77742266654968,-0.0027459951934535876,
97.8275797367096,-0.002752252477806638,
97.8777117729187,-0.0027583183343121154,
97.92780947685242,-0.0027571712444960927,
97.97795867919922,-0.0027577749252742922,
98.02792930603027,-0.00263519252905392,
98.07822370529175,-0.002619711290776816,
98.12844896316528,-0.002614490731318919,
98.17868852615356,-0.002604495988587141,
98.2288646697998,-0.0026065533656819406,
98.27910304069519,-0.00261938660894806,
98.32909154891968,-0.0026150176999600316,
98.37952446937561,-0.0026238396412033294,
98.42959833145142,-0.002622696805274105,
98.47967267036438,-0.002631718466445443,
98.529958486557,-0.002630257968946559,
98.58013272285461,-0.002637347864290429,
98.6303596496582,-0.0026418657612752305,
98.68045353889465,-0.0026464737631980984,
98.73072791099548,-0.002649513902316547,
98.78082132339478,-0.0026535186376712705,
98.83104848861694,-0.0026577266762821683,
98.88120365142822,-0.002657014837665006,
98.93141078948975,-0.002661216111369824,
98.98160719871521,-0.0026625427929816703,
99.03167152404785,-0.002664800302179693,
99.08202362060547,-0.0026683055840234227,
99.13214063644409,-0.0026780662277090528,
99.18243074417114,-0.0026784084865533186,
99.232577085495,-0.0026862611727678787,
99.28266644477844,-0.002738902970402357,
99.33288908004761,-0.002812359743763315,
99.3830349445343,-0.0027914775915134915,
99.43326044082642,-0.0028004312146662214,
99.48338294029236,-0.0028096769951919676,
99.5334312915802,-0.002805681003806848,
99.58358907699585,-0.002805832130901742,
99.63369584083557,-0.002813478738660391,
99.68399906158447,-0.002814999441595467,
99.73402571678162,-0.0028104834706537685,
99.78416919708252,-0.0028120639852944884,
99.83431720733643,-0.0028133255478439145,
99.88446998596191,-0.0028142679139911975,
99.93476605415344,-0.002811613735282048,
99.98496842384338,-0.0028099559514734307,
100.03505539894104,-0.002810078078721745,
100.08520245552063,-0.0028126492529931824,
100.13559579849243,-0.0028189463359269973,
100.18570613861084,-0.0028200047285794616,
100.23599529266357,-0.0028166597278450056,
100.28607630729675,-0.0028152364301415878,
100.33641386032104,-0.0028071636014768697,
101.33727955818176,-0.0026710679138005067,1
101.33751940727234,-0.0026710679138005067,2
